#include "../profile_data.h"
#if !PROFILE_PRIVATE
#include "profile_pic.h"

// Placeholder - see profile_data.h.
const uint8_t profile_pic_map[] = {
    0x7a, 0xce, 0xff, 0x7a, 0xce, 0xff, 0x7a, 0xce, 0xff, 0x7a, 0xce, 0xff, 0x7a, 0xce, 0xff, 0x7a,
    0xce, 0xff, 0x7a, 0xce, 0xff, 0x7a, 0xce, 0xff, 0x7a, 0xce, 0xff, 0x7a, 0xce, 0xff, 0x7a, 0xce,
    0xff, 0x7a, 0xce, 0xff, 0x7a, 0xce, 0xff, 0x7a, 0xce, 0xff, 0x7a, 0xce, 0xff, 0x7a, 0xce, 0xff,
    0x7a, 0xce, 0xff, 0x7a, 0xce, 0xff, 0x7a, 0xce, 0xff, 0x7a, 0xce, 0xff, 0x7a, 0xce, 0xff, 0x7a,
    0xce, 0xff, 0x7a, 0xce, 0xff, 0x7a, 0xce, 0xff, 0x7a, 0xce, 0xff, 0x7a, 0xce, 0xff, 0x7a, 0xce,
    0xff, 0x7a, 0xce, 0xff, 0x7a, 0xce, 0xff, 0x7a, 0xce, 0xff, 0x7a, 0xce, 0xff, 0x7a, 0xce, 0xff,
    0x7a, 0xce, 0xff, 0x7a, 0xce, 0xff, 0x7a, 0xce, 0xff, 0x7a, 0xce, 0xff, 0x7a, 0xce, 0xff, 0x7a,
    0xce, 0xff, 0x7a, 0xce, 0xff, 0x7a, 0xce, 0xff, 0x7a, 0xce, 0xff, 0x7a, 0xce, 0xff, 0x7a, 0xce,
    0xff, 0x7a, 0xce, 0xff, 0x7a, 0xce, 0xff, 0x7a, 0xce, 0xff, 0x7a, 0xce, 0xff, 0x7a, 0xce, 0xff,
    0x7a, 0xce, 0xff, 0x7a, 0xce, 0xff, 0x7a, 0xce, 0xff, 0x7a, 0xce, 0xff, 0x7a, 0xce, 0xff, 0x7a,
    0xce, 0xff, 0x7a, 0xce, 0xff, 0x7a, 0xce, 0xff, 0x7a, 0xce, 0xff, 0x7a, 0xce, 0xff, 0x7a, 0xce,
    0xff, 0x7a, 0xce, 0xff, 0x7a, 0xce, 0xff, 0x7a, 0xce, 0xff, 0x7a, 0xce, 0xff, 0x7a, 0xce, 0xff,
    0x7a, 0xce, 0xff, 0x7a, 0xce, 0xff, 0x7a, 0xce, 0xff, 0x7a, 0xce, 0xff, 0x7a, 0xce, 0xff, 0x7a,
    0xce, 0xff, 0x7a, 0xce, 0xff, 0x7a, 0xce, 0xff, 0x7a, 0xce, 0xff, 0x7a, 0xce, 0xff, 0x7a, 0xce,
    0xff, 0x7a, 0xce, 0xff, 0x7a, 0xce, 0xff, 0x7a, 0xce, 0xff, 0x7a, 0xce, 0xff, 0x7a, 0xce, 0xff,
    0x7a, 0xce, 0xff, 0x7a, 0xce, 0xff, 0x7a, 0xce, 0xff, 0x7a, 0xce, 0xff, 0x7a, 0xce, 0xff, 0x7a,
    0xce, 0xff, 0x7a, 0xce, 0xff, 0x7a, 0xce, 0xff, 0x7a, 0xce, 0xff, 0x7a, 0xce, 0xff, 0x7a, 0xce,
    0xff, 0x7a, 0xce, 0xff, 0x7a, 0xce, 0xff, 0x7a, 0xce, 0xff, 0x7a, 0xce, 0xff, 0x7a, 0xce, 0xff,
    0x7a, 0xce, 0xff, 0x7a, 0xce, 0xff, 0x7a, 0xce, 0xff, 0x7a, 0xce, 0xff, 0x7a, 0xce, 0xff, 0x7a,
    0xce, 0xff, 0x7a, 0xce, 0xff, 0x7a, 0xce, 0xff, 0x7a, 0xce, 0xff, 0x7a, 0xce, 0xff, 0x7a, 0xce,
    0xff, 0x7a, 0xce, 0xff, 0x7a, 0xce, 0xff, 0x7a, 0xce, 0xff, 0x7a, 0xce, 0xff, 0x7a, 0xce, 0xff,
    0x7a, 0xce, 0xff, 0x7a, 0xce, 0xff, 0x7a, 0xce, 0xff, 0x7a, 0xce, 0xff, 0x7a, 0xce, 0xff, 0x7a,
    0xce, 0xff, 0x7a, 0xce, 0xff, 0x7a, 0xce, 0xff, 0x7a, 0xce, 0xff, 0x7a, 0xce, 0xff, 0x7a, 0xce,
    0xff, 0x7a, 0xce, 0xff, 0x7a, 0xce, 0xff, 0x7a, 0xce, 0xff, 0x7a, 0xce, 0xff, 0x7a, 0xce, 0xff,
    0x7a, 0xce, 0xff, 0x7a, 0xce, 0xff, 0x7a, 0xce, 0xff, 0x7a, 0xce, 0xff, 0x7a, 0xce, 0xff, 0x7a,
    0xce, 0xff, 0x7a, 0xce, 0xff, 0x7a, 0xce, 0xff, 0x7a, 0xce, 0xff, 0x7a, 0xce, 0xff, 0x7a, 0xce,
    0xff, 0x7a, 0xce, 0xff, 0x7a, 0xce, 0xff, 0x7a, 0xce, 0xff, 0x7a, 0xce, 0xff, 0x7a, 0xce, 0xff,
    0x7a, 0xce, 0xff, 0x7a, 0xce, 0xff, 0x7a, 0xce, 0xff, 0x7a, 0xce, 0xff, 0x7a, 0xce, 0xff, 0x7a,
    0xce, 0xff, 0x7a, 0xce, 0xff, 0x7a, 0xce, 0xff, 0x7a, 0xce, 0xff, 0x7a, 0xce, 0xff, 0x7a, 0xce,
    0xff, 0x7a, 0xce, 0xff, 0x7a, 0xce, 0xff, 0x7a, 0xce, 0xff, 0x7a, 0xce, 0xff, 0x7a, 0xce, 0xff,
    0x7a, 0xce, 0xff, 0x7a, 0xce, 0xff, 0x7a, 0xce, 0xff, 0x7a, 0xce, 0xff, 0x7a, 0xce, 0xff, 0x7a,
    0xce, 0xff, 0x7a, 0xce, 0xff, 0x7a, 0xce, 0xff, 0x7a, 0xce, 0xff, 0x7a, 0xce, 0xff, 0x7a, 0xce,
    0xff, 0x7a, 0xce, 0xff, 0x7a, 0xce, 0xff, 0x7a, 0xce, 0xff, 0x7a, 0xce, 0xff, 0x7a, 0xce, 0xff,
    0x7a, 0xce, 0xff, 0x7a, 0xce, 0xff, 0x7a, 0xce, 0xff, 0x7a, 0xce, 0xff, 0x7a, 0xce, 0xff, 0x7a,
    0xce, 0xff, 0x7a, 0xce, 0xff, 0x7a, 0xce, 0xff, 0x7a, 0xce, 0xff, 0x7a, 0xce, 0xff, 0x7a, 0xce,
    0xff, 0x7a, 0xce, 0xff, 0x7a, 0xce, 0xff, 0x7a, 0xce, 0xff, 0x7a, 0xce, 0xff, 0x7a, 0xce, 0xff,
    0x7a, 0xce, 0xff, 0x7a, 0xce, 0xff, 0x7a, 0xce, 0xff, 0x7a, 0xce, 0xff, 0x7a, 0xce, 0xff, 0x7a,
    0xce, 0xff, 0x7a, 0xce, 0xff, 0x7a, 0xce, 0xff, 0x7a, 0xce, 0xff, 0x7a, 0xce, 0xff, 0x7a, 0xce,
    0xff, 0x7a, 0xce, 0xff, 0x7a, 0xce, 0xff, 0x7a, 0xce, 0xff, 0x7a, 0xce, 0xff, 0x7a, 0xce, 0xff,
    0x7a, 0xce, 0xff, 0x7a, 0xce, 0xff, 0x7a, 0xce, 0xff, 0x7a, 0xce, 0xff, 0x7a, 0xce, 0xff, 0x7a,
    0xce, 0xff, 0x7a, 0xce, 0xff, 0x7a, 0xce, 0xff, 0x7a, 0xce, 0xff, 0x7a, 0xce, 0xff, 0x7a, 0xce,
    0xff, 0x7a, 0xce, 0xff, 0x7a, 0xce, 0xff, 0x7a, 0xce, 0xff, 0x7a, 0xce, 0xff, 0x7a, 0xce, 0xff,
    0x7a, 0xce, 0xff, 0x7a, 0xce, 0xff, 0x7a, 0xce, 0xff, 0x7a, 0xce, 0xff, 0x7a, 0xce, 0xff, 0x7a,
    0xce, 0xff, 0x7a, 0xce, 0xff, 0x7a, 0xce, 0xff, 0x7a, 0xce, 0xff, 0x7a, 0xce, 0xff, 0x7a, 0xce,
    0xff, 0x7a, 0xce, 0xff, 0x7a, 0xce, 0xff, 0x7a, 0xce, 0xff, 0x7a, 0xce, 0xff, 0x7a, 0xce, 0xff,
    0x7a, 0xce, 0xff, 0x7a, 0xce, 0xff, 0x7a, 0xce, 0xff, 0x7a, 0xce, 0xff, 0x7a, 0xce, 0xff, 0x7a,
    0xce, 0xff, 0x7a, 0xce, 0xff, 0x7a, 0xce, 0xff, 0x7a, 0xce, 0xff, 0x7a, 0xce, 0xff, 0x7a, 0xce,
    0xff, 0x7a, 0xce, 0xff, 0x7a, 0xce, 0xff, 0x7a, 0xce, 0xff, 0x7a, 0xce, 0xff, 0x7a, 0xce, 0xff,
    0x7a, 0xce, 0xff, 0x7a, 0xce, 0xff, 0x7a, 0xce, 0xff, 0x7a, 0xce, 0xff, 0x7a, 0xce, 0xff, 0x7a,
    0xce, 0xff, 0x7a, 0xce, 0xff, 0x7a, 0xce, 0xff, 0x7a, 0xce, 0xff, 0x7a, 0xce, 0xff, 0x7a, 0xce,
    0xff, 0x7a, 0xce, 0xff, 0x7a, 0xce, 0xff, 0x7a, 0xce, 0xff, 0x7a, 0xce, 0xff, 0x7a, 0xce, 0xff,
    0x7a, 0xce, 0xff, 0x7a, 0xce, 0xff, 0x7a, 0xce, 0xff, 0x7a, 0xce, 0xff, 0x7a, 0xce, 0xff, 0x7a,
    0xce, 0xff, 0x7a, 0xce, 0xff, 0x7a, 0xce, 0xff, 0x7a, 0xce, 0xff, 0x7a, 0xce, 0xff, 0x7a, 0xce,
    0xff, 0x7a, 0xce, 0xff, 0x7a, 0xce, 0xff, 0x7a, 0xce, 0xff, 0x7a, 0xce, 0xff, 0x7a, 0xce, 0xff,
    0x7a, 0xce, 0xff, 0x7a, 0xce, 0xff, 0x7a, 0xce, 0xff, 0x7a, 0xce, 0xff, 0x7a, 0xce, 0xff, 0x7a,
    0xce, 0xff, 0x7a, 0xce, 0xff, 0x7a, 0xce, 0xff, 0x7a, 0xce, 0xff, 0x7a, 0xce, 0xff, 0x7a, 0xce,
    0xff, 0x7a, 0xce, 0xff, 0x7a, 0xce, 0xff, 0x7a, 0xce, 0xff, 0x7a, 0xce, 0xff, 0x7a, 0xce, 0xff,
    0x7a, 0xce, 0xff, 0x7a, 0xce, 0xff, 0x7a, 0xce, 0xff, 0x7a, 0xce, 0xff, 0x7a, 0xce, 0xff, 0x7a,
    0xce, 0xff, 0x7a, 0xce, 0xff, 0x7a, 0xce, 0xff, 0x7a, 0xce, 0xff, 0x7a, 0xce, 0xff, 0x7a, 0xce,
    0xff, 0x7a, 0xce, 0xff, 0x7a, 0xce, 0xff, 0x7a, 0xce, 0xff, 0x7a, 0xce, 0xff, 0x7a, 0xce, 0xff,
    0x7a, 0xce, 0xff, 0x7a, 0xce, 0xff, 0x7a, 0xce, 0xff, 0x7a, 0xce, 0xff, 0x7a, 0xce, 0xff, 0x7a,
    0xce, 0xff, 0x7a, 0xce, 0xff, 0x7a, 0xce, 0xff, 0x7a, 0xce, 0xff, 0x7a, 0xce, 0xff, 0x7a, 0xce,
    0xff, 0x7a, 0xce, 0xff, 0x7a, 0xce, 0xff, 0x7a, 0xce, 0xff, 0x7a, 0xce, 0xff, 0x7a, 0xce, 0xff,
    0x7a, 0xce, 0xff, 0x7a, 0xce, 0xff, 0x7a, 0xce, 0xff, 0x7a, 0xce, 0xff, 0x7a, 0xce, 0xff, 0x7a,
    0xce, 0xff, 0x7a, 0xce, 0xff, 0x7a, 0xce, 0xff, 0x7a, 0xce, 0xff, 0x7a, 0xce, 0xff, 0x7a, 0xce,
    0xff, 0x7a, 0xce, 0xff, 0x7a, 0xce, 0xff, 0x7a, 0xce, 0xff, 0x7a, 0xce, 0xff, 0x7a, 0xce, 0xff,
    0x7a, 0xce, 0xff, 0x7a, 0xce, 0xff, 0x7a, 0xce, 0xff, 0x7a, 0xce, 0xff, 0x7a, 0xce, 0xff, 0x7a,
    0xce, 0xff, 0x7a, 0xce, 0xff, 0x7a, 0xce, 0xff, 0x7a, 0xce, 0xff, 0x7a, 0xce, 0xff, 0x7a, 0xce,
    0xff, 0x7a, 0xce, 0xff, 0x7a, 0xce, 0xff, 0x7a, 0xce, 0xff, 0x7a, 0xce, 0xff, 0x7a, 0xce, 0xff,
    0x7a, 0xce, 0xff, 0x7a, 0xce, 0xff, 0x7a, 0xce, 0xff, 0x7a, 0xce, 0xff, 0x7a, 0xce, 0xff, 0x7a,
    0xce, 0xff, 0x7a, 0xce, 0xff, 0x7a, 0xce, 0xff, 0x7a, 0xce, 0xff, 0x7a, 0xce, 0xff, 0x7a, 0xce,
    0xff, 0x7a, 0xce, 0xff, 0x7a, 0xce, 0xff, 0x7a, 0xce, 0xff, 0x7a, 0xce, 0xff, 0x7a, 0xce, 0xff,
    0x7a, 0xce, 0xff, 0x7a, 0xce, 0xff, 0x7a, 0xce, 0xff, 0x7a, 0xce, 0xff, 0x7a, 0xce, 0xff, 0x7a,
    0xce, 0xff, 0x7a, 0xce, 0xff, 0x7a, 0xce, 0xff, 0x7a, 0xce, 0xff, 0x7a, 0xce, 0xff, 0x7a, 0xce,
    0xff, 0x7a, 0xce, 0xff, 0x7a, 0xce, 0xff, 0x7a, 0xce, 0xff, 0x7a, 0xce, 0xff, 0x7a, 0xce, 0xff,
    0x7a, 0xce, 0xff, 0x7a, 0xce, 0xff, 0x7a, 0xce, 0xff, 0x7a, 0xce, 0xff, 0x7a, 0xce, 0xff, 0x7a,
    0xce, 0xff, 0x7a, 0xce, 0xff, 0x7a, 0xce, 0xff, 0x7a, 0xce, 0xff, 0x7a, 0xce, 0xff, 0x7a, 0xce,
    0xff, 0x7a, 0xce, 0xff, 0x7a, 0xce, 0xff, 0x7a, 0xce, 0xff, 0x7a, 0xce, 0xff, 0x7a, 0xce, 0xff,
    0x7a, 0xce, 0xff, 0x7a, 0xce, 0xff, 0x7a, 0xce, 0xff, 0x7a, 0xce, 0xff, 0x7a, 0xce, 0xff, 0x7a,
    0xce, 0xff, 0x7a, 0xce, 0xff, 0x7a, 0xce, 0xff, 0x7a, 0xce, 0xff, 0x7a, 0xce, 0xff, 0x7a, 0xce,
    0xff, 0x7a, 0xce, 0xff, 0x7a, 0xce, 0xff, 0x7a, 0xce, 0xff, 0x7a, 0xce, 0xff, 0x7a, 0xce, 0xff,
    0x7a, 0xce, 0xff, 0x7a, 0xce, 0xff, 0x7a, 0xce, 0xff, 0x7a, 0xce, 0xff, 0x7a, 0xce, 0xff, 0x7a,
    0xce, 0xff, 0x7a, 0xce, 0xff, 0x7a, 0xce, 0xff, 0x7a, 0xce, 0xff, 0x7a, 0xce, 0xff, 0x7a, 0xce,
    0xff, 0x7a, 0xce, 0xff, 0x7a, 0xce, 0xff, 0x7a, 0xce, 0xff, 0x7a, 0xce, 0xff, 0x7a, 0xce, 0xff,
    0x7a, 0xce, 0xff, 0x7a, 0xce, 0xff, 0x7a, 0xce, 0xff, 0x7a, 0xce, 0xff, 0x7a, 0xce, 0xff, 0x7a,
    0xce, 0xff, 0x7a, 0xce, 0xff, 0x7a, 0xce, 0xff, 0x7a, 0xce, 0xff, 0x7a, 0xce, 0xff, 0x7a, 0xce,
    0xff, 0x7a, 0xce, 0xff, 0x7a, 0xce, 0xff, 0x7a, 0xce, 0xff, 0x7a, 0xce, 0xff, 0x7a, 0xce, 0xff,
    0x7a, 0xce, 0xff, 0x7a, 0xce, 0xff, 0x7a, 0xce, 0xff, 0x7a, 0xce, 0xff, 0x7a, 0xce, 0xff, 0x7a,
    0xce, 0xff, 0x7a, 0xce, 0xff, 0x7a, 0xce, 0xff, 0x7a, 0xce, 0xff, 0x7a, 0xce, 0xff, 0x7a, 0xce,
    0xff, 0x7a, 0xce, 0xff, 0x7a, 0xce, 0xff, 0x7a, 0xce, 0xff, 0x7a, 0xce, 0xff, 0x7a, 0xce, 0xff,
    0x7a, 0xce, 0xff, 0x7a, 0xce, 0xff, 0x7a, 0xce, 0xff, 0x7a, 0xce, 0xff, 0x7a, 0xce, 0xff, 0x7a,
    0xce, 0xff, 0x7a, 0xce, 0xff, 0x7a, 0xce, 0xff, 0x7a, 0xce, 0xff, 0x7a, 0xce, 0xff, 0x7a, 0xce,
    0xff, 0x7a, 0xce, 0xff, 0x7a, 0xce, 0xff, 0x7a, 0xce, 0xff, 0x7a, 0xce, 0xff, 0x7a, 0xce, 0xff,
    0x7a, 0xce, 0xff, 0x7a, 0xce, 0xff, 0x7a, 0xce, 0xff, 0x7a, 0xce, 0xff, 0x7a, 0xce, 0xff, 0x7a,
    0xce, 0xff, 0x7a, 0xce, 0xff, 0x7a, 0xce, 0xff, 0x7a, 0xce, 0xff, 0x7a, 0xce, 0xff, 0x7a, 0xce,
    0xff, 0x7a, 0xce, 0xff, 0x7a, 0xce, 0xff, 0x7a, 0xce, 0xff, 0x7a, 0xce, 0xff, 0x7a, 0xce, 0xff,
    0x7a, 0xce, 0xff, 0x7a, 0xce, 0xff, 0x7a, 0xce, 0xff, 0x7a, 0xce, 0xff, 0x7a, 0xce, 0xff, 0x7a,
    0xce, 0xff, 0x7a, 0xce, 0xff, 0x7a, 0xce, 0xff, 0x7a, 0xce, 0xff, 0x7a, 0xce, 0xff, 0x7a, 0xce,
    0xff, 0x7a, 0xce, 0xff, 0x7a, 0xce, 0xff, 0x7a, 0xce, 0xff, 0x7a, 0xce, 0xff, 0x7a, 0xce, 0xff,
    0x7a, 0xce, 0xff, 0x7a, 0xce, 0xff, 0x7a, 0xce, 0xff, 0x7a, 0xce, 0xff, 0x7a, 0xce, 0xff, 0x7a,
    0xce, 0xff, 0x7a, 0xce, 0xff, 0x7a, 0xce, 0xff, 0x7a, 0xce, 0xff, 0x7a, 0xce, 0xff, 0x7a, 0xce,
    0xff, 0x7a, 0xce, 0xff, 0x7a, 0xce, 0xff, 0x7a, 0xce, 0xff, 0x7a, 0xce, 0xff, 0x7a, 0xce, 0xff,
    0x7a, 0xce, 0xff, 0x7a, 0xce, 0xff, 0x7a, 0xce, 0xff, 0x7a, 0xce, 0xff, 0x7a, 0xce, 0xff, 0x7a,
    0xce, 0xff, 0x7a, 0xce, 0xff, 0x7a, 0xce, 0xff, 0x7a, 0xce, 0xff, 0x7a, 0xce, 0xff, 0x7a, 0xce,
    0xff, 0x7a, 0xce, 0xff, 0x7a, 0xce, 0xff, 0x7a, 0xce, 0xff, 0x7a, 0xce, 0xff, 0x7a, 0xce, 0xff,
    0x7a, 0xce, 0xff, 0x7a, 0xce, 0xff, 0x7a, 0xce, 0xff, 0x7a, 0xce, 0xff, 0x7a, 0xce, 0xff, 0x7a,
    0xce, 0xff, 0x7a, 0xce, 0xff, 0x7a, 0xce, 0xff, 0x7a, 0xce, 0xff, 0x7a, 0xce, 0xff, 0x7a, 0xce,
    0xff, 0x7a, 0xce, 0xff, 0x7a, 0xce, 0xff, 0x7a, 0xce, 0xff, 0x7a, 0xce, 0xff, 0x7a, 0xce, 0xff,
    0x7a, 0xce, 0xff, 0x7a, 0xce, 0xff, 0x7a, 0xce, 0xff, 0x7a, 0xce, 0xff, 0x7a, 0xce, 0xff, 0x7a,
    0xce, 0xff, 0x7a, 0xce, 0xff, 0x7a, 0xce, 0xff, 0x7a, 0xce, 0xff, 0x7a, 0xce, 0xff, 0x7a, 0xce,
    0xff, 0x7a, 0xce, 0xff, 0x7a, 0xce, 0xff, 0x7a, 0xce, 0xff, 0x7a, 0xce, 0xff, 0x7a, 0xce, 0xff,
    0x7a, 0xce, 0xff, 0x7a, 0xce, 0xff, 0x7a, 0xce, 0xff, 0x7a, 0xce, 0xff, 0x7a, 0xce, 0xff, 0x7a,
    0xce, 0xff, 0x7a, 0xce, 0xff, 0x7a, 0xce, 0xff, 0x7a, 0xce, 0xff, 0x7a, 0xce, 0xff, 0x7a, 0xce,
    0xff, 0x7a, 0xce, 0xff, 0x7a, 0xce, 0xff, 0x7a, 0xce, 0xff, 0x7a, 0xce, 0xff, 0x7a, 0xce, 0xff,
    0x7a, 0xce, 0xff, 0x7a, 0xce, 0xff, 0x7a, 0xce, 0xff, 0x7a, 0xce, 0xff, 0x7a, 0xce, 0xff, 0x7a,
    0xce, 0xff, 0x7a, 0xce, 0xff, 0x7a, 0xce, 0xff, 0x7a, 0xce, 0xff, 0x7a, 0xce, 0xff, 0x7a, 0xce,
    0xff, 0x7a, 0xce, 0xff, 0x7a, 0xce, 0xff, 0x7a, 0xce, 0xff, 0x7a, 0xce, 0xff, 0x7a, 0xce, 0xff,
    0x7a, 0xce, 0xff, 0x7a, 0xce, 0xff, 0x7a, 0xce, 0xff, 0x7a, 0xce, 0xff, 0x7a, 0xce, 0xff, 0x7a,
    0xce, 0xff, 0x7a, 0xce, 0xff, 0x7a, 0xce, 0xff, 0x7a, 0xce, 0xff, 0x7a, 0xce, 0xff, 0x7a, 0xce,
    0xff, 0x7a, 0xce, 0xff, 0x7a, 0xce, 0xff, 0x7a, 0xce, 0xff, 0x7a, 0xce, 0xff, 0x7a, 0xce, 0xff,
    0x7a, 0xce, 0xff, 0x7a, 0xce, 0xff, 0x7a, 0xce, 0xff, 0x7a, 0xce, 0xff, 0x7a, 0xce, 0xff, 0x7a,
    0xce, 0xff, 0x7a, 0xce, 0xff, 0x7a, 0xce, 0xff, 0x7a, 0xce, 0xff, 0x7a, 0xce, 0xff, 0x7a, 0xce,
    0xff, 0x7a, 0xce, 0xff, 0x7a, 0xce, 0xff, 0x7a, 0xce, 0xff, 0x7a, 0xce, 0xff, 0x7a, 0xce, 0xff,
    0x7a, 0xce, 0xff, 0x7a, 0xce, 0xff, 0x7a, 0xce, 0xff, 0x7a, 0xce, 0xff, 0x7a, 0xce, 0xff, 0x7a,
    0xce, 0xff, 0x7a, 0xce, 0xff, 0x7a, 0xce, 0xff, 0x7a, 0xce, 0xff, 0x7a, 0xce, 0xff, 0x7a, 0xce,
    0xff, 0x7a, 0xce, 0xff, 0x7a, 0xce, 0xff, 0x7a, 0xce, 0xff, 0x7a, 0xce, 0xff, 0x7a, 0xce, 0xff,
    0x7a, 0xce, 0xff, 0x7a, 0xce, 0xff, 0x7a, 0xce, 0xff, 0x7a, 0xce, 0xff, 0x7a, 0xce, 0xff, 0x7a,
    0xce, 0xff, 0x7a, 0xce, 0xff, 0x7a, 0xce, 0xff, 0x7a, 0xce, 0xff, 0x7a, 0xce, 0xff, 0x7a, 0xce,
    0xff, 0x7a, 0xce, 0xff, 0x7a, 0xce, 0xff, 0x7a, 0xce, 0xff, 0x7a, 0xce, 0xff, 0x7a, 0xce, 0xff,
    0x7a, 0xce, 0xff, 0x7a, 0xce, 0xff, 0x7a, 0xce, 0xff, 0x7a, 0xce, 0xff, 0x7a, 0xce, 0xff, 0x7a,
    0xce, 0xff, 0x7a, 0xce, 0xff, 0x7a, 0xce, 0xff, 0x7a, 0xce, 0xff, 0x7a, 0xce, 0xff, 0x7a, 0xce,
    0xff, 0x7a, 0xce, 0xff, 0x7a, 0xce, 0xff, 0x7a, 0xce, 0xff, 0x7a, 0xce, 0xff, 0x7a, 0xce, 0xff,
    0x7a, 0xce, 0xff, 0x7a, 0xce, 0xff, 0x7a, 0xce, 0xff, 0x7a, 0xce, 0xff, 0x7a, 0xce, 0xff, 0x7a,
    0xce, 0xff, 0x7a, 0xce, 0xff, 0x7a, 0xce, 0xff, 0x7a, 0xce, 0xff, 0x7a, 0xce, 0xff, 0x7a, 0xce,
    0xff, 0x7a, 0xce, 0xff, 0x7a, 0xce, 0xff, 0x7a, 0xce, 0xff, 0x7a, 0xce, 0xff, 0x7a, 0xce, 0xff,
    0x7a, 0xce, 0xff, 0x7a, 0xce, 0xff, 0x7a, 0xce, 0xff, 0x7a, 0xce, 0xff, 0x7a, 0xce, 0xff, 0x7a,
    0xce, 0xff, 0x7a, 0xce, 0xff, 0x7a, 0xce, 0xff, 0x7a, 0xce, 0xff, 0x7a, 0xce, 0xff, 0x7a, 0xce,
    0xff, 0x7a, 0xce, 0xff, 0x7a, 0xce, 0xff, 0x7a, 0xce, 0xff, 0x7a, 0xce, 0xff, 0x7a, 0xce, 0xff,
    0x7a, 0xce, 0xff, 0x7a, 0xce, 0xff, 0x7a, 0xce, 0xff, 0x7a, 0xce, 0xff, 0x7a, 0xce, 0xff, 0x7a,
    0xce, 0xff, 0x7a, 0xce, 0xff, 0x7a, 0xce, 0xff, 0x7a, 0xce, 0xff, 0x7a, 0xce, 0xff, 0x7a, 0xce,
    0xff, 0x7a, 0xce, 0xff, 0x7a, 0xce, 0xff, 0x7a, 0xce, 0xff, 0x7a, 0xce, 0xff, 0x7a, 0xce, 0xff,
    0x7a, 0xce, 0xff, 0x7a, 0xce, 0xff, 0x7a, 0xce, 0xff, 0x7a, 0xce, 0xff, 0x7a, 0xce, 0xff, 0x7a,
    0xce, 0xff, 0x7a, 0xce, 0xff, 0x7a, 0xce, 0xff, 0x7a, 0xce, 0xff, 0x7a, 0xce, 0xff, 0x7a, 0xce,
    0xff, 0x7a, 0xce, 0xff, 0x7a, 0xce, 0xff, 0x7a, 0xce, 0xff, 0x7a, 0xce, 0xff, 0x7a, 0xce, 0xff,
    0x7a, 0xce, 0xff, 0x7a, 0xce, 0xff, 0x7a, 0xce, 0xff, 0x7a, 0xce, 0xff, 0x7a, 0xce, 0xff, 0x7a,
    0xce, 0xff, 0x7a, 0xce, 0xff, 0x7a, 0xce, 0xff, 0x7a, 0xce, 0xff, 0x7a, 0xce, 0xff, 0x7a, 0xce,
    0xff, 0x7a, 0xce, 0xff, 0x7a, 0xce, 0xff, 0x7a, 0xce, 0xff, 0x7a, 0xce, 0xff, 0x7a, 0xce, 0xff,
    0x7a, 0xce, 0xff, 0x7a, 0xce, 0xff, 0x7a, 0xce, 0xff, 0x7a, 0xce, 0xff, 0x7a, 0xce, 0xff, 0x7a,
    0xce, 0xff, 0x7a, 0xce, 0xff, 0x7a, 0xce, 0xff, 0x7a, 0xce, 0xff, 0x7a, 0xce, 0xff, 0x7a, 0xce,
    0xff, 0x7a, 0xce, 0xff, 0x7a, 0xce, 0xff, 0x7a, 0xce, 0xff, 0x7a, 0xce, 0xff, 0x7a, 0xce, 0xff,
    0x7a, 0xce, 0xff, 0x7a, 0xce, 0xff, 0x7a, 0xce, 0xff, 0x7a, 0xce, 0xff, 0x7a, 0xce, 0xff, 0x7a,
    0xce, 0xff, 0x7a, 0xce, 0xff, 0x7a, 0xce, 0xff, 0x7a, 0xce, 0xff, 0x7a, 0xce, 0xff, 0x7a, 0xce,
    0xff, 0x7a, 0xce, 0xff, 0x7a, 0xce, 0xff, 0x7a, 0xce, 0xff, 0x7a, 0xce, 0xff, 0x7a, 0xce, 0xff,
    0x7a, 0xce, 0xff, 0x7a, 0xce, 0xff, 0x7a, 0xce, 0xff, 0x7a, 0xce, 0xff, 0x7a, 0xce, 0xff, 0x7a,
    0xce, 0xff, 0x7a, 0xce, 0xff, 0x7a, 0xce, 0xff, 0x7a, 0xce, 0xff, 0x7a, 0xce, 0xff, 0x7a, 0xce,
    0xff, 0x7a, 0xce, 0xff, 0x7a, 0xce, 0xff, 0x7a, 0xce, 0xff, 0x7a, 0xce, 0xff, 0x7a, 0xce, 0xff,
    0x7a, 0xce, 0xff, 0x7a, 0xce, 0xff, 0x7a, 0xce, 0xff, 0x7a, 0xce, 0xff, 0x7a, 0xce, 0xff, 0x7a,
    0xce, 0xff, 0x7a, 0xce, 0xff, 0x7a, 0xce, 0xff, 0x7a, 0xce, 0xff, 0x7a, 0xce, 0xff, 0x7a, 0xce,
    0xff, 0x7a, 0xce, 0xff, 0x7a, 0xce, 0xff, 0x7a, 0xce, 0xff, 0x7a, 0xce, 0xff, 0x7a, 0xce, 0xff,
    0x7a, 0xce, 0xff, 0x7a, 0xce, 0xff, 0x7a, 0xce, 0xff, 0x7a, 0xce, 0xff, 0x7a, 0xce, 0xff, 0x7a,
    0xce, 0xff, 0x7a, 0xce, 0xff, 0x7a, 0xce, 0xff, 0x7a, 0xce, 0xff, 0x7a, 0xce, 0xff, 0x7a, 0xce,
    0xff, 0x7a, 0xce, 0xff, 0x7a, 0xce, 0xff, 0x7a, 0xce, 0xff, 0x7a, 0xce, 0xff, 0x7a, 0xce, 0xff,
    0x7a, 0xce, 0xff, 0x7a, 0xce, 0xff, 0x7a, 0xce, 0xff, 0x7a, 0xce, 0xff, 0x7a, 0xce, 0xff, 0x7a,
    0xce, 0xff, 0x7a, 0xce, 0xff, 0x7a, 0xce, 0xff, 0x7a, 0xce, 0xff, 0x7a, 0xce, 0xff, 0x7a, 0xce,
    0xff, 0x7a, 0xce, 0xff, 0x7a, 0xce, 0xff, 0x7a, 0xce, 0xff, 0x7a, 0xce, 0xff, 0x7a, 0xce, 0xff,
    0x7a, 0xce, 0xff, 0x7a, 0xce, 0xff, 0x7a, 0xce, 0xff, 0x7a, 0xce, 0xff, 0x7a, 0xce, 0xff, 0x7a,
    0xce, 0xff, 0x7a, 0xce, 0xff, 0x7a, 0xce, 0xff, 0x7a, 0xce, 0xff, 0x7a, 0xce, 0xff, 0x7a, 0xce,
    0xff, 0x7a, 0xce, 0xff, 0x7a, 0xce, 0xff, 0x7a, 0xce, 0xff, 0x7a, 0xce, 0xff, 0x7a, 0xce, 0xff,
    0x7a, 0xce, 0xff, 0x7a, 0xce, 0xff, 0x7a, 0xce, 0xff, 0x7a, 0xce, 0xff, 0x7a, 0xce, 0xff, 0x7a,
    0xce, 0xff, 0x7a, 0xce, 0xff, 0x7a, 0xce, 0xff, 0x7a, 0xce, 0xff, 0x7a, 0xce, 0xff, 0x7a, 0xce,
    0xff, 0x7a, 0xce, 0xff, 0x7a, 0xce, 0xff, 0x7a, 0xce, 0xff, 0x7a, 0xce, 0xff, 0x7a, 0xce, 0xff,
    0x7a, 0xce, 0xff, 0x7a, 0xce, 0xff, 0x7a, 0xce, 0xff, 0x7a, 0xce, 0xff, 0x7a, 0xce, 0xff, 0x7a,
    0xce, 0xff, 0x7a, 0xce, 0xff, 0x7a, 0xce, 0xff, 0x7a, 0xce, 0xff, 0x7a, 0xce, 0xff, 0x7a, 0xce,
    0xff, 0x7a, 0xce, 0xff, 0x7a, 0xce, 0xff, 0x7a, 0xce, 0xff, 0x7a, 0xce, 0xff, 0x7a, 0xce, 0xff,
    0x7a, 0xce, 0xff, 0x7a, 0xce, 0xff, 0x7a, 0xce, 0xff, 0x7a, 0xce, 0xff, 0x7a, 0xce, 0xff, 0x7a,
    0xce, 0xff, 0x7a, 0xce, 0xff, 0x7a, 0xce, 0xff, 0x7a, 0xce, 0xff, 0x7a, 0xce, 0xff, 0x7a, 0xce,
    0xff, 0x7a, 0xce, 0xff, 0x7a, 0xce, 0xff, 0x7a, 0xce, 0xff, 0x7a, 0xce, 0xff, 0x7a, 0xce, 0xff,
    0x7a, 0xce, 0xff, 0x7a, 0xce, 0xff, 0x7a, 0xce, 0xff, 0x7a, 0xce, 0xff, 0x7a, 0xce, 0xff, 0x7a,
    0xce, 0xff, 0x7a, 0xce, 0xff, 0x7a, 0xce, 0xff, 0x7a, 0xce, 0xff, 0x7a, 0xce, 0xff, 0x7a, 0xce,
    0xff, 0x7a, 0xce, 0xff, 0x7a, 0xce, 0xff, 0x7a, 0xce, 0xff, 0x7a, 0xce, 0xff, 0x7a, 0xce, 0xff,
    0x7a, 0xce, 0xff, 0x7a, 0xce, 0xff, 0x7a, 0xce, 0xff, 0x7a, 0xce, 0xff, 0x7a, 0xce, 0xff, 0x7a,
    0xce, 0xff, 0x7a, 0xce, 0xff, 0x7a, 0xce, 0xff, 0x7a, 0xce, 0xff, 0x7a, 0xce, 0xff, 0x7a, 0xce,
    0xff, 0x7a, 0xce, 0xff, 0x7a, 0xce, 0xff, 0x7a, 0xce, 0xff, 0x7a, 0xce, 0xff, 0x7a, 0xce, 0xff,
    0x7a, 0xce, 0xff, 0x7a, 0xce, 0xff, 0x7a, 0xce, 0xff, 0x7a, 0xce, 0xff, 0x7a, 0xce, 0xff, 0x7a,
    0xce, 0xff, 0x7a, 0xce, 0xff, 0x7a, 0xce, 0xff, 0x7a, 0xce, 0xff, 0x7a, 0xce, 0xff, 0x7a, 0xce,
    0xff, 0x7a, 0xce, 0xff, 0x7a, 0xce, 0xff, 0x7a, 0xce, 0xff, 0x7a, 0xce, 0xff, 0x7a, 0xce, 0xff,
    0x7a, 0xce, 0xff, 0x7a, 0xce, 0xff, 0x7a, 0xce, 0xff, 0x7a, 0xce, 0xff, 0x7a, 0xce, 0xff, 0x7a,
    0xce, 0xff, 0x7a, 0xce, 0xff, 0x7a, 0xce, 0xff, 0x7a, 0xce, 0xff, 0x7a, 0xce, 0xff, 0x7a, 0xce,
    0xff, 0x7a, 0xce, 0xff, 0x7a, 0xce, 0xff, 0x7a, 0xce, 0xff, 0x7a, 0xce, 0xff, 0x7a, 0xce, 0xff,
    0x7a, 0xce, 0xff, 0x7a, 0xce, 0xff, 0x7a, 0xce, 0xff, 0x7a, 0xce, 0xff, 0x7a, 0xce, 0xff, 0x7a,
    0xce, 0xff, 0x7a, 0xce, 0xff, 0x7a, 0xce, 0xff, 0x7a, 0xce, 0xff, 0x7a, 0xce, 0xff, 0x7a, 0xce,
    0xff, 0x7a, 0xce, 0xff, 0x7a, 0xce, 0xff, 0x7a, 0xce, 0xff, 0x7a, 0xce, 0xff, 0x7a, 0xce, 0xff,
    0x7a, 0xce, 0xff, 0x7a, 0xce, 0xff, 0x7a, 0xce, 0xff, 0x7a, 0xce, 0xff, 0x7a, 0xce, 0xff, 0x7a,
    0xce, 0xff, 0x7a, 0xce, 0xff, 0x7a, 0xce, 0xff, 0x7a, 0xce, 0xff, 0x7a, 0xce, 0xff, 0x7a, 0xce,
    0xff, 0x7a, 0xce, 0xff, 0x7a, 0xce, 0xff, 0x7a, 0xce, 0xff, 0x7a, 0xce, 0xff, 0x7a, 0xce, 0xff,
    0x7a, 0xce, 0xff, 0x7a, 0xce, 0xff, 0x7a, 0xce, 0xff, 0x7a, 0xce, 0xff, 0x7a, 0xce, 0xff, 0x7a,
    0xce, 0xff, 0x7a, 0xce, 0xff, 0x7a, 0xce, 0xff, 0x7a, 0xce, 0xff, 0x7a, 0xce, 0xff, 0x7a, 0xce,
    0xff, 0x7a, 0xce, 0xff, 0x7a, 0xce, 0xff, 0x7a, 0xce, 0xff, 0x7a, 0xce, 0xff, 0x7a, 0xce, 0xff,
    0x7a, 0xce, 0xff, 0x7a, 0xce, 0xff, 0x7a, 0xce, 0xff, 0x7a, 0xce, 0xff, 0x7a, 0xce, 0xff, 0x7a,
    0xce, 0xff, 0x7a, 0xce, 0xff, 0x7a, 0xce, 0xff, 0x7a, 0xce, 0xff, 0x7a, 0xce, 0xff, 0x7a, 0xce,
    0xff, 0x7a, 0xce, 0xff, 0x7a, 0xce, 0xff, 0x7a, 0xce, 0xff, 0x7a, 0xce, 0xff, 0x7a, 0xce, 0xff,
    0x7a, 0xce, 0xff, 0x7a, 0xce, 0xff, 0x7a, 0xce, 0xff, 0x7a, 0xce, 0xff, 0x7a, 0xce, 0xff, 0x7a,
    0xce, 0xff, 0x7a, 0xce, 0xff, 0x7a, 0xce, 0xff, 0x7a, 0xce, 0xff, 0x7a, 0xce, 0xff, 0x7a, 0xce,
    0xff, 0x7a, 0xce, 0xff, 0x7a, 0xce, 0xff, 0x7a, 0xce, 0xff, 0x7a, 0xce, 0xff, 0x7a, 0xce, 0xff,
    0x7a, 0xce, 0xff, 0x7a, 0xce, 0xff, 0x7a, 0xce, 0xff, 0x7a, 0xce, 0xff, 0x7a, 0xce, 0xff, 0x7a,
    0xce, 0xff, 0x7a, 0xce, 0xff, 0x7a, 0xce, 0xff, 0x7a, 0xce, 0xff, 0x7a, 0xce, 0xff, 0x7a, 0xce,
    0xff, 0x7a, 0xce, 0xff, 0x7a, 0xce, 0xff, 0x7a, 0xce, 0xff, 0x7a, 0xce, 0xff, 0x7a, 0xce, 0xff,
    0x7a, 0xce, 0xff, 0x7a, 0xce, 0xff, 0x7a, 0xce, 0xff, 0x7a, 0xce, 0xff, 0x7a, 0xce, 0xff, 0x7a,
    0xce, 0xff, 0x7a, 0xce, 0xff, 0x7a, 0xce, 0xff, 0x7a, 0xce, 0xff, 0x7a, 0xce, 0xff, 0x7a, 0xce,
    0xff, 0x7a, 0xce, 0xff, 0x7a, 0xce, 0xff, 0x7a, 0xce, 0xff, 0x7a, 0xce, 0xff, 0x7a, 0xce, 0xff,
    0x7a, 0xce, 0xff, 0x7a, 0xce, 0xff, 0x7a, 0xce, 0xff, 0x7a, 0xce, 0xff, 0x7a, 0xce, 0xff, 0x7a,
    0xce, 0xff, 0x7a, 0xce, 0xff, 0x7a, 0xce, 0xff, 0x7a, 0xce, 0xff, 0x7a, 0xce, 0xff, 0x7a, 0xce,
    0xff, 0x7a, 0xce, 0xff, 0x7a, 0xce, 0xff, 0x7a, 0xce, 0xff, 0x7a, 0xce, 0xff, 0x7a, 0xce, 0xff,
    0x7a, 0xce, 0xff, 0x7a, 0xce, 0xff, 0x7a, 0xce, 0xff, 0x7a, 0xce, 0xff, 0x7a, 0xce, 0xff, 0x7a,
    0xce, 0xff, 0x7a, 0xce, 0xff, 0x7a, 0xce, 0xff, 0x7a, 0xce, 0xff, 0x7a, 0xce, 0xff, 0x7a, 0xce,
    0xff, 0x7a, 0xce, 0xff, 0x7a, 0xce, 0xff, 0x7a, 0xce, 0xff, 0x7a, 0xce, 0xff, 0x7a, 0xce, 0xff,
    0x7a, 0xce, 0xff, 0x7a, 0xce, 0xff, 0x7a, 0xce, 0xff, 0x7a, 0xce, 0xff, 0x7a, 0xce, 0xff, 0x7a,
    0xce, 0xff, 0x7a, 0xce, 0xff, 0x7a, 0xce, 0xff, 0x7a, 0xce, 0xff, 0x7a, 0xce, 0xff, 0x7a, 0xce,
    0xff, 0x7a, 0xce, 0xff, 0x7a, 0xce, 0xff, 0x7a, 0xce, 0xff, 0x7a, 0xce, 0xff, 0x7a, 0xce, 0xff,
    0x7a, 0xce, 0xff, 0x7a, 0xce, 0xff, 0x7a, 0xce, 0xff, 0x7a, 0xce, 0xff, 0x7a, 0xce, 0xff, 0x7a,
    0xce, 0xff, 0x7a, 0xce, 0xff, 0x7a, 0xce, 0xff, 0x7a, 0xce, 0xff, 0x7a, 0xce, 0xff, 0x7a, 0xce,
    0xff, 0x7a, 0xce, 0xff, 0x7a, 0xce, 0xff, 0x7a, 0xce, 0xff, 0x7a, 0xce, 0xff, 0x7a, 0xce, 0xff,
    0x7a, 0xce, 0xff, 0x7a, 0xce, 0xff, 0x7a, 0xce, 0xff, 0x7a, 0xce, 0xff, 0x7a, 0xce, 0xff, 0x7a,
    0xce, 0xff, 0x7a, 0xce, 0xff, 0x7a, 0xce, 0xff, 0x7a, 0xce, 0xff, 0x7a, 0xce, 0xff, 0x7a, 0xce,
    0xff, 0x7a, 0xce, 0xff, 0x7a, 0xce, 0xff, 0x7a, 0xce, 0xff, 0x7a, 0xce, 0xff, 0x7a, 0xce, 0xff,
    0x7a, 0xce, 0xff, 0x7a, 0xce, 0xff, 0x7a, 0xce, 0xff, 0x7a, 0xce, 0xff, 0x7a, 0xce, 0xff, 0x7a,
    0xce, 0xff, 0x7a, 0xce, 0xff, 0x7a, 0xce, 0xff, 0x7a, 0xce, 0xff, 0x7a, 0xce, 0xff, 0x7a, 0xce,
    0xff, 0x7a, 0xce, 0xff, 0x7a, 0xce, 0xff, 0x7a, 0xce, 0xff, 0x7a, 0xce, 0xff, 0x7a, 0xce, 0xff,
    0x7a, 0xce, 0xff, 0x7a, 0xce, 0xff, 0x7a, 0xce, 0xff, 0x7a, 0xce, 0xff, 0x7a, 0xce, 0xff, 0x7a,
    0xce, 0xff, 0x7a, 0xce, 0xff, 0x7a, 0xce, 0xff, 0x7a, 0xce, 0xff, 0x7a, 0xce, 0xff, 0x7a, 0xce,
    0xff, 0x7a, 0xce, 0xff, 0x7a, 0xce, 0xff, 0x7a, 0xce, 0xff, 0x7a, 0xce, 0xff, 0x7a, 0xce, 0xff,
    0x7a, 0xce, 0xff, 0x7a, 0xce, 0xff, 0x7a, 0xce, 0xff, 0x7a, 0xce, 0xff, 0x7a, 0xce, 0xff, 0x7a,
    0xce, 0xff, 0x7a, 0xce, 0xff, 0x7a, 0xce, 0xff, 0x7a, 0xce, 0xff, 0x7a, 0xce, 0xff, 0x7a, 0xce,
    0xff, 0x7a, 0xce, 0xff, 0x7a, 0xce, 0xff, 0x7a, 0xce, 0xff, 0x7a, 0xce, 0xff, 0x7a, 0xce, 0xff,
    0x7a, 0xce, 0xff, 0x7a, 0xce, 0xff, 0x7a, 0xce, 0xff, 0x7a, 0xce, 0xff, 0x7a, 0xce, 0xff, 0x7a,
    0xce, 0xff, 0x7a, 0xce, 0xff, 0x7a, 0xce, 0xff, 0x7a, 0xce, 0xff, 0x7a, 0xce, 0xff, 0x7a, 0xce,
    0xff, 0x7a, 0xce, 0xff, 0x7a, 0xce, 0xff, 0x7a, 0xce, 0xff, 0x7a, 0xce, 0xff, 0x7a, 0xce, 0xff,
    0x7a, 0xce, 0xff, 0x7a, 0xce, 0xff, 0x7a, 0xce, 0xff, 0x7a, 0xce, 0xff, 0x7a, 0xce, 0xff, 0x7a,
    0xce, 0xff, 0x7a, 0xce, 0xff, 0x7a, 0xce, 0xff, 0x7a, 0xce, 0xff, 0x7a, 0xce, 0xff, 0x7a, 0xce,
    0xff, 0x7a, 0xce, 0xff, 0x7a, 0xce, 0xff, 0x7a, 0xce, 0xff, 0x7a, 0xce, 0xff, 0x7a, 0xce, 0xff,
    0x7a, 0xce, 0xff, 0x7a, 0xce, 0xff, 0x7a, 0xce, 0xff, 0x7a, 0xce, 0xff, 0x7a, 0xce, 0xff, 0x7a,
    0xce, 0xff, 0x7a, 0xce, 0xff, 0x7a, 0xce, 0xff, 0x7a, 0xce, 0xff, 0x7a, 0xce, 0xff, 0x7a, 0xce,
    0xff, 0x7a, 0xce, 0xff, 0x7a, 0xce, 0xff, 0x7a, 0xce, 0xff, 0x7a, 0xce, 0xff, 0x7a, 0xce, 0xff,
    0x7a, 0xce, 0xff, 0x7a, 0xce, 0xff, 0x7a, 0xce, 0xff, 0x7a, 0xce, 0xff, 0x7a, 0xce, 0xff, 0x7a,
    0xce, 0xff, 0x7a, 0xce, 0xff, 0x7a, 0xce, 0xff, 0x7a, 0xce, 0xff, 0x7a, 0xce, 0xff, 0x7a, 0xce,
    0xff, 0x7a, 0xce, 0xff, 0x7a, 0xce, 0xff, 0x7a, 0xce, 0xff, 0x7a, 0xce, 0xff, 0x7a, 0xce, 0xff,
    0x7a, 0xce, 0xff, 0x7a, 0xce, 0xff, 0x7a, 0xce, 0xff, 0x7a, 0xce, 0xff, 0x7a, 0xce, 0xff, 0x7a,
    0xce, 0xff, 0x7a, 0xce, 0xff, 0x7a, 0xce, 0xff, 0x7a, 0xce, 0xff, 0x7a, 0xce, 0xff, 0x7a, 0xce,
    0xff, 0x7a, 0xce, 0xff, 0x7a, 0xce, 0xff, 0x7a, 0xce, 0xff, 0x7a, 0xce, 0xff, 0x7a, 0xce, 0xff,
    0x7a, 0xce, 0xff, 0x7a, 0xce, 0xff, 0x7a, 0xce, 0xff, 0x7a, 0xce, 0xff, 0x7a, 0xce, 0xff, 0x7a,
    0xce, 0xff, 0x7a, 0xce, 0xff, 0x7a, 0xce, 0xff, 0x7a, 0xce, 0xff, 0x7a, 0xce, 0xff, 0x7a, 0xce,
    0xff, 0x7a, 0xce, 0xff, 0x7a, 0xce, 0xff, 0x7a, 0xce, 0xff, 0x7a, 0xce, 0xff, 0x7a, 0xce, 0xff,
    0x7a, 0xce, 0xff, 0x7a, 0xce, 0xff, 0x7a, 0xce, 0xff, 0x7a, 0xce, 0xff, 0x7a, 0xce, 0xff, 0x7a,
    0xce, 0xff, 0x7a, 0xce, 0xff, 0x7a, 0xce, 0xff, 0x7a, 0xce, 0xff, 0x7a, 0xce, 0xff, 0x7a, 0xce,
    0xff, 0x7a, 0xce, 0xff, 0x7a, 0xce, 0xff, 0x7a, 0xce, 0xff, 0x7a, 0xce, 0xff, 0x7a, 0xce, 0xff,
    0x7a, 0xce, 0xff, 0x7a, 0xce, 0xff, 0x7a, 0xce, 0xff, 0x7a, 0xce, 0xff, 0x7a, 0xce, 0xff, 0x7a,
    0xce, 0xff, 0x7a, 0xce, 0xff, 0x7a, 0xce, 0xff, 0x7a, 0xce, 0xff, 0x7a, 0xce, 0xff, 0x7a, 0xce,
    0xff, 0x7a, 0xce, 0xff, 0x7a, 0xce, 0xff, 0x7a, 0xce, 0xff, 0x7a, 0xce, 0xff, 0x7a, 0xce, 0xff,
    0x7a, 0xce, 0xff, 0x7a, 0xce, 0xff, 0x7a, 0xce, 0xff, 0x7a, 0xce, 0xff, 0x7a, 0xce, 0xff, 0x7a,
    0xce, 0xff, 0x7a, 0xce, 0xff, 0x7a, 0xce, 0xff, 0x7a, 0xce, 0xff, 0x7a, 0xce, 0xff, 0x7a, 0xce,
    0xff, 0x7a, 0xce, 0xff, 0x7a, 0xce, 0xff, 0x7a, 0xce, 0xff, 0x7a, 0xce, 0xff, 0x7a, 0xce, 0xff,
    0x7a, 0xce, 0xff, 0x7a, 0xce, 0xff, 0x7a, 0xce, 0xff, 0x7a, 0xce, 0xff, 0x7a, 0xce, 0xff, 0x7a,
    0xce, 0xff, 0x7a, 0xce, 0xff, 0x7a, 0xce, 0xff, 0x7a, 0xce, 0xff, 0x7a, 0xce, 0xff, 0x7a, 0xce,
    0xff, 0x7a, 0xce, 0xff, 0x7a, 0xce, 0xff, 0x7a, 0xce, 0xff, 0x7a, 0xce, 0xff, 0x7a, 0xce, 0xff,
    0x7a, 0xce, 0xff, 0x7a, 0xce, 0xff, 0x7a, 0xce, 0xff, 0x7a, 0xce, 0xff, 0x7a, 0xce, 0xff, 0x7a,
    0xce, 0xff, 0x7a, 0xce, 0xff, 0x7a, 0xce, 0xff, 0x7a, 0xce, 0xff, 0x7a, 0xce, 0xff, 0x7a, 0xce,
    0xff, 0x7a, 0xce, 0xff, 0x7a, 0xce, 0xff, 0x7a, 0xce, 0xff, 0x7a, 0xce, 0xff, 0x7a, 0xce, 0xff,
    0x7a, 0xce, 0xff, 0x7a, 0xce, 0xff, 0x7a, 0xce, 0xff, 0x7a, 0xce, 0xff, 0x7a, 0xce, 0xff, 0x7a,
    0xce, 0xff, 0x7a, 0xce, 0xff, 0x7a, 0xce, 0xff, 0x7a, 0xce, 0xff, 0x7a, 0xce, 0xff, 0x7a, 0xce,
    0xff, 0x7a, 0xce, 0xff, 0x7a, 0xce, 0xff, 0x7a, 0xce, 0xff, 0x7a, 0xce, 0xff, 0x7a, 0xce, 0xff,
    0x7a, 0xce, 0xff, 0x7a, 0xce, 0xff, 0x7a, 0xce, 0xff, 0x7a, 0xce, 0xff, 0x7a, 0xce, 0xff, 0x7a,
    0xce, 0xff, 0x7a, 0xce, 0xff, 0x7a, 0xce, 0xff, 0x7a, 0xce, 0xff, 0x7a, 0xce, 0xff, 0x7a, 0xce,
    0xff, 0x7a, 0xce, 0xff, 0x7a, 0xce, 0xff, 0x7a, 0xce, 0xff, 0x7a, 0xce, 0xff, 0x7a, 0xce, 0xff,
    0x7a, 0xce, 0xff, 0x7a, 0xce, 0xff, 0x7a, 0xce, 0xff, 0x7a, 0xce, 0xff, 0x7a, 0xce, 0xff, 0x7a,
    0xce, 0xff, 0x7a, 0xce, 0xff, 0x7a, 0xce, 0xff, 0x7a, 0xce, 0xff, 0x7a, 0xce, 0xff, 0x7a, 0xce,
    0xff, 0x7a, 0xce, 0xff, 0x7a, 0xce, 0xff, 0x7a, 0xce, 0xff, 0x7a, 0xce, 0xff, 0x7a, 0xce, 0xff,
    0x7a, 0xce, 0xff, 0x7a, 0xce, 0xff, 0x7a, 0xce, 0xff, 0x7a, 0xce, 0xff, 0x7a, 0xce, 0xff, 0x7a,
    0xce, 0xff, 0x7a, 0xce, 0xff, 0x7a, 0xce, 0xff, 0x7a, 0xce, 0xff, 0x7a, 0xce, 0xff, 0x7a, 0xce,
    0xff, 0x7a, 0xce, 0xff, 0x7a, 0xce, 0xff, 0x7a, 0xce, 0xff, 0x7a, 0xce, 0xff, 0x7a, 0xce, 0xff,
    0x7a, 0xce, 0xff, 0x7a, 0xce, 0xff, 0x7a, 0xce, 0xff, 0x7a, 0xce, 0xff, 0x7a, 0xce, 0xff, 0x7a,
    0xce, 0xff, 0x7a, 0xce, 0xff, 0x7a, 0xce, 0xff, 0x7a, 0xce, 0xff, 0x7a, 0xce, 0xff, 0x7a, 0xce,
    0xff, 0x7a, 0xce, 0xff, 0x7a, 0xce, 0xff, 0x7a, 0xce, 0xff, 0x7a, 0xce, 0xff, 0x7a, 0xce, 0xff,
    0x7a, 0xce, 0xff, 0x7a, 0xce, 0xff, 0x7a, 0xce, 0xff, 0x7a, 0xce, 0xff, 0x7a, 0xce, 0xff, 0x7a,
    0xce, 0xff, 0x7a, 0xce, 0xff, 0x7a, 0xce, 0xff, 0x7a, 0xce, 0xff, 0x7a, 0xce, 0xff, 0x7a, 0xce,
    0xff, 0x7a, 0xce, 0xff, 0x7a, 0xce, 0xff, 0x7a, 0xce, 0xff, 0x7a, 0xce, 0xff, 0x7a, 0xce, 0xff,
    0x7a, 0xce, 0xff, 0x7a, 0xce, 0xff, 0x7a, 0xce, 0xff, 0x7a, 0xce, 0xff, 0x7a, 0xce, 0xff, 0x7a,
    0xce, 0xff, 0x7a, 0xce, 0xff, 0x7a, 0xce, 0xff, 0x7a, 0xce, 0xff, 0x7a, 0xce, 0xff, 0x7a, 0xce,
    0xff, 0x7a, 0xce, 0xff, 0x7a, 0xce, 0xff, 0x7a, 0xce, 0xff, 0x7a, 0xce, 0xff, 0x7a, 0xce, 0xff,
    0x7a, 0xce, 0xff, 0x7a, 0xce, 0xff, 0x7a, 0xce, 0xff, 0x7a, 0xce, 0xff, 0x7a, 0xce, 0xff, 0x7a,
    0xce, 0xff, 0x7a, 0xce, 0xff, 0x7a, 0xce, 0xff, 0x7a, 0xce, 0xff, 0x7a, 0xce, 0xff, 0x7a, 0xce,
    0xff, 0x7a, 0xce, 0xff, 0x7a, 0xce, 0xff, 0x7a, 0xce, 0xff, 0x7a, 0xce, 0xff, 0x7a, 0xce, 0xff,
    0x7a, 0xce, 0xff, 0x7a, 0xce, 0xff, 0x7a, 0xce, 0xff, 0x7a, 0xce, 0xff, 0x7a, 0xce, 0xff, 0x7a,
    0xce, 0xff, 0x7a, 0xce, 0xff, 0x7a, 0xce, 0xff, 0x7a, 0xce, 0xff, 0x7a, 0xce, 0xff, 0x7a, 0xce,
    0xff, 0x7a, 0xce, 0xff, 0x7a, 0xce, 0xff, 0x7a, 0xce, 0xff, 0x7a, 0xce, 0xff, 0x7a, 0xce, 0xff,
    0x7a, 0xce, 0xff, 0x7a, 0xce, 0xff, 0x7a, 0xce, 0xff, 0x7a, 0xce, 0xff, 0x7a, 0xce, 0xff, 0x7a,
    0xce, 0xff, 0x7a, 0xce, 0xff, 0x7a, 0xce, 0xff, 0x7a, 0xce, 0xff, 0x7a, 0xce, 0xff, 0x7a, 0xce,
    0xff, 0x7a, 0xce, 0xff, 0x7a, 0xce, 0xff, 0x7a, 0xce, 0xff, 0x7a, 0xce, 0xff, 0x7a, 0xce, 0xff,
    0x7a, 0xce, 0xff, 0x7a, 0xce, 0xff, 0x7a, 0xce, 0xff, 0x7a, 0xce, 0xff, 0x7a, 0xce, 0xff, 0x7a,
    0xce, 0xff, 0x7a, 0xce, 0xff, 0x7a, 0xce, 0xff, 0x7a, 0xce, 0xff, 0x7a, 0xce, 0xff, 0x7a, 0xce,
    0xff, 0x7a, 0xce, 0xff, 0x7a, 0xce, 0xff, 0x7a, 0xce, 0xff, 0x7a, 0xce, 0xff, 0x7a, 0xce, 0xff,
    0x7a, 0xce, 0xff, 0x7a, 0xce, 0xff, 0x7a, 0xce, 0xff, 0x7a, 0xce, 0xff, 0x7a, 0xce, 0xff, 0x7a,
    0xce, 0xff, 0x7a, 0xce, 0xff, 0x7a, 0xce, 0xff, 0x7a, 0xce, 0xff, 0x7a, 0xce, 0xff, 0x7a, 0xce,
    0xff, 0x7a, 0xce, 0xff, 0x7a, 0xce, 0xff, 0x7a, 0xce, 0xff, 0x7a, 0xce, 0xff, 0x7a, 0xce, 0xff,
    0x7a, 0xce, 0xff, 0x7a, 0xce, 0xff, 0x7a, 0xce, 0xff, 0x7a, 0xce, 0xff, 0x7a, 0xce, 0xff, 0x7a,
    0xce, 0xff, 0x7a, 0xce, 0xff, 0x7a, 0xce, 0xff, 0x7a, 0xce, 0xff, 0x7a, 0xce, 0xff, 0x7a, 0xce,
    0xff, 0x7a, 0xce, 0xff, 0x7a, 0xce, 0xff, 0x7a, 0xce, 0xff, 0x7a, 0xce, 0xff, 0x7a, 0xce, 0xff,
    0x7a, 0xce, 0xff, 0x7a, 0xce, 0xff, 0x7a, 0xce, 0xff, 0x7a, 0xce, 0xff, 0x7a, 0xce, 0xff, 0x7a,
    0xce, 0xff, 0x7a, 0xce, 0xff, 0x7a, 0xce, 0xff, 0x7a, 0xce, 0xff, 0x7a, 0xce, 0xff, 0x7a, 0xce,
    0xff, 0x7a, 0xce, 0xff, 0x7a, 0xce, 0xff, 0x7a, 0xce, 0xff, 0x7a, 0xce, 0xff, 0x7a, 0xce, 0xff,
    0x7a, 0xce, 0xff, 0x7a, 0xce, 0xff, 0x7a, 0xce, 0xff, 0x7a, 0xce, 0xff, 0x7a, 0xce, 0xff, 0x7a,
    0xce, 0xff, 0x7a, 0xce, 0xff, 0x7a, 0xce, 0xff, 0x7a, 0xce, 0xff, 0x7a, 0xce, 0xff, 0x7a, 0xce,
    0xff, 0x7a, 0xce, 0xff, 0x7a, 0xce, 0xff, 0x7a, 0xce, 0xff, 0x7a, 0xce, 0xff, 0x7a, 0xce, 0xff,
    0x7a, 0xce, 0xff, 0x7a, 0xce, 0xff, 0x7a, 0xce, 0xff, 0x7a, 0xce, 0xff, 0x7a, 0xce, 0xff, 0x7a,
    0xce, 0xff, 0x7a, 0xce, 0xff, 0x7a, 0xce, 0xff, 0x7a, 0xce, 0xff, 0x7a, 0xce, 0xff, 0x7a, 0xce,
    0xff, 0x7a, 0xce, 0xff, 0x7a, 0xce, 0xff, 0x7a, 0xce, 0xff, 0x7a, 0xce, 0xff, 0x7a, 0xce, 0xff,
    0x7a, 0xce, 0xff, 0x7a, 0xce, 0xff, 0x7a, 0xce, 0xff, 0x7a, 0xce, 0xff, 0x7a, 0xce, 0xff, 0x7a,
    0xce, 0xff, 0x7a, 0xce, 0xff, 0x7a, 0xce, 0xff, 0x7a, 0xce, 0xff, 0x7a, 0xce, 0xff, 0x7a, 0xce,
    0xff, 0x7a, 0xce, 0xff, 0x7a, 0xce, 0xff, 0x7a, 0xce, 0xff, 0x7a, 0xce, 0xff, 0x7a, 0xce, 0xff,
    0x7a, 0xce, 0xff, 0x7a, 0xce, 0xff, 0x7a, 0xce, 0xff, 0x7a, 0xce, 0xff, 0x7a, 0xce, 0xff, 0x7a,
    0xce, 0xff, 0x7a, 0xce, 0xff, 0x7a, 0xce, 0xff, 0x7a, 0xce, 0xff, 0x7a, 0xce, 0xff, 0x7a, 0xce,
    0xff, 0x7a, 0xce, 0xff, 0x7a, 0xce, 0xff, 0x7a, 0xce, 0xff, 0x7a, 0xce, 0xff, 0x7a, 0xce, 0xff,
    0x7a, 0xce, 0xff, 0x7a, 0xce, 0xff, 0x7a, 0xce, 0xff, 0x7a, 0xce, 0xff, 0x7a, 0xce, 0xff, 0x7a,
    0xce, 0xff, 0x7a, 0xce, 0xff, 0x7a, 0xce, 0xff, 0x7a, 0xce, 0xff, 0x7a, 0xce, 0xff, 0x7a, 0xce,
    0xff, 0x7a, 0xce, 0xff, 0x7a, 0xce, 0xff, 0x7a, 0xce, 0xff, 0x7a, 0xce, 0xff, 0x7a, 0xce, 0xff,
    0x7a, 0xce, 0xff, 0x7a, 0xce, 0xff, 0x7a, 0xce, 0xff, 0x7a, 0xce, 0xff, 0x7a, 0xce, 0xff, 0x7a,
    0xce, 0xff, 0x7a, 0xce, 0xff, 0x7a, 0xce, 0xff, 0x7a, 0xce, 0xff, 0x7a, 0xce, 0xff, 0x7a, 0xce,
    0xff, 0x7a, 0xce, 0xff, 0x7a, 0xce, 0xff, 0x7a, 0xce, 0xff, 0x7a, 0xce, 0xff, 0x7a, 0xce, 0xff,
    0x7a, 0xce, 0xff, 0x7a, 0xce, 0xff, 0x7a, 0xce, 0xff, 0x7a, 0xce, 0xff, 0x7a, 0xce, 0xff, 0x7a,
    0xce, 0xff, 0x7a, 0xce, 0xff, 0x7a, 0xce, 0xff, 0x7a, 0xce, 0xff, 0x7a, 0xce, 0xff, 0x7a, 0xce,
    0xff, 0x7a, 0xce, 0xff, 0x7a, 0xce, 0xff, 0x7a, 0xce, 0xff, 0x7a, 0xce, 0xff, 0x7a, 0xce, 0xff,
    0x7a, 0xce, 0xff, 0x7a, 0xce, 0xff, 0x7a, 0xce, 0xff, 0x7a, 0xce, 0xff, 0x7a, 0xce, 0xff, 0x7a,
    0xce, 0xff, 0x7a, 0xce, 0xff, 0x7a, 0xce, 0xff, 0x7a, 0xce, 0xff, 0x7a, 0xce, 0xff, 0x7a, 0xce,
    0xff, 0x7a, 0xce, 0xff, 0x7a, 0xce, 0xff, 0x7a, 0xce, 0xff, 0x7a, 0xce, 0xff, 0x7a, 0xce, 0xff,
    0x7a, 0xce, 0xff, 0x7a, 0xce, 0xff, 0x7a, 0xce, 0xff, 0x7a, 0xce, 0xff, 0x7a, 0xce, 0xff, 0x7a,
    0xce, 0xff, 0x7a, 0xce, 0xff, 0x7a, 0xce, 0xff, 0x7a, 0xce, 0xff, 0x7a, 0xce, 0xff, 0x7a, 0xce,
    0xff, 0x7a, 0xce, 0xff, 0x7a, 0xce, 0xff, 0x7a, 0xce, 0xff, 0x7a, 0xce, 0xff, 0x7a, 0xce, 0xff,
    0x7a, 0xce, 0xff, 0x7a, 0xce, 0xff, 0x7a, 0xce, 0xff, 0x7a, 0xce, 0xff, 0x7a, 0xce, 0xff, 0x7a,
    0xce, 0xff, 0x7a, 0xce, 0xff, 0x7a, 0xce, 0xff, 0x7a, 0xce, 0xff, 0x7a, 0xce, 0xff, 0x7a, 0xce,
    0xff, 0x7a, 0xce, 0xff, 0x7a, 0xce, 0xff, 0x7a, 0xce, 0xff, 0x7a, 0xce, 0xff, 0x7a, 0xce, 0xff,
    0x7a, 0xce, 0xff, 0x7a, 0xce, 0xff, 0x7a, 0xce, 0xff, 0x7a, 0xce, 0xff, 0x7a, 0xce, 0xff, 0x7a,
    0xce, 0xff, 0x7a, 0xce, 0xff, 0x7a, 0xce, 0xff, 0x7a, 0xce, 0xff, 0x7a, 0xce, 0xff, 0x7a, 0xce,
    0xff, 0x7a, 0xce, 0xff, 0x7a, 0xce, 0xff, 0x7a, 0xce, 0xff, 0x7a, 0xce, 0xff, 0x7a, 0xce, 0xff,
    0x7a, 0xce, 0xff, 0x7a, 0xce, 0xff, 0x7a, 0xce, 0xff, 0x7a, 0xce, 0xff, 0x7a, 0xce, 0xff, 0x7a,
    0xce, 0xff, 0x7a, 0xce, 0xff, 0x7a, 0xce, 0xff, 0x7a, 0xce, 0xff, 0x7a, 0xce, 0xff, 0x7a, 0xce,
    0xff, 0x7a, 0xce, 0xff, 0x7a, 0xce, 0xff, 0x7a, 0xce, 0xff, 0x7a, 0xce, 0xff, 0x7a, 0xce, 0xff,
    0x7a, 0xce, 0xff, 0x7a, 0xce, 0xff, 0x7a, 0xce, 0xff, 0x7a, 0xce, 0xff, 0x7a, 0xce, 0xff, 0x7a,
    0xce, 0xff, 0x7a, 0xce, 0xff, 0x7a, 0xce, 0xff, 0x7a, 0xce, 0xff, 0x7a, 0xce, 0xff, 0x7a, 0xce,
    0xff, 0x7a, 0xce, 0xff, 0x7a, 0xce, 0xff, 0x7a, 0xce, 0xff, 0x7a, 0xce, 0xff, 0x7a, 0xce, 0xff,
    0x7a, 0xce, 0xff, 0x7a, 0xce, 0xff, 0x7a, 0xce, 0xff, 0x7a, 0xce, 0xff, 0x7a, 0xce, 0xff, 0x7a,
    0xce, 0xff, 0x7a, 0xce, 0xff, 0x7a, 0xce, 0xff, 0x7a, 0xce, 0xff, 0x7a, 0xce, 0xff, 0x7a, 0xce,
    0xff, 0x7a, 0xce, 0xff, 0x7a, 0xce, 0xff, 0x7a, 0xce, 0xff, 0x7a, 0xce, 0xff, 0x7a, 0xce, 0xff,
    0x7a, 0xce, 0xff, 0x7a, 0xce, 0xff, 0x7a, 0xce, 0xff, 0x7a, 0xce, 0xff, 0x7a, 0xce, 0xff, 0x7a,
    0xce, 0xff, 0x7a, 0xce, 0xff, 0x7a, 0xce, 0xff, 0x7a, 0xce, 0xff, 0x7a, 0xce, 0xff, 0x7a, 0xce,
    0xff, 0x7a, 0xce, 0xff, 0x7a, 0xce, 0xff, 0x7a, 0xce, 0xff, 0x7a, 0xce, 0xff, 0x7a, 0xce, 0xff,
    0x7a, 0xce, 0xff, 0x7a, 0xce, 0xff, 0x7a, 0xce, 0xff, 0x7a, 0xce, 0xff, 0x7a, 0xce, 0xff, 0x7a,
    0xce, 0xff, 0x7a, 0xce, 0xff, 0x7a, 0xce, 0xff, 0x7a, 0xce, 0xff, 0x7a, 0xce, 0xff, 0x7a, 0xce,
    0xff, 0x7a, 0xce, 0xff, 0x7a, 0xce, 0xff, 0x7a, 0xce, 0xff, 0x7a, 0xce, 0xff, 0x7a, 0xce, 0xff,
    0x7a, 0xce, 0xff, 0x7a, 0xce, 0xff, 0x7a, 0xce, 0xff, 0x7a, 0xce, 0xff, 0x7a, 0xce, 0xff, 0x7a,
    0xce, 0xff, 0x7a, 0xce, 0xff, 0x7a, 0xce, 0xff, 0x7a, 0xce, 0xff, 0x7a, 0xce, 0xff, 0x7a, 0xce,
    0xff, 0x7a, 0xce, 0xff, 0x7a, 0xce, 0xff, 0x7a, 0xce, 0xff, 0x7a, 0xce, 0xff, 0x7a, 0xce, 0xff,
    0x7a, 0xce, 0xff, 0x7a, 0xce, 0xff, 0x7a, 0xce, 0xff, 0x7a, 0xce, 0xff, 0x7a, 0xce, 0xff, 0x7a,
    0xce, 0xff, 0x7a, 0xce, 0xff, 0x7a, 0xce, 0xff, 0x7a, 0xce, 0xff, 0x7a, 0xce, 0xff, 0x7a, 0xce,
    0xff, 0x7a, 0xce, 0xff, 0x7a, 0xce, 0xff, 0x7a, 0xce, 0xff, 0x7a, 0xce, 0xff, 0x7a, 0xce, 0xff,
    0x7a, 0xce, 0xff, 0x7a, 0xce, 0xff, 0x7a, 0xce, 0xff, 0x7a, 0xce, 0xff, 0x7a, 0xce, 0xff, 0x7a,
    0xce, 0xff, 0x7a, 0xce, 0xff, 0x7a, 0xce, 0xff, 0x7a, 0xce, 0xff, 0x7a, 0xce, 0xff, 0x7a, 0xce,
    0xff, 0x7a, 0xce, 0xff, 0x7a, 0xce, 0xff, 0x7a, 0xce, 0xff, 0x7a, 0xce, 0xff, 0x7a, 0xce, 0xff,
    0x7a, 0xce, 0xff, 0x7a, 0xce, 0xff, 0x7a, 0xce, 0xff, 0x7a, 0xce, 0xff, 0x7a, 0xce, 0xff, 0x7a,
    0xce, 0xff, 0x7a, 0xce, 0xff, 0x7a, 0xce, 0xff, 0x7a, 0xce, 0xff, 0x7a, 0xce, 0xff, 0x7a, 0xce,
    0xff, 0x7a, 0xce, 0xff, 0x7a, 0xce, 0xff, 0x7a, 0xce, 0xff, 0x7a, 0xce, 0xff, 0x7a, 0xce, 0xff,
    0x7a, 0xce, 0xff, 0x7a, 0xce, 0xff, 0x7a, 0xce, 0xff, 0x7a, 0xce, 0xff, 0x7a, 0xce, 0xff, 0x7a,
    0xce, 0xff, 0x7a, 0xce, 0xff, 0x7a, 0xce, 0xff, 0x7a, 0xce, 0xff, 0x7a, 0xce, 0xff, 0x7a, 0xce,
    0xff, 0x7a, 0xce, 0xff, 0x7a, 0xce, 0xff, 0x7a, 0xce, 0xff, 0x7a, 0xce, 0xff, 0x7a, 0xce, 0xff,
    0x7a, 0xce, 0xff, 0x7a, 0xce, 0xff, 0x7a, 0xce, 0xff, 0x7a, 0xce, 0xff, 0x7a, 0xce, 0xff, 0x7a,
    0xce, 0xff, 0x7a, 0xce, 0xff, 0x7a, 0xce, 0xff, 0x7a, 0xce, 0xff, 0x7a, 0xce, 0xff, 0x7a, 0xce,
    0xff, 0x7a, 0xce, 0xff, 0x7a, 0xce, 0xff, 0x7a, 0xce, 0xff, 0x7a, 0xce, 0xff, 0x7a, 0xce, 0xff,
    0x7a, 0xce, 0xff, 0x7a, 0xce, 0xff, 0x7a, 0xce, 0xff, 0x7a, 0xce, 0xff, 0x7a, 0xce, 0xff, 0x7a,
    0xce, 0xff, 0x7a, 0xce, 0xff, 0x7a, 0xce, 0xff, 0x7a, 0xce, 0xff, 0x7a, 0xce, 0xff, 0x7a, 0xce,
    0xff, 0x7a, 0xce, 0xff, 0x7a, 0xce, 0xff, 0x7a, 0xce, 0xff, 0x7a, 0xce, 0xff, 0x7a, 0xce, 0xff,
    0x7a, 0xce, 0xff, 0x7a, 0xce, 0xff, 0x7a, 0xce, 0xff, 0x7a, 0xce, 0xff, 0x7a, 0xce, 0xff, 0x7a,
    0xce, 0xff, 0x7a, 0xce, 0xff, 0x7a, 0xce, 0xff, 0x7a, 0xce, 0xff, 0x7a, 0xce, 0xff, 0x7a, 0xce,
    0xff, 0x7a, 0xce, 0xff, 0x7a, 0xce, 0xff, 0x7a, 0xce, 0xff, 0x7a, 0xce, 0xff, 0x7a, 0xce, 0xff,
    0x7a, 0xce, 0xff, 0x7a, 0xce, 0xff, 0x7a, 0xce, 0xff, 0x7a, 0xce, 0xff, 0x7a, 0xce, 0xff, 0x7a,
    0xce, 0xff, 0x7a, 0xce, 0xff, 0x7a, 0xce, 0xff, 0x7a, 0xce, 0xff, 0x7a, 0xce, 0xff, 0x7a, 0xce,
    0xff, 0x7a, 0xce, 0xff, 0x7a, 0xce, 0xff, 0x7a, 0xce, 0xff, 0x7a, 0xce, 0xff, 0x7a, 0xce, 0xff,
    0x7a, 0xce, 0xff, 0x7a, 0xce, 0xff, 0x7a, 0xce, 0xff, 0x7a, 0xce, 0xff, 0x7a, 0xce, 0xff, 0x7a,
    0xce, 0xff, 0x7a, 0xce, 0xff, 0x7a, 0xce, 0xff, 0x7a, 0xce, 0xff, 0x7a, 0xce, 0xff, 0x7a, 0xce,
    0xff, 0x7a, 0xce, 0xff, 0x7a, 0xce, 0xff, 0x7a, 0xce, 0xff, 0x7a, 0xce, 0xff, 0x7a, 0xce, 0xff,
    0x7a, 0xce, 0xff, 0x7a, 0xce, 0xff, 0x7a, 0xce, 0xff, 0x7a, 0xce, 0xff, 0x7a, 0xce, 0xff, 0x7a,
    0xce, 0xff, 0x7a, 0xce, 0xff, 0x7a, 0xce, 0xff, 0x7a, 0xce, 0xff, 0x7a, 0xce, 0xff, 0x7a, 0xce,
    0xff, 0x7a, 0xce, 0xff, 0x7a, 0xce, 0xff, 0x7a, 0xce, 0xff, 0x7a, 0xce, 0xff, 0x7a, 0xce, 0xff,
    0x7a, 0xce, 0xff, 0x7a, 0xce, 0xff, 0x7a, 0xce, 0xff, 0x7a, 0xce, 0xff, 0x7a, 0xce, 0xff, 0x7a,
    0xce, 0xff, 0x7a, 0xce, 0xff, 0x7a, 0xce, 0xff, 0x7a, 0xce, 0xff, 0x7a, 0xce, 0xff, 0x7a, 0xce,
    0xff, 0x7a, 0xce, 0xff, 0x7a, 0xce, 0xff, 0x7a, 0xce, 0xff, 0x7a, 0xce, 0xff, 0x7a, 0xce, 0xff,
    0x7a, 0xce, 0xff, 0x7a, 0xce, 0xff, 0x7a, 0xce, 0xff, 0x7a, 0xce, 0xff, 0x7a, 0xce, 0xff, 0x7a,
    0xce, 0xff, 0x7a, 0xce, 0xff, 0x7a, 0xce, 0xff, 0x7a, 0xce, 0xff, 0x7a, 0xce, 0xff, 0x7a, 0xce,
    0xff, 0x7a, 0xce, 0xff, 0x7a, 0xce, 0xff, 0x7a, 0xce, 0xff, 0x7a, 0xce, 0xff, 0x7a, 0xce, 0xff,
    0x7a, 0xce, 0xff, 0x7a, 0xce, 0xff, 0x7a, 0xce, 0xff, 0x7a, 0xce, 0xff, 0x7a, 0xce, 0xff, 0x7a,
    0xce, 0xff, 0x7a, 0xce, 0xff, 0x7a, 0xce, 0xff, 0x7a, 0xce, 0xff, 0x7a, 0xce, 0xff, 0x7a, 0xce,
    0xff, 0x7a, 0xce, 0xff, 0x7a, 0xce, 0xff, 0x7a, 0xce, 0xff, 0x7a, 0xce, 0xff, 0x7a, 0xce, 0xff,
    0x7a, 0xce, 0xff, 0x7a, 0xce, 0xff, 0x7a, 0xce, 0xff, 0x7a, 0xce, 0xff, 0x7a, 0xce, 0xff, 0x7a,
    0xce, 0xff, 0x7a, 0xce, 0xff, 0x7a, 0xce, 0xff, 0x7a, 0xce, 0xff, 0x7a, 0xce, 0xff, 0x7a, 0xce,
    0xff, 0x7a, 0xce, 0xff, 0x7a, 0xce, 0xff, 0x7a, 0xce, 0xff, 0x7a, 0xce, 0xff, 0x7a, 0xce, 0xff,
    0x7a, 0xce, 0xff, 0x7a, 0xce, 0xff, 0x7a, 0xce, 0xff, 0x7a, 0xce, 0xff, 0x7a, 0xce, 0xff, 0x7a,
    0xce, 0xff, 0x7a, 0xce, 0xff, 0x7a, 0xce, 0xff, 0x7a, 0xce, 0xff, 0x7a, 0xce, 0xff, 0x7a, 0xce,
    0xff, 0x7a, 0xce, 0xff, 0x7a, 0xce, 0xff, 0x7a, 0xce, 0xff, 0x7a, 0xce, 0xff, 0x7a, 0xce, 0xff,
    0x7a, 0xce, 0xff, 0x7a, 0xce, 0xff, 0x7a, 0xce, 0xff, 0x7a, 0xce, 0xff, 0x7a, 0xce, 0xff, 0x7a,
    0xce, 0xff, 0x7a, 0xce, 0xff, 0x7a, 0xce, 0xff, 0x7a, 0xce, 0xff, 0x7a, 0xce, 0xff, 0x7a, 0xce,
    0xff, 0x7a, 0xce, 0xff, 0x7a, 0xce, 0xff, 0x7a, 0xce, 0xff, 0x7a, 0xce, 0xff, 0x7a, 0xce, 0xff,
    0x7a, 0xce, 0xff, 0x7a, 0xce, 0xff, 0x7a, 0xce, 0xff, 0x7a, 0xce, 0xff, 0x7a, 0xce, 0xff, 0x7a,
    0xce, 0xff, 0x7a, 0xce, 0xff, 0x7a, 0xce, 0xff, 0x7a, 0xce, 0xff, 0x7a, 0xce, 0xff, 0x7a, 0xce,
    0xff, 0x7a, 0xce, 0xff, 0x7a, 0xce, 0xff, 0x7a, 0xce, 0xff, 0x7a, 0xce, 0xff, 0x7a, 0xce, 0xff,
    0x7a, 0xce, 0xff, 0x7a, 0xce, 0xff, 0x7a, 0xce, 0xff, 0x7a, 0xce, 0xff, 0x7a, 0xce, 0xff, 0x7a,
    0xce, 0xff, 0x7a, 0xce, 0xff, 0x7a, 0xce, 0xff, 0x7a, 0xce, 0xff, 0x7a, 0xce, 0xff, 0x7a, 0xce,
    0xff, 0x7a, 0xce, 0xff, 0x7a, 0xce, 0xff, 0x7a, 0xce, 0xff, 0x7a, 0xce, 0xff, 0x7a, 0xce, 0xff,
    0x7a, 0xce, 0xff, 0x7a, 0xce, 0xff, 0x7a, 0xce, 0xff, 0x7a, 0xce, 0xff, 0x7a, 0xce, 0xff, 0x7a,
    0xce, 0xff, 0x7a, 0xce, 0xff, 0x7a, 0xce, 0xff, 0x7a, 0xce, 0xff, 0x7a, 0xce, 0xff, 0x7a, 0xce,
    0xff, 0x7a, 0xce, 0xff, 0x7a, 0xce, 0xff, 0x7a, 0xce, 0xff, 0x7a, 0xce, 0xff, 0x7a, 0xce, 0xff,
    0x7a, 0xce, 0xff, 0x7a, 0xce, 0xff, 0x7a, 0xce, 0xff, 0x7a, 0xce, 0xff, 0x7a, 0xce, 0xff, 0x7a,
    0xce, 0xff, 0x7a, 0xce, 0xff, 0x7a, 0xce, 0xff, 0x7a, 0xce, 0xff, 0x7a, 0xce, 0xff, 0x7a, 0xce,
    0xff, 0x7a, 0xce, 0xff, 0x7a, 0xce, 0xff, 0x7a, 0xce, 0xff, 0x7a, 0xce, 0xff, 0x7a, 0xce, 0xff,
    0x7a, 0xce, 0xff, 0x7a, 0xce, 0xff, 0x7a, 0xce, 0xff, 0x7a, 0xce, 0xff, 0x7a, 0xce, 0xff, 0x7a,
    0xce, 0xff, 0x7a, 0xce, 0xff, 0x7a, 0xce, 0xff, 0x7a, 0xce, 0xff, 0x7a, 0xce, 0xff, 0x7a, 0xce,
    0xff, 0x7a, 0xce, 0xff, 0x7a, 0xce, 0xff, 0x7a, 0xce, 0xff, 0x7a, 0xce, 0xff, 0x7a, 0xce, 0xff,
    0x7a, 0xce, 0xff, 0x7a, 0xce, 0xff, 0x7a, 0xce, 0xff, 0x7a, 0xce, 0xff, 0x7a, 0xce, 0xff, 0x7a,
    0xce, 0xff, 0x7a, 0xce, 0xff, 0x7a, 0xce, 0xff, 0x7a, 0xce, 0xff, 0x7a, 0xce, 0xff, 0x7a, 0xce,
    0xff, 0x7a, 0xce, 0xff, 0x7a, 0xce, 0xff, 0x7a, 0xce, 0xff, 0x7a, 0xce, 0xff, 0x7a, 0xce, 0xff,
    0x7a, 0xce, 0xff, 0x7a, 0xce, 0xff, 0x7a, 0xce, 0xff, 0x7a, 0xce, 0xff, 0x7a, 0xce, 0xff, 0x7a,
    0xce, 0xff, 0x7a, 0xce, 0xff, 0x7a, 0xce, 0xff, 0x7a, 0xce, 0xff, 0x7a, 0xce, 0xff, 0x7a, 0xce,
    0xff, 0x7a, 0xce, 0xff, 0x7a, 0xce, 0xff, 0x7a, 0xce, 0xff, 0x7a, 0xce, 0xff, 0x7a, 0xce, 0xff,
    0x7a, 0xce, 0xff, 0x7a, 0xce, 0xff, 0x7a, 0xce, 0xff, 0x7a, 0xce, 0xff, 0x7a, 0xce, 0xff, 0x7a,
    0xce, 0xff, 0x7a, 0xce, 0xff, 0x7a, 0xce, 0xff, 0x7a, 0xce, 0xff, 0x7a, 0xce, 0xff, 0x7a, 0xce,
    0xff, 0x7a, 0xce, 0xff, 0x7a, 0xce, 0xff, 0x7a, 0xce, 0xff, 0x7a, 0xce, 0xff, 0x7a, 0xce, 0xff,
    0x7a, 0xce, 0xff, 0x7a, 0xce, 0xff, 0x7a, 0xce, 0xff, 0x7a, 0xce, 0xff, 0x7a, 0xce, 0xff, 0x7a,
    0xce, 0xff, 0x7a, 0xce, 0xff, 0x7a, 0xce, 0xff, 0x7a, 0xce, 0xff, 0x7a, 0xce, 0xff, 0x7a, 0xce,
    0xff, 0x7a, 0xce, 0xff, 0x7a, 0xce, 0xff, 0x7a, 0xce, 0xff, 0x7a, 0xce, 0xff, 0x7a, 0xce, 0xff,
    0x7a, 0xce, 0xff, 0x7a, 0xce, 0xff, 0x7a, 0xce, 0xff, 0x7a, 0xce, 0xff, 0x7a, 0xce, 0xff, 0x7a,
    0xce, 0xff, 0x7a, 0xce, 0xff, 0x7a, 0xce, 0xff, 0x7a, 0xce, 0xff, 0x7a, 0xce, 0xff, 0x7a, 0xce,
    0xff, 0x7a, 0xce, 0xff, 0x7a, 0xce, 0xff, 0x7a, 0xce, 0xff, 0x7a, 0xce, 0xff, 0x7a, 0xce, 0xff,
    0x7a, 0xce, 0xff, 0x7a, 0xce, 0xff, 0x7a, 0xce, 0xff, 0x7a, 0xce, 0xff, 0x7a, 0xce, 0xff, 0x7a,
    0xce, 0xff, 0x7a, 0xce, 0xff, 0x7a, 0xce, 0xff, 0x7a, 0xce, 0xff, 0x7a, 0xce, 0xff, 0x7a, 0xce,
    0xff, 0x7a, 0xce, 0xff, 0x7a, 0xce, 0xff, 0x7a, 0xce, 0xff, 0x7a, 0xce, 0xff, 0x7a, 0xce, 0xff,
    0x7a, 0xce, 0xff, 0x7a, 0xce, 0xff, 0x7a, 0xce, 0xff, 0x7a, 0xce, 0xff, 0x7a, 0xce, 0xff, 0x7a,
    0xce, 0xff, 0x7a, 0xce, 0xff, 0x7a, 0xce, 0xff, 0x7a, 0xce, 0xff, 0x7a, 0xce, 0xff, 0x7a, 0xce,
    0xff, 0x7a, 0xce, 0xff, 0x7a, 0xce, 0xff, 0x7a, 0xce, 0xff, 0x7a, 0xce, 0xff, 0x7a, 0xce, 0xff,
    0x7a, 0xce, 0xff, 0x7a, 0xce, 0xff, 0x7a, 0xce, 0xff, 0x7a, 0xce, 0xff, 0x7a, 0xce, 0xff, 0x7a,
    0xce, 0xff, 0x7a, 0xce, 0xff, 0x7a, 0xce, 0xff, 0x7a, 0xce, 0xff, 0x7a, 0xce, 0xff, 0x7a, 0xce,
    0xff, 0x7a, 0xce, 0xff, 0x7a, 0xce, 0xff, 0x7a, 0xce, 0xff, 0x7a, 0xce, 0xff, 0x7a, 0xce, 0xff,
    0x7a, 0xce, 0xff, 0x7a, 0xce, 0xff, 0x7a, 0xce, 0xff, 0x7a, 0xce, 0xff, 0x7a, 0xce, 0xff, 0x7a,
    0xce, 0xff, 0x7a, 0xce, 0xff, 0x7a, 0xce, 0xff, 0x7a, 0xce, 0xff, 0x7a, 0xce, 0xff, 0x7a, 0xce,
    0xff, 0x7a, 0xce, 0xff, 0x7a, 0xce, 0xff, 0x7a, 0xce, 0xff, 0x7a, 0xce, 0xff, 0x7a, 0xce, 0xff,
    0x7a, 0xce, 0xff, 0x7a, 0xce, 0xff, 0x7a, 0xce, 0xff, 0x7a, 0xce, 0xff, 0x7a, 0xce, 0xff, 0x7a,
    0xce, 0xff, 0x7a, 0xce, 0xff, 0x7a, 0xce, 0xff, 0x7a, 0xce, 0xff, 0x7a, 0xce, 0xff, 0x7a, 0xce,
    0xff, 0x7a, 0xce, 0xff, 0x7a, 0xce, 0xff, 0x7a, 0xce, 0xff, 0x7a, 0xce, 0xff, 0x7a, 0xce, 0xff,
    0x7a, 0xce, 0xff, 0x7a, 0xce, 0xff, 0x7a, 0xce, 0xff, 0x7a, 0xce, 0xff, 0x7a, 0xce, 0xff, 0x7a,
    0xce, 0xff, 0x7a, 0xce, 0xff, 0x7a, 0xce, 0xff, 0x7a, 0xce, 0xff, 0x7a, 0xce, 0xff, 0x7a, 0xce,
    0xff, 0x7a, 0xce, 0xff, 0x7a, 0xce, 0xff, 0x7a, 0xce, 0xff, 0x7a, 0xce, 0xff, 0x7a, 0xce, 0xff,
    0x7a, 0xce, 0xff, 0x7a, 0xce, 0xff, 0x7a, 0xce, 0xff, 0x7a, 0xce, 0xff, 0x7a, 0xce, 0xff, 0x7a,
    0xce, 0xff, 0x7a, 0xce, 0xff, 0x7a, 0xce, 0xff, 0x7a, 0xce, 0xff, 0x7a, 0xce, 0xff, 0x7a, 0xce,
    0xff, 0x7a, 0xce, 0xff, 0x7a, 0xce, 0xff, 0x7a, 0xce, 0xff, 0x7a, 0xce, 0xff, 0x7a, 0xce, 0xff,
    0x7a, 0xce, 0xff, 0x7a, 0xce, 0xff, 0x7a, 0xce, 0xff, 0x7a, 0xce, 0xff, 0x7a, 0xce, 0xff, 0x7a,
    0xce, 0xff, 0x7a, 0xce, 0xff, 0x7a, 0xce, 0xff, 0x7a, 0xce, 0xff, 0x7a, 0xce, 0xff, 0x7a, 0xce,
    0xff, 0x7a, 0xce, 0xff, 0x7a, 0xce, 0xff, 0x7a, 0xce, 0xff, 0x7a, 0xce, 0xff, 0x7a, 0xce, 0xff,
    0x7a, 0xce, 0xff, 0x7a, 0xce, 0xff, 0x7a, 0xce, 0xff, 0x7a, 0xce, 0xff, 0x7a, 0xce, 0xff, 0x7a,
    0xce, 0xff, 0x7a, 0xce, 0xff, 0x7a, 0xce, 0xff, 0x7a, 0xce, 0xff, 0x7a, 0xce, 0xff, 0x7a, 0xce,
    0xff, 0x7a, 0xce, 0xff, 0x7a, 0xce, 0xff, 0x7a, 0xce, 0xff, 0x7a, 0xce, 0xff, 0x7a, 0xce, 0xff,
    0x7a, 0xce, 0xff, 0x7a, 0xce, 0xff, 0x7a, 0xce, 0xff, 0x7a, 0xce, 0xff, 0x7a, 0xce, 0xff, 0x7a,
    0xce, 0xff, 0x7a, 0xce, 0xff, 0x7a, 0xce, 0xff, 0x7a, 0xce, 0xff, 0x7a, 0xce, 0xff, 0x7a, 0xce,
    0xff, 0x7a, 0xce, 0xff, 0x7a, 0xce, 0xff, 0x7a, 0xce, 0xff, 0x7a, 0xce, 0xff, 0x7a, 0xce, 0xff,
    0x7a, 0xce, 0xff, 0x7a, 0xce, 0xff, 0x7a, 0xce, 0xff, 0x7a, 0xce, 0xff, 0x7a, 0xce, 0xff, 0x7a,
    0xce, 0xff, 0x7a, 0xce, 0xff, 0x7a, 0xce, 0xff, 0x7a, 0xce, 0xff, 0x7a, 0xce, 0xff, 0x7a, 0xce,
    0xff, 0x7a, 0xce, 0xff, 0x7a, 0xce, 0xff, 0x7a, 0xce, 0xff, 0x7a, 0xce, 0xff, 0x7a, 0xce, 0xff,
    0x7a, 0xce, 0xff, 0x7a, 0xce, 0xff, 0x7a, 0xce, 0xff, 0x7a, 0xce, 0xff, 0x7a, 0xce, 0xff, 0x7a,
    0xce, 0xff, 0x7a, 0xce, 0xff, 0x7a, 0xce, 0xff, 0x7a, 0xce, 0xff, 0x7a, 0xce, 0xff, 0x7a, 0xce,
    0xff, 0x7a, 0xce, 0xff, 0x7a, 0xce, 0xff, 0x7a, 0xce, 0xff, 0x7a, 0xce, 0xff, 0x7a, 0xce, 0xff,
    0x7a, 0xce, 0xff, 0x7a, 0xce, 0xff, 0x7a, 0xce, 0xff, 0x7a, 0xce, 0xff, 0x7a, 0xce, 0xff, 0x7a,
    0xce, 0xff, 0x7a, 0xce, 0xff, 0x7a, 0xce, 0xff, 0x7a, 0xce, 0xff, 0x7a, 0xce, 0xff, 0x7a, 0xce,
    0xff, 0x7a, 0xce, 0xff, 0x7a, 0xce, 0xff, 0x7a, 0xce, 0xff, 0x7a, 0xce, 0xff, 0x7a, 0xce, 0xff,
    0x7a, 0xce, 0xff, 0x7a, 0xce, 0xff, 0x7a, 0xce, 0xff, 0x7a, 0xce, 0xff, 0x7a, 0xce, 0xff, 0x7a,
    0xce, 0xff, 0x7a, 0xce, 0xff, 0x7a, 0xce, 0xff, 0x7a, 0xce, 0xff, 0x7a, 0xce, 0xff, 0x7a, 0xce,
    0xff, 0x7a, 0xce, 0xff, 0x7a, 0xce, 0xff, 0x7a, 0xce, 0xff, 0x7a, 0xce, 0xff, 0x7a, 0xce, 0xff,
    0x7a, 0xce, 0xff, 0x7a, 0xce, 0xff, 0x7a, 0xce, 0xff, 0x7a, 0xce, 0xff, 0x7a, 0xce, 0xff, 0x7a,
    0xce, 0xff, 0x7a, 0xce, 0xff, 0x7a, 0xce, 0xff, 0x7a, 0xce, 0xff, 0x7a, 0xce, 0xff, 0x7a, 0xce,
    0xff, 0x7a, 0xce, 0xff, 0x7a, 0xce, 0xff, 0x7a, 0xce, 0xff, 0x7a, 0xce, 0xff, 0x7a, 0xce, 0xff,
    0x7a, 0xce, 0xff, 0x7a, 0xce, 0xff, 0x7a, 0xce, 0xff, 0x7a, 0xce, 0xff, 0x7a, 0xce, 0xff, 0x7a,
    0xce, 0xff, 0x7a, 0xce, 0xff, 0x7a, 0xce, 0xff, 0x7a, 0xce, 0xff, 0x7a, 0xce, 0xff, 0x7a, 0xce,
    0xff, 0x7a, 0xce, 0xff, 0x7a, 0xce, 0xff, 0x7a, 0xce, 0xff, 0x7a, 0xce, 0xff, 0x7a, 0xce, 0xff,
    0x7a, 0xce, 0xff, 0x7a, 0xce, 0xff, 0x7a, 0xce, 0xff, 0x7a, 0xce, 0xff, 0x7a, 0xce, 0xff, 0x7a,
    0xce, 0xff, 0x7a, 0xce, 0xff, 0x7a, 0xce, 0xff, 0x7a, 0xce, 0xff, 0x7a, 0xce, 0xff, 0x7a, 0xce,
    0xff, 0x7a, 0xce, 0xff, 0x7a, 0xce, 0xff, 0x7a, 0xce, 0xff, 0x7a, 0xce, 0xff, 0x7a, 0xce, 0xff,
    0x7a, 0xce, 0xff, 0x7a, 0xce, 0xff, 0x7a, 0xce, 0xff, 0x7a, 0xce, 0xff, 0x7a, 0xce, 0xff, 0x7a,
    0xce, 0xff, 0x7a, 0xce, 0xff, 0x7a, 0xce, 0xff, 0x7a, 0xce, 0xff, 0x7a, 0xce, 0xff, 0x7a, 0xce,
    0xff, 0x7a, 0xce, 0xff, 0x7a, 0xce, 0xff, 0x7a, 0xce, 0xff, 0x7a, 0xce, 0xff, 0x7a, 0xce, 0xff,
    0x7a, 0xce, 0xff, 0x7a, 0xce, 0xff, 0x7a, 0xce, 0xff, 0x7a, 0xce, 0xff, 0x7a, 0xce, 0xff, 0x7a,
    0xce, 0xff, 0x7a, 0xce, 0xff, 0x7a, 0xce, 0xff, 0x7a, 0xce, 0xff, 0x7a, 0xce, 0xff, 0x7a, 0xce,
    0xff, 0x7a, 0xce, 0xff, 0x7a, 0xce, 0xff, 0x7a, 0xce, 0xff, 0x7a, 0xce, 0xff, 0x7a, 0xce, 0xff,
    0x7a, 0xce, 0xff, 0x7a, 0xce, 0xff, 0x7a, 0xce, 0xff, 0x7a, 0xce, 0xff, 0x7a, 0xce, 0xff, 0x7a,
    0xce, 0xff, 0x7a, 0xce, 0xff, 0x7a, 0xce, 0xff, 0x7a, 0xce, 0xff, 0x7a, 0xce, 0xff, 0x7a, 0xce,
    0xff, 0x7a, 0xce, 0xff, 0x7a, 0xce, 0xff, 0x7a, 0xce, 0xff, 0x7a, 0xce, 0xff, 0x7a, 0xce, 0xff,
    0x7a, 0xce, 0xff, 0x7a, 0xce, 0xff, 0x7a, 0xce, 0xff, 0x7a, 0xce, 0xff, 0x7a, 0xce, 0xff, 0x7a,
    0xce, 0xff, 0x7a, 0xce, 0xff, 0x7a, 0xce, 0xff, 0x7a, 0xce, 0xff, 0x7a, 0xce, 0xff, 0x7a, 0xce,
    0xff, 0x7a, 0xce, 0xff, 0x7a, 0xce, 0xff, 0x7a, 0xce, 0xff, 0x7a, 0xce, 0xff, 0x7a, 0xce, 0xff,
    0x7a, 0xce, 0xff, 0x7a, 0xce, 0xff, 0x7a, 0xce, 0xff, 0x7a, 0xce, 0xff, 0x7a, 0xce, 0xff, 0x7a,
    0xce, 0xff, 0x7a, 0xce, 0xff, 0x7a, 0xce, 0xff, 0x7a, 0xce, 0xff, 0x7a, 0xce, 0xff, 0x7a, 0xce,
    0xff, 0x7a, 0xce, 0xff, 0x7a, 0xce, 0xff, 0x7a, 0xce, 0xff, 0x7a, 0xce, 0xff, 0x7a, 0xce, 0xff,
    0x7a, 0xce, 0xff, 0x7a, 0xce, 0xff, 0x7a, 0xce, 0xff, 0x7a, 0xce, 0xff, 0x7a, 0xce, 0xff, 0x7a,
    0xce, 0xff, 0x7a, 0xce, 0xff, 0x7a, 0xce, 0xff, 0x7a, 0xce, 0xff, 0x7a, 0xce, 0xff, 0x7a, 0xce,
    0xff, 0x7a, 0xce, 0xff, 0x7a, 0xce, 0xff, 0x7a, 0xce, 0xff, 0x7a, 0xce, 0xff, 0x7a, 0xce, 0xff,
    0x7a, 0xce, 0xff, 0x7a, 0xce, 0xff, 0x7a, 0xce, 0xff, 0x7a, 0xce, 0xff, 0x7a, 0xce, 0xff, 0x7a,
    0xce, 0xff, 0x7a, 0xce, 0xff, 0x7a, 0xce, 0xff, 0x7a, 0xce, 0xff, 0x7a, 0xce, 0xff, 0x7a, 0xce,
    0xff, 0x7a, 0xce, 0xff, 0x7a, 0xce, 0xff, 0x7a, 0xce, 0xff, 0x7a, 0xce, 0xff, 0x7a, 0xce, 0xff,
    0x7a, 0xce, 0xff, 0x7a, 0xce, 0xff, 0x7a, 0xce, 0xff, 0x7a, 0xce, 0xff, 0x7a, 0xce, 0xff, 0x7a,
    0xce, 0xff, 0x7a, 0xce, 0xff, 0x7a, 0xce, 0xff, 0x7a, 0xce, 0xff, 0x7a, 0xce, 0xff, 0x7a, 0xce,
    0xff, 0x7a, 0xce, 0xff, 0x7a, 0xce, 0xff, 0x7a, 0xce, 0xff, 0x7a, 0xce, 0xff, 0x7a, 0xce, 0xff,
    0x7a, 0xce, 0xff, 0x7a, 0xce, 0xff, 0x7a, 0xce, 0xff, 0x7a, 0xce, 0xff, 0x7a, 0xce, 0xff, 0x7a,
    0xce, 0xff, 0x7a, 0xce, 0xff, 0x7a, 0xce, 0xff, 0x7a, 0xce, 0xff, 0x7a, 0xce, 0xff, 0x7a, 0xce,
    0xff, 0x7a, 0xce, 0xff, 0x7a, 0xce, 0xff, 0x7a, 0xce, 0xff, 0x7a, 0xce, 0xff, 0x7a, 0xce, 0xff,
    0x7a, 0xce, 0xff, 0x7a, 0xce, 0xff, 0x7a, 0xce, 0xff, 0x7a, 0xce, 0xff, 0x7a, 0xce, 0xff, 0x7a,
    0xce, 0xff, 0x7a, 0xce, 0xff, 0x7a, 0xce, 0xff, 0x7a, 0xce, 0xff, 0x7a, 0xce, 0xff, 0x7a, 0xce,
    0xff, 0x7a, 0xce, 0xff, 0x7a, 0xce, 0xff, 0x7a, 0xce, 0xff, 0x7a, 0xce, 0xff, 0x7a, 0xce, 0xff,
    0x7a, 0xce, 0xff, 0x7a, 0xce, 0xff, 0x7a, 0xce, 0xff, 0x7a, 0xce, 0xff, 0x7a, 0xce, 0xff, 0x7a,
    0xce, 0xff, 0x7a, 0xce, 0xff, 0x7a, 0xce, 0xff, 0x7a, 0xce, 0xff, 0x7a, 0xce, 0xff, 0x7a, 0xce,
    0xff, 0x7a, 0xce, 0xff, 0x7a, 0xce, 0xff, 0x7a, 0xce, 0xff, 0x7a, 0xce, 0xff, 0x7a, 0xce, 0xff,
    0x7a, 0xce, 0xff, 0x7a, 0xce, 0xff, 0x7a, 0xce, 0xff, 0x7a, 0xce, 0xff, 0x7a, 0xce, 0xff, 0x7a,
    0xce, 0xff, 0x7a, 0xce, 0xff, 0x7a, 0xce, 0xff, 0x7a, 0xce, 0xff, 0x7a, 0xce, 0xff, 0x7a, 0xce,
    0xff, 0x7a, 0xce, 0xff, 0x7a, 0xce, 0xff, 0x7a, 0xce, 0xff, 0x7a, 0xce, 0xff, 0x7a, 0xce, 0xff,
    0x7a, 0xce, 0xff, 0x7a, 0xce, 0xff, 0x7a, 0xce, 0xff, 0x7a, 0xce, 0xff, 0x7a, 0xce, 0xff, 0x7a,
    0xce, 0xff, 0x7a, 0xce, 0xff, 0x7a, 0xce, 0xff, 0x7a, 0xce, 0xff, 0x7a, 0xce, 0xff, 0x7a, 0xce,
    0xff, 0x7a, 0xce, 0xff, 0x7a, 0xce, 0xff, 0x7a, 0xce, 0xff, 0x7a, 0xce, 0xff, 0x7a, 0xce, 0xff,
    0x7a, 0xce, 0xff, 0x7a, 0xce, 0xff, 0x7a, 0xce, 0xff, 0x7a, 0xce, 0xff, 0x7a, 0xce, 0xff, 0x7a,
    0xce, 0xff, 0x7a, 0xce, 0xff, 0x7a, 0xce, 0xff, 0x7a, 0xce, 0xff, 0x7a, 0xce, 0xff, 0x7a, 0xce,
    0xff, 0x7a, 0xce, 0xff, 0x7a, 0xce, 0xff, 0x7a, 0xce, 0xff, 0x7a, 0xce, 0xff, 0x7a, 0xce, 0xff,
    0x7a, 0xce, 0xff, 0x7a, 0xce, 0xff, 0x7a, 0xce, 0xff, 0x7a, 0xce, 0xff, 0x7a, 0xce, 0xff, 0x7a,
    0xce, 0xff, 0x7a, 0xce, 0xff, 0x7a, 0xce, 0xff, 0x7a, 0xce, 0xff, 0x7a, 0xce, 0xff, 0x7a, 0xce,
    0xff, 0x7a, 0xce, 0xff, 0x7a, 0xce, 0xff, 0x7a, 0xce, 0xff, 0x7a, 0xce, 0xff, 0x7a, 0xce, 0xff,
    0x7a, 0xce, 0xff, 0x7a, 0xce, 0xff, 0x7a, 0xce, 0xff, 0x7a, 0xce, 0xff, 0x7a, 0xce, 0xff, 0x7a,
    0xce, 0xff, 0x7a, 0xce, 0xff, 0x7a, 0xce, 0xff, 0x7a, 0xce, 0xff, 0x7a, 0xce, 0xff, 0x7a, 0xce,
    0xff, 0x7a, 0xce, 0xff, 0x7a, 0xce, 0xff, 0x7a, 0xce, 0xff, 0x7a, 0xce, 0xff, 0x7a, 0xce, 0xff,
    0x7a, 0xce, 0xff, 0x7a, 0xce, 0xff, 0x7a, 0xce, 0xff, 0x7a, 0xce, 0xff, 0x7a, 0xce, 0xff, 0x7a,
    0xce, 0xff, 0x7a, 0xce, 0xff, 0x7a, 0xce, 0xff, 0x7a, 0xce, 0xff, 0x7a, 0xce, 0xff, 0x7a, 0xce,
    0xff, 0x7a, 0xce, 0xff, 0x7a, 0xce, 0xff, 0x7a, 0xce, 0xff, 0x7a, 0xce, 0xff, 0x7a, 0xce, 0xff,
    0x7a, 0xce, 0xff, 0x7a, 0xce, 0xff, 0x7a, 0xce, 0xff, 0x7a, 0xce, 0xff, 0x7a, 0xce, 0xff, 0x7a,
    0xce, 0xff, 0x7a, 0xce, 0xff, 0x7a, 0xce, 0xff, 0x7a, 0xce, 0xff, 0x7a, 0xce, 0xff, 0x7a, 0xce,
    0xff, 0x7a, 0xce, 0xff, 0x7a, 0xce, 0xff, 0x7a, 0xce, 0xff, 0x7a, 0xce, 0xff, 0x7a, 0xce, 0xff,
    0x7a, 0xce, 0xff, 0x7a, 0xce, 0xff, 0x7a, 0xce, 0xff, 0x7a, 0xce, 0xff, 0x7a, 0xce, 0xff, 0x7a,
    0xce, 0xff, 0x7a, 0xce, 0xff, 0x7a, 0xce, 0xff, 0x7a, 0xce, 0xff, 0x7a, 0xce, 0xff, 0x7a, 0xce,
    0xff, 0x7a, 0xce, 0xff, 0x7a, 0xce, 0xff, 0x7a, 0xce, 0xff, 0x7a, 0xce, 0xff, 0x7a, 0xce, 0xff,
    0x7a, 0xce, 0xff, 0x7a, 0xce, 0xff, 0x7a, 0xce, 0xff, 0x7a, 0xce, 0xff, 0x7a, 0xce, 0xff, 0x7a,
    0xce, 0xff, 0x7a, 0xce, 0xff, 0x7a, 0xce, 0xff, 0x7a, 0xce, 0xff, 0x7a, 0xce, 0xff, 0x7a, 0xce,
    0xff, 0x7a, 0xce, 0xff, 0x7a, 0xce, 0xff, 0x7a, 0xce, 0xff, 0x7a, 0xce, 0xff, 0x7a, 0xce, 0xff,
    0x7a, 0xce, 0xff, 0x7a, 0xce, 0xff, 0x7a, 0xce, 0xff, 0x7a, 0xce, 0xff, 0x7a, 0xce, 0xff, 0x7a,
    0xce, 0xff, 0x7a, 0xce, 0xff, 0x7a, 0xce, 0xff, 0x7a, 0xce, 0xff, 0x7a, 0xce, 0xff, 0x7a, 0xce,
    0xff, 0x7a, 0xce, 0xff, 0x7a, 0xce, 0xff, 0x7a, 0xce, 0xff, 0x7a, 0xce, 0xff, 0x7a, 0xce, 0xff,
    0x7a, 0xce, 0xff, 0x7a, 0xce, 0xff, 0x7a, 0xce, 0xff, 0x7a, 0xce, 0xff, 0x7a, 0xce, 0xff, 0x7a,
    0xce, 0xff, 0x7a, 0xce, 0xff, 0x7a, 0xce, 0xff, 0x7a, 0xce, 0xff, 0x7a, 0xce, 0xff, 0x7a, 0xce,
    0xff, 0x7a, 0xce, 0xff, 0x7a, 0xce, 0xff, 0x7a, 0xce, 0xff, 0x7a, 0xce, 0xff, 0x7a, 0xce, 0xff,
    0x7a, 0xce, 0xff, 0x7a, 0xce, 0xff, 0x7a, 0xce, 0xff, 0x7a, 0xce, 0xff, 0x7a, 0xce, 0xff, 0x7a,
    0xce, 0xff, 0x7a, 0xce, 0xff, 0x7a, 0xce, 0xff, 0x7a, 0xce, 0xff, 0x7a, 0xce, 0xff, 0x7a, 0xce,
    0xff, 0x7a, 0xce, 0xff, 0x7a, 0xce, 0xff, 0x7a, 0xce, 0xff, 0x7a, 0xce, 0xff, 0x7a, 0xce, 0xff,
    0x7a, 0xce, 0xff, 0x7a, 0xce, 0xff, 0x7a, 0xce, 0xff, 0x7a, 0xce, 0xff, 0x7a, 0xce, 0xff, 0x7a,
    0xce, 0xff, 0x7a, 0xce, 0xff, 0x7a, 0xce, 0xff, 0x7a, 0xce, 0xff, 0x7a, 0xce, 0xff, 0x7a, 0xce,
    0xff, 0x7a, 0xce, 0xff, 0x7a, 0xce, 0xff, 0x7a, 0xce, 0xff, 0x7a, 0xce, 0xff, 0x7a, 0xce, 0xff,
    0x7a, 0xce, 0xff, 0x7a, 0xce, 0xff, 0x7a, 0xce, 0xff, 0x7a, 0xce, 0xff, 0x7a, 0xce, 0xff, 0x7a,
    0xce, 0xff, 0x7a, 0xce, 0xff, 0x7a, 0xce, 0xff, 0x7a, 0xce, 0xff, 0x7a, 0xce, 0xff, 0x7a, 0xce,
    0xff, 0x7a, 0xce, 0xff, 0x7a, 0xce, 0xff, 0x7a, 0xce, 0xff, 0x7a, 0xce, 0xff, 0x7a, 0xce, 0xff,
    0x7a, 0xce, 0xff, 0x7a, 0xce, 0xff, 0x7a, 0xce, 0xff, 0x7a, 0xce, 0xff, 0x7a, 0xce, 0xff, 0x7a,
    0xce, 0xff, 0x7a, 0xce, 0xff, 0x7a, 0xce, 0xff, 0x7a, 0xce, 0xff, 0x7a, 0xce, 0xff, 0x7a, 0xce,
    0xff, 0x7a, 0xce, 0xff, 0x7a, 0xce, 0xff, 0x7a, 0xce, 0xff, 0x7a, 0xce, 0xff, 0x7a, 0xce, 0xff,
    0x7a, 0xce, 0xff, 0x7a, 0xce, 0xff, 0x7a, 0xce, 0xff, 0x7a, 0xce, 0xff, 0x7a, 0xce, 0xff, 0x7a,
    0xce, 0xff, 0x7a, 0xce, 0xff, 0x7a, 0xce, 0xff, 0x7a, 0xce, 0xff, 0x7a, 0xce, 0xff, 0x7a, 0xce,
    0xff, 0x7a, 0xce, 0xff, 0x7a, 0xce, 0xff, 0x7a, 0xce, 0xff, 0x7a, 0xce, 0xff, 0x7a, 0xce, 0xff,
    0x7a, 0xce, 0xff, 0x7a, 0xce, 0xff, 0x7a, 0xce, 0xff, 0x7a, 0xce, 0xff, 0x7a, 0xce, 0xff, 0x7a,
    0xce, 0xff, 0x7a, 0xce, 0xff, 0x7a, 0xce, 0xff, 0x7a, 0xce, 0xff, 0x7a, 0xce, 0xff, 0x7a, 0xce,
    0xff, 0x7a, 0xce, 0xff, 0x7a, 0xce, 0xff, 0x7a, 0xce, 0xff, 0x7a, 0xce, 0xff, 0x7a, 0xce, 0xff,
    0x7a, 0xce, 0xff, 0x7a, 0xce, 0xff, 0x7a, 0xce, 0xff, 0x7a, 0xce, 0xff, 0x7a, 0xce, 0xff, 0x7a,
    0xce, 0xff, 0x7a, 0xce, 0xff, 0x7a, 0xce, 0xff, 0x7a, 0xce, 0xff, 0x7a, 0xce, 0xff, 0x7a, 0xce,
    0xff, 0x7a, 0xce, 0xff, 0x7a, 0xce, 0xff, 0x7a, 0xce, 0xff, 0x7a, 0xce, 0xff, 0x7a, 0xce, 0xff,
    0x7a, 0xce, 0xff, 0x7a, 0xce, 0xff, 0x7a, 0xce, 0xff, 0x7a, 0xce, 0xff, 0x7a, 0xce, 0xff, 0x7a,
    0xce, 0xff, 0x7a, 0xce, 0xff, 0x7a, 0xce, 0xff, 0x7a, 0xce, 0xff, 0x7a, 0xce, 0xff, 0x7a, 0xce,
    0xff, 0x7a, 0xce, 0xff, 0x7a, 0xce, 0xff, 0x7a, 0xce, 0xff, 0x7a, 0xce, 0xff, 0x7a, 0xce, 0xff,
    0x7a, 0xce, 0xff, 0x7a, 0xce, 0xff, 0x7a, 0xce, 0xff, 0x7a, 0xce, 0xff, 0x7a, 0xce, 0xff, 0x7a,
    0xce, 0xff, 0x7a, 0xce, 0xff, 0x7a, 0xce, 0xff, 0x7a, 0xce, 0xff, 0x7a, 0xce, 0xff, 0x7a, 0xce,
    0xff, 0x7a, 0xce, 0xff, 0x7a, 0xce, 0xff, 0x7a, 0xce, 0xff, 0x7a, 0xce, 0xff, 0x7a, 0xce, 0xff,
    0x7a, 0xce, 0xff, 0x7a, 0xce, 0xff, 0x7a, 0xce, 0xff, 0x7a, 0xce, 0xff, 0x7a, 0xce, 0xff, 0x7a,
    0xce, 0xff, 0x7a, 0xce, 0xff, 0x7a, 0xce, 0xff, 0x7a, 0xce, 0xff, 0x7a, 0xce, 0xff, 0x7a, 0xce,
    0xff, 0x7a, 0xce, 0xff, 0x7a, 0xce, 0xff, 0x7a, 0xce, 0xff, 0x7a, 0xce, 0xff, 0x7a, 0xce, 0xff,
    0x7a, 0xce, 0xff, 0x7a, 0xce, 0xff, 0x7a, 0xce, 0xff, 0x7a, 0xce, 0xff, 0x7a, 0xce, 0xff, 0x7a,
    0xce, 0xff, 0x7a, 0xce, 0xff, 0x7a, 0xce, 0xff, 0x7a, 0xce, 0xff, 0x7a, 0xce, 0xff, 0x7a, 0xce,
    0xff, 0x7a, 0xce, 0xff, 0x7a, 0xce, 0xff, 0x7a, 0xce, 0xff, 0x7a, 0xce, 0xff, 0x7a, 0xce, 0xff,
    0x7a, 0xce, 0xff, 0x7a, 0xce, 0xff, 0x7a, 0xce, 0xff, 0x7a, 0xce, 0xff, 0x7a, 0xce, 0xff, 0x7a,
    0xce, 0xff, 0x7a, 0xce, 0xff, 0x7a, 0xce, 0xff, 0x7a, 0xce, 0xff, 0x7a, 0xce, 0xff, 0x7a, 0xce,
    0xff, 0x7a, 0xce, 0xff, 0x7a, 0xce, 0xff, 0x7a, 0xce, 0xff, 0x7a, 0xce, 0xff, 0x7a, 0xce, 0xff,
    0x7a, 0xce, 0xff, 0x7a, 0xce, 0xff, 0x7a, 0xce, 0xff, 0x7a, 0xce, 0xff, 0x7a, 0xce, 0xff, 0x7a,
    0xce, 0xff, 0x7a, 0xce, 0xff, 0x7a, 0xce, 0xff, 0x7a, 0xce, 0xff, 0x7a, 0xce, 0xff, 0x7a, 0xce,
    0xff, 0x7a, 0xce, 0xff, 0x7a, 0xce, 0xff, 0x7a, 0xce, 0xff, 0x7a, 0xce, 0xff, 0x7a, 0xce, 0xff,
    0x7a, 0xce, 0xff, 0x7a, 0xce, 0xff, 0x7a, 0xce, 0xff, 0x7a, 0xce, 0xff, 0x7a, 0xce, 0xff, 0x7a,
    0xce, 0xff, 0x7a, 0xce, 0xff, 0x7a, 0xce, 0xff, 0x7a, 0xce, 0xff, 0x7a, 0xce, 0xff, 0x7a, 0xce,
    0xff, 0x7a, 0xce, 0xff, 0x7a, 0xce, 0xff, 0x7a, 0xce, 0xff, 0x7a, 0xce, 0xff, 0x7a, 0xce, 0xff,
    0x7a, 0xce, 0xff, 0x7a, 0xce, 0xff, 0x7a, 0xce, 0xff, 0x7a, 0xce, 0xff, 0x7a, 0xce, 0xff, 0x7a,
    0xce, 0xff, 0x7a, 0xce, 0xff, 0x7a, 0xce, 0xff, 0x7a, 0xce, 0xff, 0x7a, 0xce, 0xff, 0x7a, 0xce,
    0xff, 0x7a, 0xce, 0xff, 0x7a, 0xce, 0xff, 0x7a, 0xce, 0xff, 0x7a, 0xce, 0xff, 0x7a, 0xce, 0xff,
    0x7a, 0xce, 0xff, 0x7a, 0xce, 0xff, 0x7a, 0xce, 0xff, 0x7a, 0xce, 0xff, 0x7a, 0xce, 0xff, 0x7a,
    0xce, 0xff, 0x7a, 0xce, 0xff, 0x7a, 0xce, 0xff, 0x7a, 0xce, 0xff, 0x7a, 0xce, 0xff, 0x7a, 0xce,
    0xff, 0x7a, 0xce, 0xff, 0x7a, 0xce, 0xff, 0x7a, 0xce, 0xff, 0x7a, 0xce, 0xff, 0x7a, 0xce, 0xff,
    0x7a, 0xce, 0xff, 0x7a, 0xce, 0xff, 0x7a, 0xce, 0xff, 0x7a, 0xce, 0xff, 0x7a, 0xce, 0xff, 0x7a,
    0xce, 0xff, 0x7a, 0xce, 0xff, 0x7a, 0xce, 0xff, 0x7a, 0xce, 0xff, 0x7a, 0xce, 0xff, 0x7a, 0xce,
    0xff, 0x7a, 0xce, 0xff, 0x7a, 0xce, 0xff, 0x7a, 0xce, 0xff, 0x7a, 0xce, 0xff, 0x7a, 0xce, 0xff,
    0x7a, 0xce, 0xff, 0x7a, 0xce, 0xff, 0x7a, 0xce, 0xff, 0x7a, 0xce, 0xff, 0x7a, 0xce, 0xff, 0x7a,
    0xce, 0xff, 0x7a, 0xce, 0xff, 0x7a, 0xce, 0xff, 0x7a, 0xce, 0xff, 0x7a, 0xce, 0xff, 0x7a, 0xce,
    0xff, 0x7a, 0xce, 0xff, 0x7a, 0xce, 0xff, 0x7a, 0xce, 0xff, 0x7a, 0xce, 0xff, 0x7a, 0xce, 0xff,
    0x7a, 0xce, 0xff, 0x7a, 0xce, 0xff, 0x7a, 0xce, 0xff, 0x7a, 0xce, 0xff, 0x7a, 0xce, 0xff, 0x7a,
    0xce, 0xff, 0x7a, 0xce, 0xff, 0x7a, 0xce, 0xff, 0x7a, 0xce, 0xff, 0x7a, 0xce, 0xff, 0x7a, 0xce,
    0xff, 0x7a, 0xce, 0xff, 0x7a, 0xce, 0xff, 0x7a, 0xce, 0xff, 0x7a, 0xce, 0xff, 0x7a, 0xce, 0xff,
    0x7a, 0xce, 0xff, 0x7a, 0xce, 0xff, 0x7a, 0xce, 0xff, 0x7a, 0xce, 0xff, 0x7a, 0xce, 0xff, 0x7a,
    0xce, 0xff, 0x7a, 0xce, 0xff, 0x7a, 0xce, 0xff, 0x7a, 0xce, 0xff, 0x7a, 0xce, 0xff, 0x7a, 0xce,
    0xff, 0x7a, 0xce, 0xff, 0x7a, 0xce, 0xff, 0x7a, 0xce, 0xff, 0x7a, 0xce, 0xff, 0x7a, 0xce, 0xff,
    0x7a, 0xce, 0xff, 0x7a, 0xce, 0xff, 0x7a, 0xce, 0xff, 0x7a, 0xce, 0xff, 0x7a, 0xce, 0xff, 0x7a,
    0xce, 0xff, 0x7a, 0xce, 0xff, 0x7a, 0xce, 0xff, 0x7a, 0xce, 0xff, 0x7a, 0xce, 0xff, 0x7a, 0xce,
    0xff, 0x7a, 0xce, 0xff, 0x7a, 0xce, 0xff, 0x7a, 0xce, 0xff, 0x7a, 0xce, 0xff, 0x7a, 0xce, 0xff,
    0x7a, 0xce, 0xff, 0x7a, 0xce, 0xff, 0x7a, 0xce, 0xff, 0x7a, 0xce, 0xff, 0x7a, 0xce, 0xff, 0x7a,
    0xce, 0xff, 0x7a, 0xce, 0xff, 0x7a, 0xce, 0xff, 0x7a, 0xce, 0xff, 0x7a, 0xce, 0xff, 0x7a, 0xce,
    0xff, 0x7a, 0xce, 0xff, 0x7a, 0xce, 0xff, 0x7a, 0xce, 0xff, 0x7a, 0xce, 0xff, 0x7a, 0xce, 0xff,
    0x7a, 0xce, 0xff, 0x7a, 0xce, 0xff, 0x7a, 0xce, 0xff, 0x7a, 0xce, 0xff, 0x7a, 0xce, 0xff, 0x7a,
    0xce, 0xff, 0x7a, 0xce, 0xff, 0x7a, 0xce, 0xff, 0x7a, 0xce, 0xff, 0x7a, 0xce, 0xff, 0x7a, 0xce,
    0xff, 0x7a, 0xce, 0xff, 0x7a, 0xce, 0xff, 0x7a, 0xce, 0xff, 0x7a, 0xce, 0xff, 0x7a, 0xce, 0xff,
    0x7a, 0xce, 0xff, 0x7a, 0xce, 0xff, 0x7a, 0xce, 0xff, 0x7a, 0xce, 0xff, 0x7a, 0xce, 0xff, 0x7a,
    0xce, 0xff, 0x7a, 0xce, 0xff, 0x7a, 0xce, 0xff, 0x7a, 0xce, 0xff, 0x7a, 0xce, 0xff, 0x7a, 0xce,
    0xff, 0x7a, 0xce, 0xff, 0x7a, 0xce, 0xff, 0x7a, 0xce, 0xff, 0x7a, 0xce, 0xff, 0x7a, 0xce, 0xff,
    0x7a, 0xce, 0xff, 0x7a, 0xce, 0xff, 0x7a, 0xce, 0xff, 0x7a, 0xce, 0xff, 0x7a, 0xce, 0xff, 0x7a,
    0xce, 0xff, 0x7a, 0xce, 0xff, 0x7a, 0xce, 0xff, 0x7a, 0xce, 0xff, 0x7a, 0xce, 0xff, 0x7a, 0xce,
    0xff, 0x7a, 0xce, 0xff, 0x7a, 0xce, 0xff, 0x7a, 0xce, 0xff, 0x7a, 0xce, 0xff, 0x7a, 0xce, 0xff,
    0x7a, 0xce, 0xff, 0x7a, 0xce, 0xff, 0x7a, 0xce, 0xff, 0x7a, 0xce, 0xff, 0x7a, 0xce, 0xff, 0x7a,
    0xce, 0xff, 0x7a, 0xce, 0xff, 0x7a, 0xce, 0xff, 0x7a, 0xce, 0xff, 0x7a, 0xce, 0xff, 0x7a, 0xce,
    0xff, 0x7a, 0xce, 0xff, 0x7a, 0xce, 0xff, 0x7a, 0xce, 0xff, 0x7a, 0xce, 0xff, 0x7a, 0xce, 0xff,
    0x7a, 0xce, 0xff, 0x7a, 0xce, 0xff, 0x7a, 0xce, 0xff, 0x7a, 0xce, 0xff, 0x7a, 0xce, 0xff, 0x7a,
    0xce, 0xff, 0x7a, 0xce, 0xff, 0x7a, 0xce, 0xff, 0x7a, 0xce, 0xff, 0x7a, 0xce, 0xff, 0x7a, 0xce,
    0xff, 0x7a, 0xce, 0xff, 0x7a, 0xce, 0xff, 0x7a, 0xce, 0xff, 0x7a, 0xce, 0xff, 0x7a, 0xce, 0xff,
    0x7a, 0xce, 0xff, 0x7a, 0xce, 0xff, 0x7a, 0xce, 0xff, 0x7a, 0xce, 0xff, 0x7a, 0xce, 0xff, 0x7a,
    0xce, 0xff, 0x7a, 0xce, 0xff, 0x7a, 0xce, 0xff, 0x7a, 0xce, 0xff, 0x7a, 0xce, 0xff, 0x7a, 0xce,
    0xff, 0x7a, 0xce, 0xff, 0x7a, 0xce, 0xff, 0x7a, 0xce, 0xff, 0x7a, 0xce, 0xff, 0x7a, 0xce, 0xff,
    0x7a, 0xce, 0xff, 0x7a, 0xce, 0xff, 0x7a, 0xce, 0xff, 0x7a, 0xce, 0xff, 0x7a, 0xce, 0xff, 0x7a,
    0xce, 0xff, 0x7a, 0xce, 0xff, 0x7a, 0xce, 0xff, 0x7a, 0xce, 0xff, 0x7a, 0xce, 0xff, 0x7a, 0xce,
    0xff, 0x7a, 0xce, 0xff, 0x7a, 0xce, 0xff, 0x7a, 0xce, 0xff, 0x7a, 0xce, 0xff, 0x7a, 0xce, 0xff,
    0x7a, 0xce, 0xff, 0x7a, 0xce, 0xff, 0x7a, 0xce, 0xff, 0x7a, 0xce, 0xff, 0x7a, 0xce, 0xff, 0x7a,
    0xce, 0xff, 0x7a, 0xce, 0xff, 0x7a, 0xce, 0xff, 0x7a, 0xce, 0xff, 0x7a, 0xce, 0xff, 0x7a, 0xce,
    0xff, 0x7a, 0xce, 0xff, 0x7a, 0xce, 0xff, 0x7a, 0xce, 0xff, 0x7a, 0xce, 0xff, 0x7a, 0xce, 0xff,
    0x7a, 0xce, 0xff, 0x7a, 0xce, 0xff, 0x7a, 0xce, 0xff, 0x7a, 0xce, 0xff, 0x7a, 0xce, 0xff, 0x7a,
    0xce, 0xff, 0x7a, 0xce, 0xff, 0x7a, 0xce, 0xff, 0x7a, 0xce, 0xff, 0x7a, 0xce, 0xff, 0x7a, 0xce,
    0xff, 0x7a, 0xce, 0xff, 0x7a, 0xce, 0xff, 0x7a, 0xce, 0xff, 0x7a, 0xce, 0xff, 0x7a, 0xce, 0xff,
    0x7a, 0xce, 0xff, 0x7a, 0xce, 0xff, 0x7a, 0xce, 0xff, 0x7a, 0xce, 0xff, 0x7a, 0xce, 0xff, 0x7a,
    0xce, 0xff, 0x7a, 0xce, 0xff, 0x7a, 0xce, 0xff, 0x7a, 0xce, 0xff, 0x7a, 0xce, 0xff, 0x7a, 0xce,
    0xff, 0x7a, 0xce, 0xff, 0x7a, 0xce, 0xff, 0x7a, 0xce, 0xff, 0x7a, 0xce, 0xff, 0x7a, 0xce, 0xff,
    0x7a, 0xce, 0xff, 0x7a, 0xce, 0xff, 0x7a, 0xce, 0xff, 0x7a, 0xce, 0xff, 0x7a, 0xce, 0xff, 0x7a,
    0xce, 0xff, 0x7a, 0xce, 0xff, 0x7a, 0xce, 0xff, 0x7a, 0xce, 0xff, 0x7a, 0xce, 0xff, 0x7a, 0xce,
    0xff, 0x7a, 0xce, 0xff, 0x7a, 0xce, 0xff, 0x7a, 0xce, 0xff, 0x7a, 0xce, 0xff, 0x7a, 0xce, 0xff,
    0x7a, 0xce, 0xff, 0x7a, 0xce, 0xff, 0x7a, 0xce, 0xff, 0x7a, 0xce, 0xff, 0x7a, 0xce, 0xff, 0x7a,
    0xce, 0xff, 0x7a, 0xce, 0xff, 0x7a, 0xce, 0xff, 0x7a, 0xce, 0xff, 0x7a, 0xce, 0xff, 0x7a, 0xce,
    0xff, 0x7a, 0xce, 0xff, 0x7a, 0xce, 0xff, 0x7a, 0xce, 0xff, 0x7a, 0xce, 0xff, 0x7a, 0xce, 0xff,
    0x7a, 0xce, 0xff, 0x7a, 0xce, 0xff, 0x7a, 0xce, 0xff, 0x7a, 0xce, 0xff, 0x7a, 0xce, 0xff, 0x7a,
    0xce, 0xff, 0x7a, 0xce, 0xff, 0x7a, 0xce, 0xff, 0x7a, 0xce, 0xff, 0x7a, 0xce, 0xff, 0x7a, 0xce,
    0xff, 0x7a, 0xce, 0xff, 0x7a, 0xce, 0xff, 0x7a, 0xce, 0xff, 0x7a, 0xce, 0xff, 0x7a, 0xce, 0xff,
    0x7a, 0xce, 0xff, 0x7a, 0xce, 0xff, 0x7a, 0xce, 0xff, 0x7a, 0xce, 0xff, 0x7a, 0xce, 0xff, 0x7a,
    0xce, 0xff, 0x7a, 0xce, 0xff, 0x7a, 0xce, 0xff, 0x7a, 0xce, 0xff, 0x7a, 0xce, 0xff, 0x7a, 0xce,
    0xff, 0x7a, 0xce, 0xff, 0x7a, 0xce, 0xff, 0x7a, 0xce, 0xff, 0x7a, 0xce, 0xff, 0x7a, 0xce, 0xff,
    0x7a, 0xce, 0xff, 0x7a, 0xce, 0xff, 0x7a, 0xce, 0xff, 0x7a, 0xce, 0xff, 0x7a, 0xce, 0xff, 0x7a,
    0xce, 0xff, 0x7a, 0xce, 0xff, 0x7a, 0xce, 0xff, 0x7a, 0xce, 0xff, 0x7a, 0xce, 0xff, 0x7a, 0xce,
    0xff, 0x7a, 0xce, 0xff, 0x7a, 0xce, 0xff, 0x7a, 0xce, 0xff, 0x7a, 0xce, 0xff, 0x7a, 0xce, 0xff,
    0x7a, 0xce, 0xff, 0x7a, 0xce, 0xff, 0x7a, 0xce, 0xff, 0x7a, 0xce, 0xff, 0x7a, 0xce, 0xff, 0x7a,
    0xce, 0xff, 0x7a, 0xce, 0xff, 0x7a, 0xce, 0xff, 0x7a, 0xce, 0xff, 0x7a, 0xce, 0xff, 0x7a, 0xce,
    0xff, 0x7a, 0xce, 0xff, 0x7a, 0xce, 0xff, 0x7a, 0xce, 0xff, 0x7a, 0xce, 0xff, 0x7a, 0xce, 0xff,
    0x7a, 0xce, 0xff, 0x7a, 0xce, 0xff, 0x7a, 0xce, 0xff, 0x7a, 0xce, 0xff, 0x7a, 0xce, 0xff, 0x7a,
    0xce, 0xff, 0x7a, 0xce, 0xff, 0x7a, 0xce, 0xff, 0x7a, 0xce, 0xff, 0x7a, 0xce, 0xff, 0x7a, 0xce,
    0xff, 0x7a, 0xce, 0xff, 0x7a, 0xce, 0xff, 0x7a, 0xce, 0xff, 0x7a, 0xce, 0xff, 0x7a, 0xce, 0xff,
    0x7a, 0xce, 0xff, 0x7a, 0xce, 0xff, 0x7a, 0xce, 0xff, 0x7a, 0xce, 0xff, 0x7a, 0xce, 0xff, 0x7a,
    0xce, 0xff, 0x7a, 0xce, 0xff, 0x7a, 0xce, 0xff, 0x7a, 0xce, 0xff, 0x7a, 0xce, 0xff, 0x7a, 0xce,
    0xff, 0x7a, 0xce, 0xff, 0x7a, 0xce, 0xff, 0x7a, 0xce, 0xff, 0x7a, 0xce, 0xff, 0x7a, 0xce, 0xff,
    0x7a, 0xce, 0xff, 0x7a, 0xce, 0xff, 0x7a, 0xce, 0xff, 0x7a, 0xce, 0xff, 0x7a, 0xce, 0xff, 0x7a,
    0xce, 0xff, 0x7a, 0xce, 0xff, 0x7a, 0xce, 0xff, 0x7a, 0xce, 0xff, 0x7a, 0xce, 0xff, 0x7a, 0xce,
    0xff, 0x7a, 0xce, 0xff, 0x7a, 0xce, 0xff, 0x7a, 0xce, 0xff, 0x7a, 0xce, 0xff, 0x7a, 0xce, 0xff,
    0x7a, 0xce, 0xff, 0x7a, 0xce, 0xff, 0x7a, 0xce, 0xff, 0x7a, 0xce, 0xff, 0x7a, 0xce, 0xff, 0x7a,
    0xce, 0xff, 0x7a, 0xce, 0xff, 0x7a, 0xce, 0xff, 0x7a, 0xce, 0xff, 0x7a, 0xce, 0xff, 0x7a, 0xce,
    0xff, 0x7a, 0xce, 0xff, 0x7a, 0xce, 0xff, 0x7a, 0xce, 0xff, 0x7a, 0xce, 0xff, 0x7a, 0xce, 0xff,
    0x7a, 0xce, 0xff, 0x7a, 0xce, 0xff, 0x7a, 0xce, 0xff, 0x7a, 0xce, 0xff, 0x7a, 0xce, 0xff, 0x7a,
    0xce, 0xff, 0x7a, 0xce, 0xff, 0x7a, 0xce, 0xff, 0x7a, 0xce, 0xff, 0x7a, 0xce, 0xff, 0x7a, 0xce,
    0xff, 0x7a, 0xce, 0xff, 0x7a, 0xce, 0xff, 0x7a, 0xce, 0xff, 0x7a, 0xce, 0xff, 0x7a, 0xce, 0xff,
    0x7a, 0xce, 0xff, 0x7a, 0xce, 0xff, 0x7a, 0xce, 0xff, 0x7a, 0xce, 0xff, 0x7a, 0xce, 0xff, 0x7a,
    0xce, 0xff, 0x7a, 0xce, 0xff, 0x7a, 0xce, 0xff, 0x7a, 0xce, 0xff, 0x7a, 0xce, 0xff, 0x7a, 0xce,
    0xff, 0x7a, 0xce, 0xff, 0x7a, 0xce, 0xff, 0x7a, 0xce, 0xff, 0x7a, 0xce, 0xff, 0x7a, 0xce, 0xff,
    0x7a, 0xce, 0xff, 0x7a, 0xce, 0xff, 0x7a, 0xce, 0xff, 0x7a, 0xce, 0xff, 0x7a, 0xce, 0xff, 0x7a,
    0xce, 0xff, 0x7a, 0xce, 0xff, 0x7a, 0xce, 0xff, 0x7a, 0xce, 0xff, 0x7a, 0xce, 0xff, 0x7a, 0xce,
    0xff, 0x7a, 0xce, 0xff, 0x7a, 0xce, 0xff, 0x7a, 0xce, 0xff, 0x7a, 0xce, 0xff, 0x7a, 0xce, 0xff,
    0x7a, 0xce, 0xff, 0x7a, 0xce, 0xff, 0x7a, 0xce, 0xff, 0x7a, 0xce, 0xff, 0x7a, 0xce, 0xff, 0x7a,
    0xce, 0xff, 0x7a, 0xce, 0xff, 0x7a, 0xce, 0xff, 0x7a, 0xce, 0xff, 0x7a, 0xce, 0xff, 0x7a, 0xce,
    0xff, 0x7a, 0xce, 0xff, 0x7a, 0xce, 0xff, 0x7a, 0xce, 0xff, 0x7a, 0xce, 0xff, 0x7a, 0xce, 0xff,
    0x7a, 0xce, 0xff, 0x7a, 0xce, 0xff, 0x7a, 0xce, 0xff, 0x7a, 0xce, 0xff, 0x7a, 0xce, 0xff, 0x7a,
    0xce, 0xff, 0x7a, 0xce, 0xff, 0x7a, 0xce, 0xff, 0x7a, 0xce, 0xff, 0x7a, 0xce, 0xff, 0x7a, 0xce,
    0xff, 0x7a, 0xce, 0xff, 0x7a, 0xce, 0xff, 0x7a, 0xce, 0xff, 0x7a, 0xce, 0xff, 0x7a, 0xce, 0xff,
    0x7a, 0xce, 0xff, 0x7a, 0xce, 0xff, 0x7a, 0xce, 0xff, 0x7a, 0xce, 0xff, 0x7a, 0xce, 0xff, 0x7a,
    0xce, 0xff, 0x7a, 0xce, 0xff, 0x7a, 0xce, 0xff, 0x7a, 0xce, 0xff, 0x7a, 0xce, 0xff, 0x7a, 0xce,
    0xff, 0x7a, 0xce, 0xff, 0x7a, 0xce, 0xff, 0x7a, 0xce, 0xff, 0x7a, 0xce, 0xff, 0x7a, 0xce, 0xff,
    0x7a, 0xce, 0xff, 0x7a, 0xce, 0xff, 0x7a, 0xce, 0xff, 0x7a, 0xce, 0xff, 0x7a, 0xce, 0xff, 0x7a,
    0xce, 0xff, 0x7a, 0xce, 0xff, 0x7a, 0xce, 0xff, 0x7a, 0xce, 0xff, 0x7a, 0xce, 0xff, 0x7a, 0xce,
    0xff, 0x7a, 0xce, 0xff, 0x7a, 0xce, 0xff, 0x7a, 0xce, 0xff, 0x7a, 0xce, 0xff, 0x7a, 0xce, 0xff,
    0x7a, 0xce, 0xff, 0x7a, 0xce, 0xff, 0x7a, 0xce, 0xff, 0x7a, 0xce, 0xff, 0x7a, 0xce, 0xff, 0x7a,
    0xce, 0xff, 0x7a, 0xce, 0xff, 0x7a, 0xce, 0xff, 0x7a, 0xce, 0xff, 0x7a, 0xce, 0xff, 0x7a, 0xce,
    0xff, 0x7a, 0xce, 0xff, 0x7a, 0xce, 0xff, 0x7a, 0xce, 0xff, 0x7a, 0xce, 0xff, 0x7a, 0xce, 0xff,
    0x7a, 0xce, 0xff, 0x7a, 0xce, 0xff, 0x7a, 0xce, 0xff, 0x7a, 0xce, 0xff, 0x7a, 0xce, 0xff, 0x7a,
    0xce, 0xff, 0x7a, 0xce, 0xff, 0x7a, 0xce, 0xff, 0x7a, 0xce, 0xff, 0x7a, 0xce, 0xff, 0x7a, 0xce,
    0xff, 0x7a, 0xce, 0xff, 0x7a, 0xce, 0xff, 0x7a, 0xce, 0xff, 0x7a, 0xce, 0xff, 0x7a, 0xce, 0xff,
    0x7a, 0xce, 0xff, 0x7a, 0xce, 0xff, 0x7a, 0xce, 0xff, 0x7a, 0xce, 0xff, 0x7a, 0xce, 0xff, 0x7a,
    0xce, 0xff, 0x7a, 0xce, 0xff, 0x7a, 0xce, 0xff, 0x7a, 0xce, 0xff, 0x7a, 0xce, 0xff, 0x7a, 0xce,
    0xff, 0x7a, 0xce, 0xff, 0x7a, 0xce, 0xff, 0x7a, 0xce, 0xff, 0x7a, 0xce, 0xff, 0x7a, 0xce, 0xff,
    0x7a, 0xce, 0xff, 0x7a, 0xce, 0xff, 0x7a, 0xce, 0xff, 0x7a, 0xce, 0xff, 0x7a, 0xce, 0xff, 0x7a,
    0xce, 0xff, 0x7a, 0xce, 0xff, 0x7a, 0xce, 0xff, 0x7a, 0xce, 0xff, 0x7a, 0xce, 0xff, 0x7a, 0xce,
    0xff, 0x7a, 0xce, 0xff, 0x7a, 0xce, 0xff, 0x7a, 0xce, 0xff, 0x7a, 0xce, 0xff, 0x7a, 0xce, 0xff,
    0x7a, 0xce, 0xff, 0x7a, 0xce, 0xff, 0x7a, 0xce, 0xff, 0x7a, 0xce, 0xff, 0x7a, 0xce, 0xff, 0x7a,
    0xce, 0xff, 0x7a, 0xce, 0xff, 0x7a, 0xce, 0xff, 0x7a, 0xce, 0xff, 0x7a, 0xce, 0xff, 0x7a, 0xce,
    0xff, 0x7a, 0xce, 0xff, 0x7a, 0xce, 0xff, 0x7a, 0xce, 0xff, 0x7a, 0xce, 0xff, 0x7a, 0xce, 0xff,
    0x7a, 0xce, 0xff, 0x7a, 0xce, 0xff, 0x7a, 0xce, 0xff, 0x7a, 0xce, 0xff, 0x7a, 0xce, 0xff, 0x7a,
    0xce, 0xff, 0x7a, 0xce, 0xff, 0x7a, 0xce, 0xff, 0x7a, 0xce, 0xff, 0x7a, 0xce, 0xff, 0x7a, 0xce,
    0xff, 0x7a, 0xce, 0xff, 0x7a, 0xce, 0xff, 0x7a, 0xce, 0xff, 0x7a, 0xce, 0xff, 0x7a, 0xce, 0xff,
    0x7a, 0xce, 0xff, 0x7a, 0xce, 0xff, 0x7a, 0xce, 0xff, 0x7a, 0xce, 0xff, 0x7a, 0xce, 0xff, 0x7a,
    0xce, 0xff, 0x7a, 0xce, 0xff, 0x7a, 0xce, 0xff, 0x7a, 0xce, 0xff, 0x7a, 0xce, 0xff, 0x7a, 0xce,
    0xff, 0x7a, 0xce, 0xff, 0x7a, 0xce, 0xff, 0x7a, 0xce, 0xff, 0x7a, 0xce, 0xff, 0x7a, 0xce, 0xff,
    0x7a, 0xce, 0xff, 0x7a, 0xce, 0xff, 0x7a, 0xce, 0xff, 0x7a, 0xce, 0xff, 0x7a, 0xce, 0xff, 0x7a,
    0xce, 0xff, 0x7a, 0xce, 0xff, 0x7a, 0xce, 0xff, 0x7a, 0xce, 0xff, 0x7a, 0xce, 0xff, 0x7a, 0xce,
    0xff, 0x7a, 0xce, 0xff, 0x7a, 0xce, 0xff, 0x7a, 0xce, 0xff, 0x7a, 0xce, 0xff, 0x7a, 0xce, 0xff,
    0x7a, 0xce, 0xff, 0x7a, 0xce, 0xff, 0x7a, 0xce, 0xff, 0x7a, 0xce, 0xff, 0x7a, 0xce, 0xff, 0x7a,
    0xce, 0xff, 0x7a, 0xce, 0xff, 0x7a, 0xce, 0xff, 0x7a, 0xce, 0xff, 0x7a, 0xce, 0xff, 0x7a, 0xce,
    0xff, 0x7a, 0xce, 0xff, 0x7a, 0xce, 0xff, 0x7a, 0xce, 0xff, 0x7a, 0xce, 0xff, 0x7a, 0xce, 0xff,
    0x7a, 0xce, 0xff, 0x7a, 0xce, 0xff, 0x7a, 0xce, 0xff, 0x7a, 0xce, 0xff, 0x7a, 0xce, 0xff, 0x7a,
    0xce, 0xff, 0x7a, 0xce, 0xff, 0x7a, 0xce, 0xff, 0x7a, 0xce, 0xff, 0x7a, 0xce, 0xff, 0x7a, 0xce,
    0xff, 0x7a, 0xce, 0xff, 0x7a, 0xce, 0xff, 0x7a, 0xce, 0xff, 0x7a, 0xce, 0xff, 0x7a, 0xce, 0xff,
    0x7a, 0xce, 0xff, 0x7a, 0xce, 0xff, 0x7a, 0xce, 0xff, 0x7a, 0xce, 0xff, 0x7a, 0xce, 0xff, 0x7a,
    0xce, 0xff, 0x7a, 0xce, 0xff, 0x7a, 0xce, 0xff, 0x7a, 0xce, 0xff, 0x7a, 0xce, 0xff, 0x7a, 0xce,
    0xff, 0x7a, 0xce, 0xff, 0x7a, 0xce, 0xff, 0x7a, 0xce, 0xff, 0x7a, 0xce, 0xff, 0x7a, 0xce, 0xff,
    0x7a, 0xce, 0xff, 0x7a, 0xce, 0xff, 0x7a, 0xce, 0xff, 0x7a, 0xce, 0xff, 0x7a, 0xce, 0xff, 0x7a,
    0xce, 0xff, 0x7a, 0xce, 0xff, 0x7a, 0xce, 0xff, 0x7a, 0xce, 0xff, 0x7a, 0xce, 0xff, 0x7a, 0xce,
    0xff, 0x7a, 0xce, 0xff, 0x7a, 0xce, 0xff, 0x7a, 0xce, 0xff, 0x7a, 0xce, 0xff, 0x7a, 0xce, 0xff,
    0x7a, 0xce, 0xff, 0x7a, 0xce, 0xff, 0x7a, 0xce, 0xff, 0x7a, 0xce, 0xff, 0x7a, 0xce, 0xff, 0x7a,
    0xce, 0xff, 0x7a, 0xce, 0xff, 0x7a, 0xce, 0xff, 0x7a, 0xce, 0xff, 0x7a, 0xce, 0xff, 0x7a, 0xce,
    0xff, 0x7a, 0xce, 0xff, 0x7a, 0xce, 0xff, 0x7a, 0xce, 0xff, 0x7a, 0xce, 0xff, 0x7a, 0xce, 0xff,
    0x7a, 0xce, 0xff, 0x7a, 0xce, 0xff, 0x7a, 0xce, 0xff, 0x7a, 0xce, 0xff, 0x7a, 0xce, 0xff, 0x7a,
    0xce, 0xff, 0x7a, 0xce, 0xff, 0x7a, 0xce, 0xff, 0x7a, 0xce, 0xff, 0x7a, 0xce, 0xff, 0x7a, 0xce,
    0xff, 0x7a, 0xce, 0xff, 0x7a, 0xce, 0xff, 0x7a, 0xce, 0xff, 0x7a, 0xce, 0xff, 0x7a, 0xce, 0xff,
    0x7a, 0xce, 0xff, 0x7a, 0xce, 0xff, 0x7a, 0xce, 0xff, 0x7a, 0xce, 0xff, 0x7a, 0xce, 0xff, 0x7a,
    0xce, 0xff, 0x7a, 0xce, 0xff, 0x7a, 0xce, 0xff, 0x7a, 0xce, 0xff, 0x7a, 0xce, 0xff, 0x7a, 0xce,
    0xff, 0x7a, 0xce, 0xff, 0x7a, 0xce, 0xff, 0x7a, 0xce, 0xff, 0x7a, 0xce, 0xff, 0x7a, 0xce, 0xff,
    0x7a, 0xce, 0xff, 0x7a, 0xce, 0xff, 0x7a, 0xce, 0xff, 0x7a, 0xce, 0xff, 0x7a, 0xce, 0xff, 0x7a,
    0xce, 0xff, 0x7a, 0xce, 0xff, 0x7a, 0xce, 0xff, 0x7a, 0xce, 0xff, 0x7a, 0xce, 0xff, 0x7a, 0xce,
    0xff, 0x7a, 0xce, 0xff, 0x7a, 0xce, 0xff, 0x7a, 0xce, 0xff, 0x7a, 0xce, 0xff, 0x7a, 0xce, 0xff,
    0x7a, 0xce, 0xff, 0x7a, 0xce, 0xff, 0x7a, 0xce, 0xff, 0x7a, 0xce, 0xff, 0x7a, 0xce, 0xff, 0x7a,
    0xce, 0xff, 0x7a, 0xce, 0xff, 0x7a, 0xce, 0xff, 0x7a, 0xce, 0xff, 0x7a, 0xce, 0xff, 0x7a, 0xce,
    0xff, 0x7a, 0xce, 0xff, 0x7a, 0xce, 0xff, 0x7a, 0xce, 0xff, 0x7a, 0xce, 0xff, 0x7a, 0xce, 0xff,
    0x7a, 0xce, 0xff, 0x7a, 0xce, 0xff, 0x7a, 0xce, 0xff, 0x7a, 0xce, 0xff, 0x7a, 0xce, 0xff, 0x7a,
    0xce, 0xff, 0x7a, 0xce, 0xff, 0x7a, 0xce, 0xff, 0x7a, 0xce, 0xff, 0x7a, 0xce, 0xff, 0x7a, 0xce,
    0xff, 0x7a, 0xce, 0xff, 0x7a, 0xce, 0xff, 0x7a, 0xce, 0xff, 0x7a, 0xce, 0xff, 0x7a, 0xce, 0xff,
    0x7a, 0xce, 0xff, 0x7a, 0xce, 0xff, 0x7a, 0xce, 0xff, 0x7a, 0xce, 0xff, 0x7a, 0xce, 0xff, 0x7a,
    0xce, 0xff, 0x7a, 0xce, 0xff, 0x7a, 0xce, 0xff, 0x7a, 0xce, 0xff, 0x7a, 0xce, 0xff, 0x7a, 0xce,
    0xff, 0x7a, 0xce, 0xff, 0x7a, 0xce, 0xff, 0x7a, 0xce, 0xff, 0x7a, 0xce, 0xff, 0x7a, 0xce, 0xff,
    0x7a, 0xce, 0xff, 0x7a, 0xce, 0xff, 0x7a, 0xce, 0xff, 0x7a, 0xce, 0xff, 0x7a, 0xce, 0xff, 0x7a,
    0xce, 0xff, 0x7a, 0xce, 0xff, 0x7a, 0xce, 0xff, 0x7a, 0xce, 0xff, 0x7a, 0xce, 0xff, 0x7a, 0xce,
    0xff, 0x7a, 0xce, 0xff, 0x7a, 0xce, 0xff, 0x7a, 0xce, 0xff, 0x7a, 0xce, 0xff, 0x7a, 0xce, 0xff,
    0x7a, 0xce, 0xff, 0x7a, 0xce, 0xff, 0x7a, 0xce, 0xff, 0x7a, 0xce, 0xff, 0x7a, 0xce, 0xff, 0x7a,
    0xce, 0xff, 0x7a, 0xce, 0xff, 0x7a, 0xce, 0xff, 0x7a, 0xce, 0xff, 0x7a, 0xce, 0xff, 0x7a, 0xce,
    0xff, 0x7a, 0xce, 0xff, 0x7a, 0xce, 0xff, 0x7a, 0xce, 0xff, 0x7a, 0xce, 0xff, 0x7a, 0xce, 0xff,
    0x7a, 0xce, 0xff, 0x7a, 0xce, 0xff, 0x7a, 0xce, 0xff, 0x7a, 0xce, 0xff, 0x7a, 0xce, 0xff, 0x7a,
    0xce, 0xff, 0x7a, 0xce, 0xff, 0x7a, 0xce, 0xff, 0x7a, 0xce, 0xff, 0x7a, 0xce, 0xff, 0x7a, 0xce,
    0xff, 0x7a, 0xce, 0xff, 0x7a, 0xce, 0xff, 0x7a, 0xce, 0xff, 0x7a, 0xce, 0xff, 0x7a, 0xce, 0xff,
    0x7a, 0xce, 0xff, 0x7a, 0xce, 0xff, 0x7a, 0xce, 0xff, 0x7a, 0xce, 0xff, 0x7a, 0xce, 0xff, 0x7a,
    0xce, 0xff, 0x7a, 0xce, 0xff, 0x7a, 0xce, 0xff, 0x7a, 0xce, 0xff, 0x7a, 0xce, 0xff, 0x7a, 0xce,
    0xff, 0x7a, 0xce, 0xff, 0x7a, 0xce, 0xff, 0x7a, 0xce, 0xff, 0x7a, 0xce, 0xff, 0x7a, 0xce, 0xff,
    0x7a, 0xce, 0xff, 0x7a, 0xce, 0xff, 0x7a, 0xce, 0xff, 0x7a, 0xce, 0xff, 0x7a, 0xce, 0xff, 0x7a,
    0xce, 0xff, 0x7a, 0xce, 0xff, 0x7a, 0xce, 0xff, 0x7a, 0xce, 0xff, 0x7a, 0xce, 0xff, 0x7a, 0xce,
    0xff, 0x7a, 0xce, 0xff, 0x7a, 0xce, 0xff, 0x7a, 0xce, 0xff, 0x7a, 0xce, 0xff, 0x7a, 0xce, 0xff,
    0x7a, 0xce, 0xff, 0x7a, 0xce, 0xff, 0x7a, 0xce, 0xff, 0x7a, 0xce, 0xff, 0x7a, 0xce, 0xff, 0x7a,
    0xce, 0xff, 0x7a, 0xce, 0xff, 0x7a, 0xce, 0xff, 0x7a, 0xce, 0xff, 0x7a, 0xce, 0xff, 0x7a, 0xce,
    0xff, 0x7a, 0xce, 0xff, 0x7a, 0xce, 0xff, 0x7a, 0xce, 0xff, 0x7a, 0xce, 0xff, 0x7a, 0xce, 0xff,
    0x7a, 0xce, 0xff, 0x7a, 0xce, 0xff, 0x7a, 0xce, 0xff, 0x7a, 0xce, 0xff, 0x7a, 0xce, 0xff, 0x7a,
    0xce, 0xff, 0x7a, 0xce, 0xff, 0x7a, 0xce, 0xff, 0x7a, 0xce, 0xff, 0x7a, 0xce, 0xff, 0x7a, 0xce,
    0xff, 0x7a, 0xce, 0xff, 0x7a, 0xce, 0xff, 0x7a, 0xce, 0xff, 0x7a, 0xce, 0xff, 0x7a, 0xce, 0xff,
    0x7a, 0xce, 0xff, 0x7a, 0xce, 0xff, 0x7a, 0xce, 0xff, 0x7a, 0xce, 0xff, 0x7a, 0xce, 0xff, 0x7a,
    0xce, 0xff, 0x7a, 0xce, 0xff, 0x7a, 0xce, 0xff, 0x7a, 0xce, 0xff, 0x7a, 0xce, 0xff, 0x7a, 0xce,
    0xff, 0x7a, 0xce, 0xff, 0x7a, 0xce, 0xff, 0x7a, 0xce, 0xff, 0x7a, 0xce, 0xff, 0x7a, 0xce, 0xff,
    0x7a, 0xce, 0xff, 0x7a, 0xce, 0xff, 0x7a, 0xce, 0xff, 0x7a, 0xce, 0xff, 0x7a, 0xce, 0xff, 0x7a,
    0xce, 0xff, 0x7a, 0xce, 0xff, 0x7a, 0xce, 0xff, 0x7a, 0xce, 0xff, 0x7a, 0xce, 0xff, 0x7a, 0xce,
    0xff, 0x7a, 0xce, 0xff, 0x7a, 0xce, 0xff, 0x7a, 0xce, 0xff, 0x7a, 0xce, 0xff, 0x7a, 0xce, 0xff,
    0x7a, 0xce, 0xff, 0x7a, 0xce, 0xff, 0x7a, 0xce, 0xff, 0x7a, 0xce, 0xff, 0x7a, 0xce, 0xff, 0x7a,
    0xce, 0xff, 0x7a, 0xce, 0xff, 0x7a, 0xce, 0xff, 0x7a, 0xce, 0xff, 0x7a, 0xce, 0xff, 0x7a, 0xce,
    0xff, 0x7a, 0xce, 0xff, 0x7a, 0xce, 0xff, 0x7a, 0xce, 0xff, 0x7a, 0xce, 0xff, 0x7a, 0xce, 0xff,
    0x7a, 0xce, 0xff, 0x7a, 0xce, 0xff, 0x7a, 0xce, 0xff, 0x7a, 0xce, 0xff, 0x7a, 0xce, 0xff, 0x7a,
    0xce, 0xff, 0x7a, 0xce, 0xff, 0x7a, 0xce, 0xff, 0x7a, 0xce, 0xff, 0x7a, 0xce, 0xff, 0x7a, 0xce,
    0xff, 0x7a, 0xce, 0xff, 0x7a, 0xce, 0xff, 0x7a, 0xce, 0xff, 0x7a, 0xce, 0xff, 0x7a, 0xce, 0xff,
    0x7a, 0xce, 0xff, 0x7a, 0xce, 0xff, 0x7a, 0xce, 0xff, 0x7a, 0xce, 0xff, 0x7a, 0xce, 0xff, 0x7a,
    0xce, 0xff, 0x7a, 0xce, 0xff, 0x7a, 0xce, 0xff, 0x7a, 0xce, 0xff, 0x7a, 0xce, 0xff, 0x7a, 0xce,
    0xff, 0x7a, 0xce, 0xff, 0x7a, 0xce, 0xff, 0x7a, 0xce, 0xff, 0x7a, 0xce, 0xff, 0x7a, 0xce, 0xff,
    0x7a, 0xce, 0xff, 0x7a, 0xce, 0xff, 0x7a, 0xce, 0xff, 0x7a, 0xce, 0xff, 0x7a, 0xce, 0xff, 0x7a,
    0xce, 0xff, 0x7a, 0xce, 0xff, 0x7a, 0xce, 0xff, 0x7a, 0xce, 0xff, 0x7a, 0xce, 0xff, 0x7a, 0xce,
    0xff, 0x7a, 0xce, 0xff, 0x7a, 0xce, 0xff, 0x7a, 0xce, 0xff, 0x7a, 0xce, 0xff, 0x7a, 0xce, 0xff,
    0x7a, 0xce, 0xff, 0x7a, 0xce, 0xff, 0x7a, 0xce, 0xff, 0x7a, 0xce, 0xff, 0x7a, 0xce, 0xff, 0x7a,
    0xce, 0xff, 0x7a, 0xce, 0xff, 0x7a, 0xce, 0xff, 0x7a, 0xce, 0xff, 0x7a, 0xce, 0xff, 0x7a, 0xce,
    0xff, 0x7a, 0xce, 0xff, 0x7a, 0xce, 0xff, 0x7a, 0xce, 0xff, 0x7a, 0xce, 0xff, 0x7a, 0xce, 0xff,
    0x7a, 0xce, 0xff, 0x7a, 0xce, 0xff, 0x7a, 0xce, 0xff, 0x7a, 0xce, 0xff, 0x7a, 0xce, 0xff, 0x7a,
    0xce, 0xff, 0x7a, 0xce, 0xff, 0x7a, 0xce, 0xff, 0x7a, 0xce, 0xff, 0x7a, 0xce, 0xff, 0x7a, 0xce,
    0xff, 0x7a, 0xce, 0xff, 0x7a, 0xce, 0xff, 0x7a, 0xce, 0xff, 0x7a, 0xce, 0xff, 0x7a, 0xce, 0xff,
    0x7a, 0xce, 0xff, 0x7a, 0xce, 0xff, 0x7a, 0xce, 0xff, 0x7a, 0xce, 0xff, 0x7a, 0xce, 0xff, 0x7a,
    0xce, 0xff, 0x7a, 0xce, 0xff, 0x7a, 0xce, 0xff, 0x7a, 0xce, 0xff, 0x7a, 0xce, 0xff, 0x7a, 0xce,
    0xff, 0x7a, 0xce, 0xff, 0x7a, 0xce, 0xff, 0x7a, 0xce, 0xff, 0x7a, 0xce, 0xff, 0x7a, 0xce, 0xff,
    0x7a, 0xce, 0xff, 0x7a, 0xce, 0xff, 0x7a, 0xce, 0xff, 0x7a, 0xce, 0xff, 0x7a, 0xce, 0xff, 0x7a,
    0xce, 0xff, 0x7a, 0xce, 0xff, 0x7a, 0xce, 0xff, 0x7a, 0xce, 0xff, 0x7a, 0xce, 0xff, 0x7a, 0xce,
    0xff, 0x7a, 0xce, 0xff, 0x7a, 0xce, 0xff, 0x7a, 0xce, 0xff, 0x7a, 0xce, 0xff, 0x7a, 0xce, 0xff,
    0x7a, 0xce, 0xff, 0x7a, 0xce, 0xff, 0x7a, 0xce, 0xff, 0x7a, 0xce, 0xff, 0x7a, 0xce, 0xff, 0x7a,
    0xce, 0xff, 0x7a, 0xce, 0xff, 0x7a, 0xce, 0xff, 0x7a, 0xce, 0xff, 0x7a, 0xce, 0xff, 0x7a, 0xce,
    0xff, 0x7a, 0xce, 0xff, 0x7a, 0xce, 0xff, 0x7a, 0xce, 0xff, 0x7a, 0xce, 0xff, 0x7a, 0xce, 0xff,
    0x7a, 0xce, 0xff, 0x7a, 0xce, 0xff, 0x7a, 0xce, 0xff, 0x7a, 0xce, 0xff, 0x7a, 0xce, 0xff, 0x7a,
    0xce, 0xff, 0x7a, 0xce, 0xff, 0x7a, 0xce, 0xff, 0x7a, 0xce, 0xff, 0x7a, 0xce, 0xff, 0x7a, 0xce,
    0xff, 0x7a, 0xce, 0xff, 0x7a, 0xce, 0xff, 0x7a, 0xce, 0xff, 0x7a, 0xce, 0xff, 0x7a, 0xce, 0xff,
    0x7a, 0xce, 0xff, 0x7a, 0xce, 0xff, 0x7a, 0xce, 0xff, 0x7a, 0xce, 0xff, 0x7a, 0xce, 0xff, 0x7a,
    0xce, 0xff, 0x7a, 0xce, 0xff, 0x7a, 0xce, 0xff, 0x7a, 0xce, 0xff, 0x7a, 0xce, 0xff, 0x7a, 0xce,
    0xff, 0x7a, 0xce, 0xff, 0x7a, 0xce, 0xff, 0x7a, 0xce, 0xff, 0x7a, 0xce, 0xff, 0x7a, 0xce, 0xff,
    0x7a, 0xce, 0xff, 0x7a, 0xce, 0xff, 0x7a, 0xce, 0xff, 0x7a, 0xce, 0xff, 0x7a, 0xce, 0xff, 0x7a,
    0xce, 0xff, 0x7a, 0xce, 0xff, 0x7a, 0xce, 0xff, 0x7a, 0xce, 0xff, 0x7a, 0xce, 0xff, 0x7a, 0xce,
    0xff, 0x7a, 0xce, 0xff, 0x7a, 0xce, 0xff, 0x7a, 0xce, 0xff, 0x7a, 0xce, 0xff, 0x7a, 0xce, 0xff,
    0x7a, 0xce, 0xff, 0x7a, 0xce, 0xff, 0x7a, 0xce, 0xff, 0x7a, 0xce, 0xff, 0x7a, 0xce, 0xff, 0x7a,
    0xce, 0xff, 0x7a, 0xce, 0xff, 0x7a, 0xce, 0xff, 0x7a, 0xce, 0xff, 0x7a, 0xce, 0xff, 0x7a, 0xce,
    0xff, 0x7a, 0xce, 0xff, 0x7a, 0xce, 0xff, 0x7a, 0xce, 0xff, 0x7a, 0xce, 0xff, 0x7a, 0xce, 0xff,
    0x7a, 0xce, 0xff, 0x7a, 0xce, 0xff, 0x7a, 0xce, 0xff, 0x7a, 0xce, 0xff, 0x7a, 0xce, 0xff, 0x7a,
    0xce, 0xff, 0x7a, 0xce, 0xff, 0x7a, 0xce, 0xff, 0x7a, 0xce, 0xff, 0x7a, 0xce, 0xff, 0x7a, 0xce,
    0xff, 0x7a, 0xce, 0xff, 0x7a, 0xce, 0xff, 0x7a, 0xce, 0xff, 0x7a, 0xce, 0xff, 0x7a, 0xce, 0xff,
    0x7a, 0xce, 0xff, 0x7a, 0xce, 0xff, 0x7a, 0xce, 0xff, 0x7a, 0xce, 0xff, 0x7a, 0xce, 0xff, 0x7a,
    0xce, 0xff, 0x7a, 0xce, 0xff, 0x7a, 0xce, 0xff, 0x7a, 0xce, 0xff, 0x7a, 0xce, 0xff, 0x7a, 0xce,
    0xff, 0x7a, 0xce, 0xff, 0x7a, 0xce, 0xff, 0x7a, 0xce, 0xff, 0x7a, 0xce, 0xff, 0x7a, 0xce, 0xff,
    0x7a, 0xce, 0xff, 0x7a, 0xce, 0xff, 0x7a, 0xce, 0xff, 0x7a, 0xce, 0xff, 0x7a, 0xce, 0xff, 0x7a,
    0xce, 0xff, 0x7a, 0xce, 0xff, 0x7a, 0xce, 0xff, 0x7a, 0xce, 0xff, 0x7a, 0xce, 0xff, 0x7a, 0xce,
    0xff, 0x7a, 0xce, 0xff, 0x7a, 0xce, 0xff, 0x7a, 0xce, 0xff, 0x7a, 0xce, 0xff, 0x7a, 0xce, 0xff,
    0x7a, 0xce, 0xff, 0x7a, 0xce, 0xff, 0x7a, 0xce, 0xff, 0x7a, 0xce, 0xff, 0x7a, 0xce, 0xff, 0x7a,
    0xce, 0xff, 0x7a, 0xce, 0xff, 0x7a, 0xce, 0xff, 0x7a, 0xce, 0xff, 0x7a, 0xce, 0xff, 0x7a, 0xce,
    0xff, 0x7a, 0xce, 0xff, 0x7a, 0xce, 0xff, 0x7a, 0xce, 0xff, 0x7a, 0xce, 0xff, 0x7a, 0xce, 0xff,
    0x7a, 0xce, 0xff, 0x7a, 0xce, 0xff, 0x7a, 0xce, 0xff, 0x7a, 0xce, 0xff, 0x7a, 0xce, 0xff, 0x7a,
    0xce, 0xff, 0x7a, 0xce, 0xff, 0x7a, 0xce, 0xff, 0x7a, 0xce, 0xff, 0x7a, 0xce, 0xff, 0x7a, 0xce,
    0xff, 0x7a, 0xce, 0xff, 0x7a, 0xce, 0xff, 0x7a, 0xce, 0xff, 0x7a, 0xce, 0xff, 0x7a, 0xce, 0xff,
    0x7a, 0xce, 0xff, 0x7a, 0xce, 0xff, 0x7a, 0xce, 0xff, 0x7a, 0xce, 0xff, 0x7a, 0xce, 0xff, 0x7a,
    0xce, 0xff, 0x7a, 0xce, 0xff, 0x7a, 0xce, 0xff, 0x7a, 0xce, 0xff, 0x7a, 0xce, 0xff, 0x7a, 0xce,
    0xff, 0x7a, 0xce, 0xff, 0x7a, 0xce, 0xff, 0x7a, 0xce, 0xff, 0x7a, 0xce, 0xff, 0x7a, 0xce, 0xff,
    0x7a, 0xce, 0xff, 0x7a, 0xce, 0xff, 0x7a, 0xce, 0xff, 0x7a, 0xce, 0xff, 0x7a, 0xce, 0xff, 0x7a,
    0xce, 0xff, 0x7a, 0xce, 0xff, 0x7a, 0xce, 0xff, 0x7a, 0xce, 0xff, 0x7a, 0xce, 0xff, 0x7a, 0xce,
    0xff, 0x7a, 0xce, 0xff, 0x7a, 0xce, 0xff, 0x7a, 0xce, 0xff, 0x7a, 0xce, 0xff, 0x7a, 0xce, 0xff,
    0x7a, 0xce, 0xff, 0x7a, 0xce, 0xff, 0x7a, 0xce, 0xff, 0x7a, 0xce, 0xff, 0x7a, 0xce, 0xff, 0x7a,
    0xce, 0xff, 0x7a, 0xce, 0xff, 0x7a, 0xce, 0xff, 0x7a, 0xce, 0xff, 0x7a, 0xce, 0xff, 0x7a, 0xce,
    0xff, 0x7a, 0xce, 0xff, 0x7a, 0xce, 0xff, 0x7a, 0xce, 0xff, 0x7a, 0xce, 0xff, 0x7a, 0xce, 0xff,
    0x7a, 0xce, 0xff, 0x7a, 0xce, 0xff, 0x7a, 0xce, 0xff, 0x7a, 0xce, 0xff, 0x7a, 0xce, 0xff, 0x7a,
    0xce, 0xff, 0x7a, 0xce, 0xff, 0x7a, 0xce, 0xff, 0x7a, 0xce, 0xff, 0x7a, 0xce, 0xff, 0x7a, 0xce,
    0xff, 0x7a, 0xce, 0xff, 0x7a, 0xce, 0xff, 0x7a, 0xce, 0xff, 0x7a, 0xce, 0xff, 0x7a, 0xce, 0xff,
    0x7a, 0xce, 0xff, 0x7a, 0xce, 0xff, 0x7a, 0xce, 0xff, 0x7a, 0xce, 0xff, 0x7a, 0xce, 0xff, 0x7a,
    0xce, 0xff, 0x7a, 0xce, 0xff, 0x7a, 0xce, 0xff, 0x7a, 0xce, 0xff, 0x7a, 0xce, 0xff, 0x7a, 0xce,
    0xff, 0x7a, 0xce, 0xff, 0x7a, 0xce, 0xff, 0x7a, 0xce, 0xff, 0x7a, 0xce, 0xff, 0x7a, 0xce, 0xff,
    0x7a, 0xce, 0xff, 0x7a, 0xce, 0xff, 0x7a, 0xce, 0xff, 0x7a, 0xce, 0xff, 0x7a, 0xce, 0xff, 0x7a,
    0xce, 0xff, 0x7a, 0xce, 0xff, 0x7a, 0xce, 0xff, 0x7a, 0xce, 0xff, 0x7a, 0xce, 0xff, 0x7a, 0xce,
    0xff, 0x7a, 0xce, 0xff, 0x7a, 0xce, 0xff, 0x7a, 0xce, 0xff, 0x7a, 0xce, 0xff, 0x7a, 0xce, 0xff,
    0x7a, 0xce, 0xff, 0x7a, 0xce, 0xff, 0x7a, 0xce, 0xff, 0x7a, 0xce, 0xff, 0x7a, 0xce, 0xff, 0x7a,
    0xce, 0xff, 0x7a, 0xce, 0xff, 0x7a, 0xce, 0xff, 0x7a, 0xce, 0xff, 0x7a, 0xce, 0xff, 0x7a, 0xce,
    0xff, 0x7a, 0xce, 0xff, 0x7a, 0xce, 0xff, 0x7a, 0xce, 0xff, 0x7a, 0xce, 0xff, 0x7a, 0xce, 0xff,
    0x7a, 0xce, 0xff, 0x7a, 0xce, 0xff, 0x7a, 0xce, 0xff, 0x7a, 0xce, 0xff, 0x7a, 0xce, 0xff, 0x7a,
    0xce, 0xff, 0x7a, 0xce, 0xff, 0x7a, 0xce, 0xff, 0x7a, 0xce, 0xff, 0x7a, 0xce, 0xff, 0x7a, 0xce,
    0xff, 0x7a, 0xce, 0xff, 0x7a, 0xce, 0xff, 0x7a, 0xce, 0xff, 0x7a, 0xce, 0xff, 0x7a, 0xce, 0xff,
    0x7a, 0xce, 0xff, 0x7a, 0xce, 0xff, 0x7a, 0xce, 0xff, 0x7a, 0xce, 0xff, 0x7a, 0xce, 0xff, 0x7a,
    0xce, 0xff, 0x7a, 0xce, 0xff, 0x7a, 0xce, 0xff, 0x7a, 0xce, 0xff, 0x7a, 0xce, 0xff, 0x7a, 0xce,
    0xff, 0x7a, 0xce, 0xff, 0x7a, 0xce, 0xff, 0x7a, 0xce, 0xff, 0x7a, 0xce, 0xff, 0x7a, 0xce, 0xff,
    0x7a, 0xce, 0xff, 0x7a, 0xce, 0xff, 0x7a, 0xce, 0xff, 0x7a, 0xce, 0xff, 0x7a, 0xce, 0xff, 0x7a,
    0xce, 0xff, 0x7a, 0xce, 0xff, 0x7a, 0xce, 0xff, 0x7a, 0xce, 0xff, 0x7a, 0xce, 0xff, 0x7a, 0xce,
    0xff, 0x7a, 0xce, 0xff, 0x7a, 0xce, 0xff, 0x7a, 0xce, 0xff, 0x7a, 0xce, 0xff, 0x7a, 0xce, 0xff,
    0x7a, 0xce, 0xff, 0x7a, 0xce, 0xff, 0x7a, 0xce, 0xff, 0x7a, 0xce, 0xff, 0x7a, 0xce, 0xff, 0x7a,
    0xce, 0xff, 0x7a, 0xce, 0xff, 0x7a, 0xce, 0xff, 0x7a, 0xce, 0xff, 0x7a, 0xce, 0xff, 0x7a, 0xce,
    0xff, 0x7a, 0xce, 0xff, 0x7a, 0xce, 0xff, 0x7a, 0xce, 0xff, 0x7a, 0xce, 0xff, 0x7a, 0xce, 0xff,
    0x7a, 0xce, 0xff, 0x7a, 0xce, 0xff, 0x7a, 0xce, 0xff, 0x7a, 0xce, 0xff, 0x7a, 0xce, 0xff, 0x7a,
    0xce, 0xff, 0x7a, 0xce, 0xff, 0x7a, 0xce, 0xff, 0x7a, 0xce, 0xff, 0x7a, 0xce, 0xff, 0x7a, 0xce,
    0xff, 0x7a, 0xce, 0xff, 0x7a, 0xce, 0xff, 0x7a, 0xce, 0xff, 0x7a, 0xce, 0xff, 0x7a, 0xce, 0xff,
    0x7a, 0xce, 0xff, 0x7a, 0xce, 0xff, 0x7a, 0xce, 0xff, 0x7a, 0xce, 0xff, 0x7a, 0xce, 0xff, 0x7a,
    0xce, 0xff, 0x7a, 0xce, 0xff, 0x7a, 0xce, 0xff, 0x7a, 0xce, 0xff, 0x7a, 0xce, 0xff, 0x7a, 0xce,
    0xff, 0x7a, 0xce, 0xff, 0x7a, 0xce, 0xff, 0x7a, 0xce, 0xff, 0x7a, 0xce, 0xff, 0x7a, 0xce, 0xff,
    0x7a, 0xce, 0xff, 0x7a, 0xce, 0xff, 0x7a, 0xce, 0xff, 0x7a, 0xce, 0xff, 0x7a, 0xce, 0xff, 0x7a,
    0xce, 0xff, 0x7a, 0xce, 0xff, 0x7a, 0xce, 0xff, 0x7a, 0xce, 0xff, 0x7a, 0xce, 0xff, 0x7a, 0xce,
    0xff, 0x7a, 0xce, 0xff, 0x7a, 0xce, 0xff, 0x7a, 0xce, 0xff, 0x7a, 0xce, 0xff, 0x7a, 0xce, 0xff,
    0x7a, 0xce, 0xff, 0x7a, 0xce, 0xff, 0x7a, 0xce, 0xff, 0x7a, 0xce, 0xff, 0x7a, 0xce, 0xff, 0x7a,
    0xce, 0xff, 0x7a, 0xce, 0xff, 0x7a, 0xce, 0xff, 0x7a, 0xce, 0xff, 0x7a, 0xce, 0xff, 0x7a, 0xce,
    0xff, 0x7a, 0xce, 0xff, 0x7a, 0xce, 0xff, 0x7a, 0xce, 0xff, 0x7a, 0xce, 0xff, 0x7a, 0xce, 0xff,
    0x7a, 0xce, 0xff, 0x7a, 0xce, 0xff, 0x7a, 0xce, 0xff, 0x7a, 0xce, 0xff, 0x7a, 0xce, 0xff, 0x7a,
    0xce, 0xff, 0x7a, 0xce, 0xff, 0x7a, 0xce, 0xff, 0x7a, 0xce, 0xff, 0x7a, 0xce, 0xff, 0x7a, 0xce,
    0xff, 0x7a, 0xce, 0xff, 0x7a, 0xce, 0xff, 0x7a, 0xce, 0xff, 0x7a, 0xce, 0xff, 0x7a, 0xce, 0xff,
    0x7a, 0xce, 0xff, 0x7a, 0xce, 0xff, 0x7a, 0xce, 0xff, 0x7a, 0xce, 0xff, 0x7a, 0xce, 0xff, 0x7a,
    0xce, 0xff, 0x7a, 0xce, 0xff, 0x7a, 0xce, 0xff, 0x7a, 0xce, 0xff, 0x7a, 0xce, 0xff, 0x7a, 0xce,
    0xff, 0x7a, 0xce, 0xff, 0x7a, 0xce, 0xff, 0x7a, 0xce, 0xff, 0x7a, 0xce, 0xff, 0x7a, 0xce, 0xff,
    0x7a, 0xce, 0xff, 0x7a, 0xce, 0xff, 0x7a, 0xce, 0xff, 0x7a, 0xce, 0xff, 0x7a, 0xce, 0xff, 0x7a,
    0xce, 0xff, 0x7a, 0xce, 0xff, 0x7a, 0xce, 0xff, 0x7a, 0xce, 0xff, 0x7a, 0xce, 0xff, 0x7a, 0xce,
    0xff, 0x7a, 0xce, 0xff, 0x7a, 0xce, 0xff, 0x7a, 0xce, 0xff, 0x7a, 0xce, 0xff, 0x7a, 0xce, 0xff,
    0x7a, 0xce, 0xff, 0x7a, 0xce, 0xff, 0x7a, 0xce, 0xff, 0x7a, 0xce, 0xff, 0x7a, 0xce, 0xff, 0x7a,
    0xce, 0xff, 0x7a, 0xce, 0xff, 0x7a, 0xce, 0xff, 0x7a, 0xce, 0xff, 0x7a, 0xce, 0xff, 0x7a, 0xce,
    0xff, 0x7a, 0xce, 0xff, 0x7a, 0xce, 0xff, 0x7a, 0xce, 0xff, 0x7a, 0xce, 0xff, 0x7a, 0xce, 0xff,
    0x7a, 0xce, 0xff, 0x7a, 0xce, 0xff, 0x7a, 0xce, 0xff, 0x7a, 0xce, 0xff, 0x7a, 0xce, 0xff, 0x7a,
    0xce, 0xff, 0x7a, 0xce, 0xff, 0x7a, 0xce, 0xff, 0x7a, 0xce, 0xff, 0x7a, 0xce, 0xff, 0x7a, 0xce,
    0xff, 0x7a, 0xce, 0xff, 0x7a, 0xce, 0xff, 0x7a, 0xce, 0xff, 0x7a, 0xce, 0xff, 0x7a, 0xce, 0xff,
    0x7a, 0xce, 0xff, 0x7a, 0xce, 0xff, 0x7a, 0xce, 0xff, 0x7a, 0xce, 0xff, 0x7a, 0xce, 0xff, 0x7a,
    0xce, 0xff, 0x7a, 0xce, 0xff, 0x7a, 0xce, 0xff, 0x7a, 0xce, 0xff, 0x7a, 0xce, 0xff, 0x7a, 0xce,
    0xff, 0x7a, 0xce, 0xff, 0x7a, 0xce, 0xff, 0x7a, 0xce, 0xff, 0x7a, 0xce, 0xff, 0x7a, 0xce, 0xff,
    0x7a, 0xce, 0xff, 0x7a, 0xce, 0xff, 0x7a, 0xce, 0xff, 0x7a, 0xce, 0xff, 0x7a, 0xce, 0xff, 0x7a,
    0xce, 0xff, 0x7a, 0xce, 0xff, 0x7a, 0xce, 0xff, 0x7a, 0xce, 0xff, 0x7a, 0xce, 0xff, 0x7a, 0xce,
    0xff, 0x7a, 0xce, 0xff, 0x7a, 0xce, 0xff, 0x7a, 0xce, 0xff, 0x7a, 0xce, 0xff, 0x7a, 0xce, 0xff,
    0x7a, 0xce, 0xff, 0x7a, 0xce, 0xff, 0x7a, 0xce, 0xff, 0x7a, 0xce, 0xff, 0x7a, 0xce, 0xff, 0x7a,
    0xce, 0xff, 0x7a, 0xce, 0xff, 0x7a, 0xce, 0xff, 0x7a, 0xce, 0xff, 0x7a, 0xce, 0xff, 0x7a, 0xce,
    0xff, 0x7a, 0xce, 0xff, 0x7a, 0xce, 0xff, 0x7a, 0xce, 0xff, 0x7a, 0xce, 0xff, 0x7a, 0xce, 0xff,
    0x7a, 0xce, 0xff, 0x7a, 0xce, 0xff, 0x7a, 0xce, 0xff, 0x7a, 0xce, 0xff, 0x7a, 0xce, 0xff, 0x7a,
    0xce, 0xff, 0x7a, 0xce, 0xff, 0x7a, 0xce, 0xff, 0x7a, 0xce, 0xff, 0x7a, 0xce, 0xff, 0x7a, 0xce,
    0xff, 0x7a, 0xce, 0xff, 0x7a, 0xce, 0xff, 0x7a, 0xce, 0xff, 0x7a, 0xce, 0xff, 0x7a, 0xce, 0xff,
    0x7a, 0xce, 0xff, 0x7a, 0xce, 0xff, 0x7a, 0xce, 0xff, 0x7a, 0xce, 0xff, 0x7a, 0xce, 0xff, 0x7a,
    0xce, 0xff, 0x7a, 0xce, 0xff, 0x7a, 0xce, 0xff, 0x7a, 0xce, 0xff, 0x7a, 0xce, 0xff, 0x7a, 0xce,
    0xff, 0x7a, 0xce, 0xff, 0x7a, 0xce, 0xff, 0x7a, 0xce, 0xff, 0x7a, 0xce, 0xff, 0x7a, 0xce, 0xff,
    0x7a, 0xce, 0xff, 0x7a, 0xce, 0xff, 0x7a, 0xce, 0xff, 0x7a, 0xce, 0xff, 0x7a, 0xce, 0xff, 0x7a,
    0xce, 0xff, 0x7a, 0xce, 0xff, 0x7a, 0xce, 0xff, 0x7a, 0xce, 0xff, 0x7a, 0xce, 0xff, 0x7a, 0xce,
    0xff, 0x7a, 0xce, 0xff, 0x7a, 0xce, 0xff, 0x7a, 0xce, 0xff, 0x7a, 0xce, 0xff, 0x7a, 0xce, 0xff,
    0x7a, 0xce, 0xff, 0x7a, 0xce, 0xff, 0x7a, 0xce, 0xff, 0x7a, 0xce, 0xff, 0x7a, 0xce, 0xff, 0x7a,
    0xce, 0xff, 0x7a, 0xce, 0xff, 0x7a, 0xce, 0xff, 0x7a, 0xce, 0xff, 0x7a, 0xce, 0xff, 0x7a, 0xce,
    0xff, 0x7a, 0xce, 0xff, 0x7a, 0xce, 0xff, 0x7a, 0xce, 0xff, 0x7a, 0xce, 0xff, 0x7a, 0xce, 0xff,
    0x7a, 0xce, 0xff, 0x7a, 0xce, 0xff, 0x7a, 0xce, 0xff, 0x7a, 0xce, 0xff, 0x7a, 0xce, 0xff, 0x7a,
    0xce, 0xff, 0x7a, 0xce, 0xff, 0x7a, 0xce, 0xff, 0x7a, 0xce, 0xff, 0x7a, 0xce, 0xff, 0x7a, 0xce,
    0xff, 0x7a, 0xce, 0xff, 0x7a, 0xce, 0xff, 0x7a, 0xce, 0xff, 0x7a, 0xce, 0xff, 0x7a, 0xce, 0xff,
    0x7a, 0xce, 0xff, 0x7a, 0xce, 0xff, 0x7a, 0xce, 0xff, 0x7a, 0xce, 0xff, 0x7a, 0xce, 0xff, 0x7a,
    0xce, 0xff, 0x7a, 0xce, 0xff, 0x7a, 0xce, 0xff, 0x7a, 0xce, 0xff, 0x7a, 0xce, 0xff, 0x7a, 0xce,
    0xff, 0x7a, 0xce, 0xff, 0x7a, 0xce, 0xff, 0x7a, 0xce, 0xff, 0x7a, 0xce, 0xff, 0x7a, 0xce, 0xff,
    0x7a, 0xce, 0xff, 0x7a, 0xce, 0xff, 0x7a, 0xce, 0xff, 0x7a, 0xce, 0xff, 0x7a, 0xce, 0xff, 0x7a,
    0xce, 0xff, 0x7a, 0xce, 0xff, 0x7a, 0xce, 0xff, 0x7a, 0xce, 0xff, 0x7a, 0xce, 0xff, 0x7a, 0xce,
    0xff, 0x7a, 0xce, 0xff, 0x7a, 0xce, 0xff, 0x7a, 0xce, 0xff, 0x7a, 0xce, 0xff, 0x7a, 0xce, 0xff,
    0x7a, 0xce, 0xff, 0x7a, 0xce, 0xff, 0x7a, 0xce, 0xff, 0x7a, 0xce, 0xff, 0x7a, 0xce, 0xff, 0x7a,
    0xce, 0xff, 0x7a, 0xce, 0xff, 0x7a, 0xce, 0xff, 0x7a, 0xce, 0xff, 0x7a, 0xce, 0xff, 0x7a, 0xce,
    0xff, 0x7a, 0xce, 0xff, 0x7a, 0xce, 0xff, 0x7a, 0xce, 0xff, 0x7a, 0xce, 0xff, 0x7a, 0xce, 0xff,
    0x7a, 0xce, 0xff, 0x7a, 0xce, 0xff, 0x7a, 0xce, 0xff, 0x7a, 0xce, 0xff, 0x7a, 0xce, 0xff, 0x7a,
    0xce, 0xff, 0x7a, 0xce, 0xff, 0x7a, 0xce, 0xff, 0x7a, 0xce, 0xff, 0x7a, 0xce, 0xff, 0x7a, 0xce,
    0xff, 0x7a, 0xce, 0xff, 0x7a, 0xce, 0xff, 0x7a, 0xce, 0xff, 0x7a, 0xce, 0xff, 0x7a, 0xce, 0xff,
    0x7a, 0xce, 0xff, 0x7a, 0xce, 0xff, 0x7a, 0xce, 0xff, 0x7a, 0xce, 0xff, 0x7a, 0xce, 0xff, 0x7a,
    0xce, 0xff, 0x7a, 0xce, 0xff, 0x7a, 0xce, 0xff, 0x7a, 0xce, 0xff, 0x7a, 0xce, 0xff, 0x7a, 0xce,
    0xff, 0x7a, 0xce, 0xff, 0x7a, 0xce, 0xff, 0x7a, 0xce, 0xff, 0x7a, 0xce, 0xff, 0x7a, 0xce, 0xff,
    0x7a, 0xce, 0xff, 0x7a, 0xce, 0xff, 0x7a, 0xce, 0xff, 0x7a, 0xce, 0xff, 0x7a, 0xce, 0xff, 0x7a,
    0xce, 0xff, 0x7a, 0xce, 0xff, 0x7a, 0xce, 0xff, 0x7a, 0xce, 0xff, 0x7a, 0xce, 0xff, 0x7a, 0xce,
    0xff, 0x7a, 0xce, 0xff, 0x7a, 0xce, 0xff, 0x7a, 0xce, 0xff, 0x7a, 0xce, 0xff, 0x7a, 0xce, 0xff,
    0x7a, 0xce, 0xff, 0x7a, 0xce, 0xff, 0x7a, 0xce, 0xff, 0x7a, 0xce, 0xff, 0x7a, 0xce, 0xff, 0x7a,
    0xce, 0xff, 0x7a, 0xce, 0xff, 0x7a, 0xce, 0xff, 0x7a, 0xce, 0xff, 0x7a, 0xce, 0xff, 0x7a, 0xce,
    0xff, 0x7a, 0xce, 0xff, 0x7a, 0xce, 0xff, 0x7a, 0xce, 0xff, 0x7a, 0xce, 0xff, 0x7a, 0xce, 0xff,
    0x7a, 0xce, 0xff, 0x7a, 0xce, 0xff, 0x7a, 0xce, 0xff, 0x7a, 0xce, 0xff, 0x7a, 0xce, 0xff, 0x7a,
    0xce, 0xff, 0x7a, 0xce, 0xff, 0x7a, 0xce, 0xff, 0x7a, 0xce, 0xff, 0x7a, 0xce, 0xff, 0x7a, 0xce,
    0xff, 0x7a, 0xce, 0xff, 0x7a, 0xce, 0xff, 0x7a, 0xce, 0xff, 0x7a, 0xce, 0xff, 0x7a, 0xce, 0xff,
    0x7a, 0xce, 0xff, 0x7a, 0xce, 0xff, 0x7a, 0xce, 0xff, 0x7a, 0xce, 0xff, 0x7a, 0xce, 0xff, 0x7a,
    0xce, 0xff, 0x7a, 0xce, 0xff, 0x7a, 0xce, 0xff, 0x7a, 0xce, 0xff, 0x7a, 0xce, 0xff, 0x7a, 0xce,
    0xff, 0x7a, 0xce, 0xff, 0x7a, 0xce, 0xff, 0x7a, 0xce, 0xff, 0x7a, 0xce, 0xff, 0x7a, 0xce, 0xff,
    0x7a, 0xce, 0xff, 0x7a, 0xce, 0xff, 0x7a, 0xce, 0xff, 0x7a, 0xce, 0xff, 0x7a, 0xce, 0xff, 0x7a,
    0xce, 0xff, 0x7a, 0xce, 0xff, 0x7a, 0xce, 0xff, 0x7a, 0xce, 0xff, 0x7a, 0xce, 0xff, 0x7a, 0xce,
    0xff, 0x7a, 0xce, 0xff, 0x7a, 0xce, 0xff, 0x7a, 0xce, 0xff, 0x7a, 0xce, 0xff, 0x7a, 0xce, 0xff,
    0x7a, 0xce, 0xff, 0x7a, 0xce, 0xff, 0x7a, 0xce, 0xff, 0x7a, 0xce, 0xff, 0x7a, 0xce, 0xff, 0x7a,
    0xce, 0xff, 0x7a, 0xce, 0xff, 0x7a, 0xce, 0xff, 0x7a, 0xce, 0xff, 0x7a, 0xce, 0xff, 0x7a, 0xce,
    0xff, 0x7a, 0xce, 0xff, 0x7a, 0xce, 0xff, 0x7a, 0xce, 0xff, 0x7a, 0xce, 0xff, 0x7a, 0xce, 0xff,
    0x7a, 0xce, 0xff, 0x7a, 0xce, 0xff, 0x7a, 0xce, 0xff, 0x7a, 0xce, 0xff, 0x7a, 0xce, 0xff, 0x7a,
    0xce, 0xff, 0x7a, 0xce, 0xff, 0x7a, 0xce, 0xff, 0x7a, 0xce, 0xff, 0x7a, 0xce, 0xff, 0x7a, 0xce,
    0xff, 0x7a, 0xce, 0xff, 0x7a, 0xce, 0xff, 0x7a, 0xce, 0xff, 0x7a, 0xce, 0xff, 0x7a, 0xce, 0xff,
    0x7a, 0xce, 0xff, 0x7a, 0xce, 0xff, 0x7a, 0xce, 0xff, 0x7a, 0xce, 0xff, 0x7a, 0xce, 0xff, 0x7a,
    0xce, 0xff, 0x7a, 0xce, 0xff, 0x7a, 0xce, 0xff, 0x7a, 0xce, 0xff, 0x7a, 0xce, 0xff, 0x7a, 0xce,
    0xff, 0x7a, 0xce, 0xff, 0x7a, 0xce, 0xff, 0x7a, 0xce, 0xff, 0x7a, 0xce, 0xff, 0x7a, 0xce, 0xff,
    0x7a, 0xce, 0xff, 0x7a, 0xce, 0xff, 0x7a, 0xce, 0xff, 0x7a, 0xce, 0xff, 0x7a, 0xce, 0xff, 0x7a,
    0xce, 0xff, 0x7a, 0xce, 0xff, 0x7a, 0xce, 0xff, 0x7a, 0xce, 0xff, 0x7a, 0xce, 0xff, 0x7a, 0xce,
    0xff, 0x7a, 0xce, 0xff, 0x7a, 0xce, 0xff, 0x7a, 0xce, 0xff, 0x7a, 0xce, 0xff, 0x7a, 0xce, 0xff,
    0x7a, 0xce, 0xff, 0x7a, 0xce, 0xff, 0x7a, 0xce, 0xff, 0x7a, 0xce, 0xff, 0x7a, 0xce, 0xff, 0x7a,
    0xce, 0xff, 0x7a, 0xce, 0xff, 0x7a, 0xce, 0xff, 0x7a, 0xce, 0xff, 0x7a, 0xce, 0xff, 0x7a, 0xce,
    0xff, 0x7a, 0xce, 0xff, 0x7a, 0xce, 0xff, 0x7a, 0xce, 0xff, 0x7a, 0xce, 0xff, 0x7a, 0xce, 0xff,
    0x7a, 0xce, 0xff, 0x7a, 0xce, 0xff, 0x7a, 0xce, 0xff, 0x7a, 0xce, 0xff, 0x7a, 0xce, 0xff, 0x7a,
    0xce, 0xff, 0x7a, 0xce, 0xff, 0x7a, 0xce, 0xff, 0x7a, 0xce, 0xff, 0x7a, 0xce, 0xff, 0x7a, 0xce,
    0xff, 0x7a, 0xce, 0xff, 0x7a, 0xce, 0xff, 0x7a, 0xce, 0xff, 0x7a, 0xce, 0xff, 0x7a, 0xce, 0xff,
    0x7a, 0xce, 0xff, 0x7a, 0xce, 0xff, 0x7a, 0xce, 0xff, 0x7a, 0xce, 0xff, 0x7a, 0xce, 0xff, 0x7a,
    0xce, 0xff, 0x7a, 0xce, 0xff, 0x7a, 0xce, 0xff, 0x7a, 0xce, 0xff, 0x7a, 0xce, 0xff, 0x7a, 0xce,
    0xff, 0x7a, 0xce, 0xff, 0x7a, 0xce, 0xff, 0x7a, 0xce, 0xff, 0x7a, 0xce, 0xff, 0x7a, 0xce, 0xff,
    0x7a, 0xce, 0xff, 0x7a, 0xce, 0xff, 0x7a, 0xce, 0xff, 0x7a, 0xce, 0xff, 0x7a, 0xce, 0xff, 0x7a,
    0xce, 0xff, 0x7a, 0xce, 0xff, 0x7a, 0xce, 0xff, 0x7a, 0xce, 0xff, 0x7a, 0xce, 0xff, 0x7a, 0xce,
    0xff, 0x7a, 0xce, 0xff, 0x7a, 0xce, 0xff, 0x7a, 0xce, 0xff, 0x7a, 0xce, 0xff, 0x7a, 0xce, 0xff,
    0x7a, 0xce, 0xff, 0x7a, 0xce, 0xff, 0x7a, 0xce, 0xff, 0x7a, 0xce, 0xff, 0x7a, 0xce, 0xff, 0x7a,
    0xce, 0xff, 0x7a, 0xce, 0xff, 0x7a, 0xce, 0xff, 0x7a, 0xce, 0xff, 0x7a, 0xce, 0xff, 0x7a, 0xce,
    0xff, 0x7a, 0xce, 0xff, 0x7a, 0xce, 0xff, 0x7a, 0xce, 0xff, 0x7a, 0xce, 0xff, 0x7a, 0xce, 0xff,
    0x7a, 0xce, 0xff, 0x7a, 0xce, 0xff, 0x7a, 0xce, 0xff, 0x7a, 0xce, 0xff, 0x7a, 0xce, 0xff, 0x7a,
    0xce, 0xff, 0x7a, 0xce, 0xff, 0x7a, 0xce, 0xff, 0x7a, 0xce, 0xff, 0x7a, 0xce, 0xff, 0x7a, 0xce,
    0xff, 0x7a, 0xce, 0xff, 0x7a, 0xce, 0xff, 0x7a, 0xce, 0xff, 0x7a, 0xce, 0xff, 0x7a, 0xce, 0xff,
    0x7a, 0xce, 0xff, 0x7a, 0xce, 0xff, 0x7a, 0xce, 0xff, 0x7a, 0xce, 0xff, 0x7a, 0xce, 0xff, 0x7a,
    0xce, 0xff, 0x7a, 0xce, 0xff, 0x7a, 0xce, 0xff, 0x7a, 0xce, 0xff, 0x7a, 0xce, 0xff, 0x7a, 0xce,
    0xff, 0x7a, 0xce, 0xff, 0x7a, 0xce, 0xff, 0x7a, 0xce, 0xff, 0x7a, 0xce, 0xff, 0x7a, 0xce, 0xff,
    0x7a, 0xce, 0xff, 0x7a, 0xce, 0xff, 0x7a, 0xce, 0xff, 0x7a, 0xce, 0xff, 0x7a, 0xce, 0xff, 0x7a,
    0xce, 0xff, 0x7a, 0xce, 0xff, 0x7a, 0xce, 0xff, 0x7a, 0xce, 0xff, 0x7a, 0xce, 0xff, 0x7a, 0xce,
    0xff, 0x7a, 0xce, 0xff, 0x7a, 0xce, 0xff, 0x7a, 0xce, 0xff, 0x7a, 0xce, 0xff, 0x7a, 0xce, 0xff,
    0x7a, 0xce, 0xff, 0x7a, 0xce, 0xff, 0x7a, 0xce, 0xff, 0x7a, 0xce, 0xff, 0x7a, 0xce, 0xff, 0x7a,
    0xce, 0xff, 0x7a, 0xce, 0xff, 0x7a, 0xce, 0xff, 0x7a, 0xce, 0xff, 0x7a, 0xce, 0xff, 0x7a, 0xce,
    0xff, 0x7a, 0xce, 0xff, 0x7a, 0xce, 0xff, 0x7a, 0xce, 0xff, 0x7a, 0xce, 0xff, 0x7a, 0xce, 0xff,
    0x7a, 0xce, 0xff, 0x7a, 0xce, 0xff, 0x7a, 0xce, 0xff, 0x7a, 0xce, 0xff, 0x7a, 0xce, 0xff, 0x7a,
    0xce, 0xff, 0x7a, 0xce, 0xff, 0x7a, 0xce, 0xff, 0x7a, 0xce, 0xff, 0x7a, 0xce, 0xff, 0x7a, 0xce,
    0xff, 0x7a, 0xce, 0xff, 0x7a, 0xce, 0xff, 0x7a, 0xce, 0xff, 0x7a, 0xce, 0xff, 0x7a, 0xce, 0xff,
    0x7a, 0xce, 0xff, 0x7a, 0xce, 0xff, 0x7a, 0xce, 0xff, 0x7a, 0xce, 0xff, 0x7a, 0xce, 0xff, 0x7a,
    0xce, 0xff, 0x7a, 0xce, 0xff, 0x7a, 0xce, 0xff, 0x7a, 0xce, 0xff, 0x7a, 0xce, 0xff, 0x7a, 0xce,
    0xff, 0x7a, 0xce, 0xff, 0x7a, 0xce, 0xff, 0x7a, 0xce, 0xff, 0x7a, 0xce, 0xff, 0x7a, 0xce, 0xff,
    0x7a, 0xce, 0xff, 0x7a, 0xce, 0xff, 0x7a, 0xce, 0xff, 0x7a, 0xce, 0xff, 0x7a, 0xce, 0xff, 0x7a,
    0xce, 0xff, 0x7a, 0xce, 0xff, 0x7a, 0xce, 0xff, 0x7a, 0xce, 0xff, 0x7a, 0xce, 0xff, 0x7a, 0xce,
    0xff, 0x7a, 0xce, 0xff, 0x7a, 0xce, 0xff, 0x7a, 0xce, 0xff, 0x7a, 0xce, 0xff, 0x7a, 0xce, 0xff,
    0x7a, 0xce, 0xff, 0x7a, 0xce, 0xff, 0x7a, 0xce, 0xff, 0x7a, 0xce, 0xff, 0x7a, 0xce, 0xff, 0x7a,
    0xce, 0xff, 0x7a, 0xce, 0xff, 0x7a, 0xce, 0xff, 0x7a, 0xce, 0xff, 0x7a, 0xce, 0xff, 0x7a, 0xce,
    0xff, 0x7a, 0xce, 0xff, 0x7a, 0xce, 0xff, 0x7a, 0xce, 0xff, 0x7a, 0xce, 0xff, 0x7a, 0xce, 0xff,
    0x7a, 0xce, 0xff, 0x7a, 0xce, 0xff, 0x7a, 0xce, 0xff, 0x7a, 0xce, 0xff, 0x7a, 0xce, 0xff, 0x7a,
    0xce, 0xff, 0x7a, 0xce, 0xff, 0x7a, 0xce, 0xff, 0x7a, 0xce, 0xff, 0x7a, 0xce, 0xff, 0x7a, 0xce,
    0xff, 0x7a, 0xce, 0xff, 0x7a, 0xce, 0xff, 0x7a, 0xce, 0xff, 0x7a, 0xce, 0xff, 0x7a, 0xce, 0xff,
    0x7a, 0xce, 0xff, 0x7a, 0xce, 0xff, 0x7a, 0xce, 0xff, 0x7a, 0xce, 0xff, 0x7a, 0xce, 0xff, 0x7a,
    0xce, 0xff, 0x7a, 0xce, 0xff, 0x7a, 0xce, 0xff, 0x7a, 0xce, 0xff, 0x7a, 0xce, 0xff, 0x7a, 0xce,
    0xff, 0x7a, 0xce, 0xff, 0x7a, 0xce, 0xff, 0x7a, 0xce, 0xff, 0x7a, 0xce, 0xff, 0x7a, 0xce, 0xff,
    0x7a, 0xce, 0xff, 0x7a, 0xce, 0xff, 0x7a, 0xce, 0xff, 0x7a, 0xce, 0xff, 0x7a, 0xce, 0xff, 0x7a,
    0xce, 0xff, 0x7a, 0xce, 0xff, 0x7a, 0xce, 0xff, 0x7a, 0xce, 0xff, 0x7a, 0xce, 0xff, 0x7a, 0xce,
    0xff, 0x7a, 0xce, 0xff, 0x7a, 0xce, 0xff, 0x7a, 0xce, 0xff, 0x7a, 0xce, 0xff, 0x7a, 0xce, 0xff,
    0x7a, 0xce, 0xff, 0x7a, 0xce, 0xff, 0x7a, 0xce, 0xff, 0x7a, 0xce, 0xff, 0x7a, 0xce, 0xff, 0x7a,
    0xce, 0xff, 0x7a, 0xce, 0xff, 0x7a, 0xce, 0xff, 0x7a, 0xce, 0xff, 0x7a, 0xce, 0xff, 0x7a, 0xce,
    0xff, 0x7a, 0xce, 0xff, 0x7a, 0xce, 0xff, 0x7a, 0xce, 0xff, 0x7a, 0xce, 0xff, 0x7a, 0xce, 0xff,
    0x7a, 0xce, 0xff, 0x7a, 0xce, 0xff, 0x7a, 0xce, 0xff, 0x7a, 0xce, 0xff, 0x7a, 0xce, 0xff, 0x7a,
    0xce, 0xff, 0x7a, 0xce, 0xff, 0x7a, 0xce, 0xff, 0x7a, 0xce, 0xff, 0x7a, 0xce, 0xff, 0x7a, 0xce,
    0xff, 0x7a, 0xce, 0xff, 0x7a, 0xce, 0xff, 0x7a, 0xce, 0xff, 0x7a, 0xce, 0xff, 0x7a, 0xce, 0xff,
    0x7a, 0xce, 0xff, 0x7a, 0xce, 0xff, 0x7a, 0xce, 0xff, 0x7a, 0xce, 0xff, 0x7a, 0xce, 0xff, 0x7a,
    0xce, 0xff, 0x7a, 0xce, 0xff, 0x7a, 0xce, 0xff, 0x7a, 0xce, 0xff, 0x7a, 0xce, 0xff, 0x7a, 0xce,
    0xff, 0x7a, 0xce, 0xff, 0x7a, 0xce, 0xff, 0x7a, 0xce, 0xff, 0x7a, 0xce, 0xff, 0x7a, 0xce, 0xff,
    0x7a, 0xce, 0xff, 0x7a, 0xce, 0xff, 0x7a, 0xce, 0xff, 0x7a, 0xce, 0xff, 0x7a, 0xce, 0xff, 0x7a,
    0xce, 0xff, 0x7a, 0xce, 0xff, 0x7a, 0xce, 0xff, 0x7a, 0xce, 0xff, 0x7a, 0xce, 0xff, 0x7a, 0xce,
    0xff, 0x7a, 0xce, 0xff, 0x7a, 0xce, 0xff, 0x7a, 0xce, 0xff, 0x7a, 0xce, 0xff, 0x7a, 0xce, 0xff,
    0x7a, 0xce, 0xff, 0x7a, 0xce, 0xff, 0x7a, 0xce, 0xff, 0x7a, 0xce, 0xff, 0x7a, 0xce, 0xff, 0x7a,
    0xce, 0xff, 0x7a, 0xce, 0xff, 0x7a, 0xce, 0xff, 0x7a, 0xce, 0xff, 0x7a, 0xce, 0xff, 0x7a, 0xce,
    0xff, 0x7a, 0xce, 0xff, 0x7a, 0xce, 0xff, 0x7a, 0xce, 0xff, 0x7a, 0xce, 0xff, 0x7a, 0xce, 0xff,
    0x7a, 0xce, 0xff, 0x7a, 0xce, 0xff, 0x7a, 0xce, 0xff, 0x7a, 0xce, 0xff, 0x7a, 0xce, 0xff, 0x7a,
    0xce, 0xff, 0x7a, 0xce, 0xff, 0x7a, 0xce, 0xff, 0x7a, 0xce, 0xff, 0x7a, 0xce, 0xff, 0x7a, 0xce,
    0xff, 0x7a, 0xce, 0xff, 0x7a, 0xce, 0xff, 0x7a, 0xce, 0xff, 0x7a, 0xce, 0xff, 0x7a, 0xce, 0xff,
    0x7a, 0xce, 0xff, 0x7a, 0xce, 0xff, 0x7a, 0xce, 0xff, 0x7a, 0xce, 0xff, 0x7a, 0xce, 0xff, 0x7a,
    0xce, 0xff, 0x7a, 0xce, 0xff, 0x7a, 0xce, 0xff, 0x7a, 0xce, 0xff, 0x7a, 0xce, 0xff, 0x7a, 0xce,
    0xff, 0x7a, 0xce, 0xff, 0x7a, 0xce, 0xff, 0x7a, 0xce, 0xff, 0x7a, 0xce, 0xff, 0x7a, 0xce, 0xff,
    0x7a, 0xce, 0xff, 0x7a, 0xce, 0xff, 0x7a, 0xce, 0xff, 0x7a, 0xce, 0xff, 0x7a, 0xce, 0xff, 0x7a,
    0xce, 0xff, 0x7a, 0xce, 0xff, 0x7a, 0xce, 0xff, 0x7a, 0xce, 0xff, 0x7a, 0xce, 0xff, 0x7a, 0xce,
    0xff, 0x7a, 0xce, 0xff, 0x7a, 0xce, 0xff, 0x7a, 0xce, 0xff, 0x7a, 0xce, 0xff, 0x7a, 0xce, 0xff,
    0x7a, 0xce, 0xff, 0x7a, 0xce, 0xff, 0x7a, 0xce, 0xff, 0x7a, 0xce, 0xff, 0x7a, 0xce, 0xff, 0x7a,
    0xce, 0xff, 0x7a, 0xce, 0xff, 0x7a, 0xce, 0xff, 0x7a, 0xce, 0xff, 0x7a, 0xce, 0xff, 0x7a, 0xce,
    0xff, 0x7a, 0xce, 0xff, 0x7a, 0xce, 0xff, 0x7a, 0xce, 0xff, 0x7a, 0xce, 0xff, 0x7a, 0xce, 0xff,
    0x7a, 0xce, 0xff, 0x7a, 0xce, 0xff, 0x7a, 0xce, 0xff, 0x7a, 0xce, 0xff, 0x7a, 0xce, 0xff, 0x7a,
    0xce, 0xff, 0x7a, 0xce, 0xff, 0x7a, 0xce, 0xff, 0x7a, 0xce, 0xff, 0x7a, 0xce, 0xff, 0x7a, 0xce,
    0xff, 0x7a, 0xce, 0xff, 0x7a, 0xce, 0xff, 0x7a, 0xce, 0xff, 0x7a, 0xce, 0xff, 0x7a, 0xce, 0xff,
    0x7a, 0xce, 0xff, 0x7a, 0xce, 0xff, 0x7a, 0xce, 0xff, 0x7a, 0xce, 0xff, 0x7a, 0xce, 0xff, 0x7a,
    0xce, 0xff, 0x7a, 0xce, 0xff, 0x7a, 0xce, 0xff, 0x7a, 0xce, 0xff, 0x7a, 0xce, 0xff, 0x7a, 0xce,
    0xff, 0x7a, 0xce, 0xff, 0x7a, 0xce, 0xff, 0x7a, 0xce, 0xff, 0x7a, 0xce, 0xff, 0x7a, 0xce, 0xff,
    0x7a, 0xce, 0xff, 0x7a, 0xce, 0xff, 0x7a, 0xce, 0xff, 0x7a, 0xce, 0xff, 0x7a, 0xce, 0xff, 0x7a,
    0xce, 0xff, 0x7a, 0xce, 0xff, 0x7a, 0xce, 0xff, 0x7a, 0xce, 0xff, 0x7a, 0xce, 0xff, 0x7a, 0xce,
    0xff, 0x7a, 0xce, 0xff, 0x7a, 0xce, 0xff, 0x7a, 0xce, 0xff, 0x7a, 0xce, 0xff, 0x7a, 0xce, 0xff,
    0x7a, 0xce, 0xff, 0x7a, 0xce, 0xff, 0x7a, 0xce, 0xff, 0x7a, 0xce, 0xff, 0x7a, 0xce, 0xff, 0x7a,
    0xce, 0xff, 0x7a, 0xce, 0xff, 0x7a, 0xce, 0xff, 0x7a, 0xce, 0xff, 0x7a, 0xce, 0xff, 0x7a, 0xce,
    0xff, 0x7a, 0xce, 0xff, 0x7a, 0xce, 0xff, 0x7a, 0xce, 0xff, 0x7a, 0xce, 0xff, 0x7a, 0xce, 0xff,
    0x7a, 0xce, 0xff, 0x7a, 0xce, 0xff, 0x7a, 0xce, 0xff, 0x7a, 0xce, 0xff, 0x7a, 0xce, 0xff, 0x7a,
    0xce, 0xff, 0x7a, 0xce, 0xff, 0x7a, 0xce, 0xff, 0x7a, 0xce, 0xff, 0x7a, 0xce, 0xff, 0x7a, 0xce,
    0xff, 0x7a, 0xce, 0xff, 0x7a, 0xce, 0xff, 0x7a, 0xce, 0xff, 0x7a, 0xce, 0xff, 0x7a, 0xce, 0xff,
    0x7a, 0xce, 0xff, 0x7a, 0xce, 0xff, 0x7a, 0xce, 0xff, 0x7a, 0xce, 0xff, 0x7a, 0xce, 0xff, 0x7a,
    0xce, 0xff, 0x7a, 0xce, 0xff, 0x7a, 0xce, 0xff, 0x7a, 0xce, 0xff, 0x7a, 0xce, 0xff, 0x7a, 0xce,
    0xff, 0x7a, 0xce, 0xff, 0x7a, 0xce, 0xff, 0x7a, 0xce, 0xff, 0x7a, 0xce, 0xff, 0x7a, 0xce, 0xff,
    0x7a, 0xce, 0xff, 0x7a, 0xce, 0xff, 0x7a, 0xce, 0xff, 0x7a, 0xce, 0xff, 0x7a, 0xce, 0xff, 0x7a,
    0xce, 0xff, 0x7a, 0xce, 0xff, 0x7a, 0xce, 0xff, 0x7a, 0xce, 0xff, 0x7a, 0xce, 0xff, 0x7a, 0xce,
    0xff, 0x7a, 0xce, 0xff, 0x7a, 0xce, 0xff, 0x7a, 0xce, 0xff, 0x7a, 0xce, 0xff, 0x7a, 0xce, 0xff,
    0x7a, 0xce, 0xff, 0x7a, 0xce, 0xff, 0x7a, 0xce, 0xff, 0x7a, 0xce, 0xff, 0x7a, 0xce, 0xff, 0x7a,
    0xce, 0xff, 0x7a, 0xce, 0xff, 0x7a, 0xce, 0xff, 0x7a, 0xce, 0xff, 0x7a, 0xce, 0xff, 0x7a, 0xce,
    0xff, 0x7a, 0xce, 0xff, 0x7a, 0xce, 0xff, 0x7a, 0xce, 0xff, 0x7a, 0xce, 0xff, 0x7a, 0xce, 0xff,
    0x7a, 0xce, 0xff, 0x7a, 0xce, 0xff, 0x7a, 0xce, 0xff, 0x7a, 0xce, 0xff, 0x7a, 0xce, 0xff, 0x7a,
    0xce, 0xff, 0x7a, 0xce, 0xff, 0x7a, 0xce, 0xff, 0x7a, 0xce, 0xff, 0x7a, 0xce, 0xff, 0x7a, 0xce,
    0xff, 0x7a, 0xce, 0xff, 0x7a, 0xce, 0xff, 0x7a, 0xce, 0xff, 0x7a, 0xce, 0xff, 0x7a, 0xce, 0xff,
    0x7a, 0xce, 0xff, 0x7a, 0xce, 0xff, 0x7a, 0xce, 0xff, 0x7a, 0xce, 0xff, 0x7a, 0xce, 0xff, 0x7a,
    0xce, 0xff, 0x7a, 0xce, 0xff, 0x7a, 0xce, 0xff, 0x7a, 0xce, 0xff, 0x7a, 0xce, 0xff, 0x7a, 0xce,
    0xff, 0x7a, 0xce, 0xff, 0x7a, 0xce, 0xff, 0x7a, 0xce, 0xff, 0x7a, 0xce, 0xff, 0x7a, 0xce, 0xff,
    0x7a, 0xce, 0xff, 0x7a, 0xce, 0xff, 0x7a, 0xce, 0xff, 0x7a, 0xce, 0xff, 0x7a, 0xce, 0xff, 0x7a,
    0xce, 0xff, 0x7a, 0xce, 0xff, 0x7a, 0xce, 0xff, 0x7a, 0xce, 0xff, 0x7a, 0xce, 0xff, 0x7a, 0xce,
    0xff, 0x7a, 0xce, 0xff, 0x7a, 0xce, 0xff, 0x7a, 0xce, 0xff, 0x7a, 0xce, 0xff, 0x7a, 0xce, 0xff,
    0x7a, 0xce, 0xff, 0x7a, 0xce, 0xff, 0x7a, 0xce, 0xff, 0x7a, 0xce, 0xff, 0x7a, 0xce, 0xff, 0x7a,
    0xce, 0xff, 0x7a, 0xce, 0xff, 0x7a, 0xce, 0xff, 0x7a, 0xce, 0xff, 0x7a, 0xce, 0xff, 0x7a, 0xce,
    0xff, 0x7a, 0xce, 0xff, 0x7a, 0xce, 0xff, 0x7a, 0xce, 0xff, 0x7a, 0xce, 0xff, 0x7a, 0xce, 0xff,
    0x7a, 0xce, 0xff, 0x7a, 0xce, 0xff, 0x7a, 0xce, 0xff, 0x7a, 0xce, 0xff, 0x7a, 0xce, 0xff, 0x7a,
    0xce, 0xff, 0x7a, 0xce, 0xff, 0x7a, 0xce, 0xff, 0x7a, 0xce, 0xff, 0x7a, 0xce, 0xff, 0x7a, 0xce,
    0xff, 0x7a, 0xce, 0xff, 0x7a, 0xce, 0xff, 0x7a, 0xce, 0xff, 0x7a, 0xce, 0xff, 0x7a, 0xce, 0xff,
    0x7a, 0xce, 0xff, 0x7a, 0xce, 0xff, 0x7a, 0xce, 0xff, 0x7a, 0xce, 0xff, 0x7a, 0xce, 0xff, 0x7a,
    0xce, 0xff, 0x7a, 0xce, 0xff, 0x7a, 0xce, 0xff, 0x7a, 0xce, 0xff, 0x7a, 0xce, 0xff, 0x7a, 0xce,
    0xff, 0x7a, 0xce, 0xff, 0x7a, 0xce, 0xff, 0x7a, 0xce, 0xff, 0x7a, 0xce, 0xff, 0x7a, 0xce, 0xff,
    0x7a, 0xce, 0xff, 0x7a, 0xce, 0xff, 0x7a, 0xce, 0xff, 0x7a, 0xce, 0xff, 0x7a, 0xce, 0xff, 0x7a,
    0xce, 0xff, 0x7a, 0xce, 0xff, 0x7a, 0xce, 0xff, 0x7a, 0xce, 0xff, 0x7a, 0xce, 0xff, 0x7a, 0xce,
    0xff, 0x7a, 0xce, 0xff, 0x7a, 0xce, 0xff, 0x7a, 0xce, 0xff, 0x7a, 0xce, 0xff, 0x7a, 0xce, 0xff,
    0x7a, 0xce, 0xff, 0x7a, 0xce, 0xff, 0x7a, 0xce, 0xff, 0x7a, 0xce, 0xff, 0x7a, 0xce, 0xff, 0x7a,
    0xce, 0xff, 0x7a, 0xce, 0xff, 0x7a, 0xce, 0xff, 0x7a, 0xce, 0xff, 0x7a, 0xce, 0xff, 0x7a, 0xce,
    0xff, 0x7a, 0xce, 0xff, 0x7a, 0xce, 0xff, 0x7a, 0xce, 0xff, 0x7a, 0xce, 0xff, 0x7a, 0xce, 0xff,
    0x7a, 0xce, 0xff, 0x7a, 0xce, 0xff, 0x7a, 0xce, 0xff, 0x7a, 0xce, 0xff, 0x7a, 0xce, 0xff, 0x7a,
    0xce, 0xff, 0x7a, 0xce, 0xff, 0x7a, 0xce, 0xff, 0x7a, 0xce, 0xff, 0x7a, 0xce, 0xff, 0x7a, 0xce,
    0xff, 0x7a, 0xce, 0xff, 0x7a, 0xce, 0xff, 0x7a, 0xce, 0xff, 0x7a, 0xce, 0xff, 0x7a, 0xce, 0xff,
    0x7a, 0xce, 0xff, 0x7a, 0xce, 0xff, 0x7a, 0xce, 0xff, 0x7a, 0xce, 0xff, 0x7a, 0xce, 0xff, 0x7a,
    0xce, 0xff, 0x7a, 0xce, 0xff, 0x7a, 0xce, 0xff, 0x7a, 0xce, 0xff, 0x7a, 0xce, 0xff, 0x7a, 0xce,
    0xff, 0x7a, 0xce, 0xff, 0x7a, 0xce, 0xff, 0x7a, 0xce, 0xff, 0x7a, 0xce, 0xff, 0x7a, 0xce, 0xff,
    0x7a, 0xce, 0xff, 0x7a, 0xce, 0xff, 0x7a, 0xce, 0xff, 0x7a, 0xce, 0xff, 0x7a, 0xce, 0xff, 0x7a,
    0xce, 0xff, 0x7a, 0xce, 0xff, 0x7a, 0xce, 0xff, 0x7a, 0xc6, 0xff, 0x7a, 0xc6, 0xff, 0x7a, 0xc6,
    0xff, 0x7a, 0xc6, 0xff, 0x7a, 0xce, 0xff, 0x7a, 0xce, 0xff, 0x7a, 0xce, 0xff, 0x7a, 0xce, 0xff,
    0x7a, 0xce, 0xff, 0x7a, 0xce, 0xff, 0x7a, 0xce, 0xff, 0x7a, 0xce, 0xff, 0x7a, 0xce, 0xff, 0x7a,
    0xce, 0xff, 0x7a, 0xce, 0xff, 0x7a, 0xce, 0xff, 0x7a, 0xce, 0xff, 0x7a, 0xce, 0xff, 0x7a, 0xce,
    0xff, 0x7a, 0xce, 0xff, 0x7a, 0xce, 0xff, 0x7a, 0xce, 0xff, 0x7a, 0xce, 0xff, 0x7a, 0xce, 0xff,
    0x7a, 0xce, 0xff, 0x7a, 0xce, 0xff, 0x7a, 0xce, 0xff, 0x7a, 0xce, 0xff, 0x7a, 0xce, 0xff, 0x7a,
    0xce, 0xff, 0x7a, 0xce, 0xff, 0x7a, 0xce, 0xff, 0x7a, 0xce, 0xff, 0x7a, 0xce, 0xff, 0x7a, 0xce,
    0xff, 0x7a, 0xce, 0xff, 0x7a, 0xce, 0xff, 0x7a, 0xce, 0xff, 0x7a, 0xce, 0xff, 0x7a, 0xce, 0xff,
    0x7a, 0xce, 0xff, 0x7a, 0xce, 0xff, 0x7a, 0xce, 0xff, 0x7a, 0xce, 0xff, 0x7a, 0xce, 0xff, 0x7a,
    0xce, 0xff, 0x7a, 0xce, 0xff, 0x7a, 0xce, 0xff, 0x7a, 0xce, 0xff, 0x7a, 0xce, 0xff, 0x7a, 0xce,
    0xff, 0x7a, 0xce, 0xff, 0x7a, 0xce, 0xff, 0x7a, 0xce, 0xff, 0x7a, 0xce, 0xff, 0x7a, 0xce, 0xff,
    0x7a, 0xce, 0xff, 0x7a, 0xce, 0xff, 0x7a, 0xce, 0xff, 0x7a, 0xce, 0xff, 0x7a, 0xce, 0xff, 0x7a,
    0xce, 0xff, 0x7a, 0xce, 0xff, 0x7a, 0xce, 0xff, 0x7a, 0xce, 0xff, 0x7a, 0xce, 0xff, 0x7a, 0xce,
    0xff, 0x7a, 0xce, 0xff, 0x7a, 0xce, 0xff, 0x7a, 0xce, 0xff, 0x7a, 0xce, 0xff, 0x7a, 0xce, 0xff,
    0x7a, 0xce, 0xff, 0x7a, 0xce, 0xff, 0x7a, 0xce, 0xff, 0x7a, 0xce, 0xff, 0x7a, 0xce, 0xff, 0x7a,
    0xce, 0xff, 0x7a, 0xce, 0xff, 0x7a, 0xce, 0xff, 0x7a, 0xce, 0xff, 0x7a, 0xce, 0xff, 0x7a, 0xce,
    0xff, 0x7a, 0xce, 0xff, 0x7a, 0xce, 0xff, 0x7a, 0xce, 0xff, 0x7a, 0xce, 0xff, 0x7a, 0xce, 0xff,
    0x7a, 0xce, 0xff, 0x7a, 0xce, 0xff, 0x7a, 0xce, 0xff, 0x7a, 0xce, 0xff, 0x7a, 0xce, 0xff, 0x7a,
    0xce, 0xff, 0x7a, 0xce, 0xff, 0x7a, 0xce, 0xff, 0x7a, 0xce, 0xff, 0x7a, 0xce, 0xff, 0x7a, 0xce,
    0xff, 0x7a, 0xce, 0xff, 0x7a, 0xce, 0xff, 0x7a, 0xce, 0xff, 0x7a, 0xce, 0xff, 0x7a, 0xce, 0xff,
    0x7a, 0xce, 0xff, 0x7a, 0xce, 0xff, 0x7a, 0xce, 0xff, 0x7a, 0xce, 0xff, 0x7a, 0xce, 0xff, 0x7a,
    0xce, 0xff, 0x7a, 0xce, 0xff, 0x7a, 0xce, 0xff, 0x7a, 0xce, 0xff, 0x7a, 0xce, 0xff, 0x7a, 0xce,
    0xff, 0x7a, 0xce, 0xff, 0x7a, 0xce, 0xff, 0x7a, 0xce, 0xff, 0x7a, 0xce, 0xff, 0x7a, 0xce, 0xff,
    0x7a, 0xce, 0xff, 0x7a, 0xce, 0xff, 0x7a, 0xce, 0xff, 0x7a, 0xce, 0xff, 0x7a, 0xce, 0xff, 0x7a,
    0xce, 0xff, 0x7a, 0xce, 0xff, 0x7a, 0xce, 0xff, 0x7a, 0xce, 0xff, 0x7a, 0xce, 0xff, 0x7a, 0xce,
    0xff, 0x7a, 0xce, 0xff, 0x7a, 0xce, 0xff, 0x7a, 0xce, 0xff, 0x7a, 0xce, 0xff, 0x7a, 0xce, 0xff,
    0x7a, 0xce, 0xff, 0x7a, 0xce, 0xff, 0x7a, 0xce, 0xff, 0x7a, 0xce, 0xff, 0x7a, 0xce, 0xff, 0x7a,
    0xce, 0xff, 0x7a, 0xce, 0xff, 0x7a, 0xce, 0xff, 0x7a, 0xce, 0xff, 0x7a, 0xce, 0xff, 0x7a, 0xce,
    0xff, 0x7a, 0xce, 0xff, 0x7a, 0xce, 0xff, 0x7a, 0xce, 0xff, 0x7a, 0xce, 0xff, 0x7a, 0xce, 0xff,
    0x7a, 0xce, 0xff, 0x7a, 0xce, 0xff, 0x7a, 0xce, 0xff, 0x7a, 0xce, 0xff, 0x7a, 0xce, 0xff, 0x7a,
    0xce, 0xff, 0x7a, 0xce, 0xff, 0x7a, 0xce, 0xff, 0x7a, 0xce, 0xff, 0x7a, 0xce, 0xff, 0x7a, 0xce,
    0xff, 0x7a, 0xce, 0xff, 0x7a, 0xce, 0xff, 0x7a, 0xce, 0xff, 0x7a, 0xce, 0xff, 0x7a, 0xce, 0xff,
    0x7a, 0xce, 0xff, 0x7a, 0xce, 0xff, 0x7a, 0xce, 0xff, 0x7a, 0xce, 0xff, 0x7a, 0xce, 0xff, 0x7a,
    0xce, 0xff, 0x7a, 0xce, 0xff, 0x7a, 0xc6, 0xff, 0x5a, 0xc6, 0xff, 0x7a, 0xc6, 0xff, 0x7a, 0xc6,
    0xff, 0x7a, 0xce, 0xff, 0x9b, 0xce, 0xff, 0x9b, 0xce, 0xff, 0x9b, 0xce, 0xff, 0x9b, 0xce, 0xff,
    0x7a, 0xce, 0xff, 0x7a, 0xc6, 0xff, 0x7a, 0xc6, 0xff, 0x5a, 0xc6, 0xff, 0x7a, 0xc6, 0xff, 0x7a,
    0xc6, 0xff, 0x7a, 0xce, 0xff, 0x7a, 0xce, 0xff, 0x7a, 0xce, 0xff, 0x7a, 0xce, 0xff, 0x7a, 0xce,
    0xff, 0x7a, 0xce, 0xff, 0x7a, 0xce, 0xff, 0x7a, 0xce, 0xff, 0x7a, 0xce, 0xff, 0x7a, 0xce, 0xff,
    0x7a, 0xce, 0xff, 0x7a, 0xce, 0xff, 0x7a, 0xce, 0xff, 0x7a, 0xce, 0xff, 0x7a, 0xce, 0xff, 0x7a,
    0xce, 0xff, 0x7a, 0xce, 0xff, 0x7a, 0xce, 0xff, 0x7a, 0xce, 0xff, 0x7a, 0xce, 0xff, 0x7a, 0xce,
    0xff, 0x7a, 0xce, 0xff, 0x7a, 0xce, 0xff, 0x7a, 0xce, 0xff, 0x7a, 0xce, 0xff, 0x7a, 0xce, 0xff,
    0x7a, 0xce, 0xff, 0x7a, 0xce, 0xff, 0x7a, 0xce, 0xff, 0x7a, 0xce, 0xff, 0x7a, 0xce, 0xff, 0x7a,
    0xce, 0xff, 0x7a, 0xce, 0xff, 0x7a, 0xce, 0xff, 0x7a, 0xce, 0xff, 0x7a, 0xce, 0xff, 0x7a, 0xce,
    0xff, 0x7a, 0xce, 0xff, 0x7a, 0xce, 0xff, 0x7a, 0xce, 0xff, 0x7a, 0xce, 0xff, 0x7a, 0xce, 0xff,
    0x7a, 0xce, 0xff, 0x7a, 0xce, 0xff, 0x7a, 0xce, 0xff, 0x7a, 0xce, 0xff, 0x7a, 0xce, 0xff, 0x7a,
    0xce, 0xff, 0x7a, 0xce, 0xff, 0x7a, 0xce, 0xff, 0x7a, 0xce, 0xff, 0x7a, 0xce, 0xff, 0x7a, 0xce,
    0xff, 0x7a, 0xce, 0xff, 0x7a, 0xce, 0xff, 0x7a, 0xce, 0xff, 0x7a, 0xce, 0xff, 0x7a, 0xce, 0xff,
    0x7a, 0xce, 0xff, 0x7a, 0xce, 0xff, 0x7a, 0xce, 0xff, 0x7a, 0xce, 0xff, 0x7a, 0xce, 0xff, 0x7a,
    0xce, 0xff, 0x7a, 0xce, 0xff, 0x7a, 0xce, 0xff, 0x7a, 0xce, 0xff, 0x7a, 0xce, 0xff, 0x7a, 0xce,
    0xff, 0x7a, 0xce, 0xff, 0x7a, 0xce, 0xff, 0x7a, 0xce, 0xff, 0x7a, 0xce, 0xff, 0x7a, 0xce, 0xff,
    0x7a, 0xce, 0xff, 0x7a, 0xce, 0xff, 0x7a, 0xce, 0xff, 0x7a, 0xce, 0xff, 0x7a, 0xce, 0xff, 0x7a,
    0xce, 0xff, 0x7a, 0xce, 0xff, 0x7a, 0xce, 0xff, 0x7a, 0xce, 0xff, 0x7a, 0xce, 0xff, 0x7a, 0xce,
    0xff, 0x7a, 0xce, 0xff, 0x7a, 0xce, 0xff, 0x7a, 0xce, 0xff, 0x7a, 0xce, 0xff, 0x7a, 0xce, 0xff,
    0x7a, 0xce, 0xff, 0x7a, 0xce, 0xff, 0x7a, 0xce, 0xff, 0x7a, 0xce, 0xff, 0x7a, 0xce, 0xff, 0x7a,
    0xce, 0xff, 0x7a, 0xce, 0xff, 0x7a, 0xce, 0xff, 0x7a, 0xce, 0xff, 0x7a, 0xce, 0xff, 0x7a, 0xce,
    0xff, 0x7a, 0xce, 0xff, 0x7a, 0xce, 0xff, 0x7a, 0xce, 0xff, 0x7a, 0xce, 0xff, 0x7a, 0xce, 0xff,
    0x7a, 0xce, 0xff, 0x7a, 0xce, 0xff, 0x7a, 0xce, 0xff, 0x7a, 0xce, 0xff, 0x7a, 0xce, 0xff, 0x7a,
    0xce, 0xff, 0x7a, 0xce, 0xff, 0x7a, 0xce, 0xff, 0x7a, 0xce, 0xff, 0x7a, 0xce, 0xff, 0x7a, 0xce,
    0xff, 0x7a, 0xce, 0xff, 0x7a, 0xce, 0xff, 0x7a, 0xce, 0xff, 0x7a, 0xce, 0xff, 0x7a, 0xce, 0xff,
    0x7a, 0xce, 0xff, 0x7a, 0xce, 0xff, 0x7a, 0xce, 0xff, 0x7a, 0xce, 0xff, 0x7a, 0xce, 0xff, 0x7a,
    0xce, 0xff, 0x7a, 0xce, 0xff, 0x7a, 0xce, 0xff, 0x7a, 0xce, 0xff, 0x7a, 0xce, 0xff, 0x7a, 0xce,
    0xff, 0x7a, 0xce, 0xff, 0x7a, 0xce, 0xff, 0x7a, 0xce, 0xff, 0x7a, 0xce, 0xff, 0x7a, 0xce, 0xff,
    0x7a, 0xce, 0xff, 0x7a, 0xce, 0xff, 0x7a, 0xce, 0xff, 0x7a, 0xce, 0xff, 0x7a, 0xce, 0xff, 0x7a,
    0xce, 0xff, 0x7a, 0xce, 0xff, 0x7a, 0xce, 0xff, 0x7a, 0xce, 0xff, 0x7a, 0xce, 0xff, 0x7a, 0xce,
    0xff, 0x7a, 0xce, 0xff, 0x7a, 0xce, 0xff, 0x7a, 0xce, 0xff, 0x7a, 0xce, 0xff, 0x7a, 0xce, 0xff,
    0x7a, 0xce, 0xff, 0x7a, 0xce, 0xff, 0x7a, 0xce, 0xff, 0x7a, 0xce, 0xff, 0x7a, 0xce, 0xff, 0x7a,
    0xce, 0xff, 0x7a, 0xce, 0xff, 0x7a, 0xce, 0xff, 0x5a, 0xc6, 0xff, 0x5a, 0xc6, 0xff, 0x7a, 0xce,
    0xff, 0xbb, 0xd6, 0xff, 0xfc, 0xde, 0xff, 0x5d, 0xe7, 0xff, 0x7e, 0xef, 0xff, 0x9e, 0xef, 0xff,
    0xbf, 0xf7, 0xff, 0xbe, 0xf7, 0xff, 0xbf, 0xf7, 0xff, 0xbf, 0xf7, 0xff, 0x9e, 0xf7, 0xff, 0x7e,
    0xef, 0xff, 0x5d, 0xe7, 0xff, 0x1c, 0xdf, 0xff, 0xdb, 0xd6, 0xff, 0x9b, 0xce, 0xff, 0x7a, 0xc6,
    0xff, 0x5a, 0xc6, 0xff, 0x7a, 0xc6, 0xff, 0x7a, 0xce, 0xff, 0x7a, 0xce, 0xff, 0x7a, 0xce, 0xff,
    0x7a, 0xce, 0xff, 0x7a, 0xce, 0xff, 0x7a, 0xce, 0xff, 0x7a, 0xce, 0xff, 0x7a, 0xce, 0xff, 0x7a,
    0xce, 0xff, 0x7a, 0xce, 0xff, 0x7a, 0xce, 0xff, 0x7a, 0xce, 0xff, 0x7a, 0xce, 0xff, 0x7a, 0xce,
    0xff, 0x7a, 0xce, 0xff, 0x7a, 0xce, 0xff, 0x7a, 0xce, 0xff, 0x7a, 0xce, 0xff, 0x7a, 0xce, 0xff,
    0x7a, 0xce, 0xff, 0x7a, 0xce, 0xff, 0x7a, 0xce, 0xff, 0x7a, 0xce, 0xff, 0x7a, 0xce, 0xff, 0x7a,
    0xce, 0xff, 0x7a, 0xce, 0xff, 0x7a, 0xce, 0xff, 0x7a, 0xce, 0xff, 0x7a, 0xce, 0xff, 0x7a, 0xce,
    0xff, 0x7a, 0xce, 0xff, 0x7a, 0xce, 0xff, 0x7a, 0xce, 0xff, 0x7a, 0xce, 0xff, 0x7a, 0xce, 0xff,
    0x7a, 0xce, 0xff, 0x7a, 0xce, 0xff, 0x7a, 0xce, 0xff, 0x7a, 0xce, 0xff, 0x7a, 0xce, 0xff, 0x7a,
    0xce, 0xff, 0x7a, 0xce, 0xff, 0x7a, 0xce, 0xff, 0x7a, 0xce, 0xff, 0x7a, 0xce, 0xff, 0x7a, 0xce,
    0xff, 0x7a, 0xce, 0xff, 0x7a, 0xce, 0xff, 0x7a, 0xce, 0xff, 0x7a, 0xce, 0xff, 0x7a, 0xce, 0xff,
    0x7a, 0xce, 0xff, 0x7a, 0xce, 0xff, 0x7a, 0xce, 0xff, 0x7a, 0xce, 0xff, 0x7a, 0xce, 0xff, 0x7a,
    0xce, 0xff, 0x7a, 0xce, 0xff, 0x7a, 0xce, 0xff, 0x7a, 0xce, 0xff, 0x7a, 0xce, 0xff, 0x7a, 0xce,
    0xff, 0x7a, 0xce, 0xff, 0x7a, 0xce, 0xff, 0x7a, 0xce, 0xff, 0x7a, 0xce, 0xff, 0x7a, 0xce, 0xff,
    0x7a, 0xce, 0xff, 0x7a, 0xce, 0xff, 0x7a, 0xce, 0xff, 0x7a, 0xce, 0xff, 0x7a, 0xce, 0xff, 0x7a,
    0xce, 0xff, 0x7a, 0xce, 0xff, 0x7a, 0xce, 0xff, 0x7a, 0xce, 0xff, 0x7a, 0xce, 0xff, 0x7a, 0xce,
    0xff, 0x7a, 0xce, 0xff, 0x7a, 0xce, 0xff, 0x7a, 0xce, 0xff, 0x7a, 0xce, 0xff, 0x7a, 0xce, 0xff,
    0x7a, 0xce, 0xff, 0x7a, 0xce, 0xff, 0x7a, 0xce, 0xff, 0x7a, 0xce, 0xff, 0x7a, 0xce, 0xff, 0x7a,
    0xce, 0xff, 0x7a, 0xce, 0xff, 0x7a, 0xce, 0xff, 0x7a, 0xce, 0xff, 0x7a, 0xce, 0xff, 0x7a, 0xce,
    0xff, 0x7a, 0xce, 0xff, 0x7a, 0xce, 0xff, 0x7a, 0xce, 0xff, 0x7a, 0xce, 0xff, 0x7a, 0xce, 0xff,
    0x7a, 0xce, 0xff, 0x7a, 0xce, 0xff, 0x7a, 0xce, 0xff, 0x7a, 0xce, 0xff, 0x7a, 0xce, 0xff, 0x7a,
    0xce, 0xff, 0x7a, 0xce, 0xff, 0x7a, 0xce, 0xff, 0x7a, 0xce, 0xff, 0x7a, 0xce, 0xff, 0x7a, 0xce,
    0xff, 0x7a, 0xce, 0xff, 0x7a, 0xce, 0xff, 0x7a, 0xce, 0xff, 0x7a, 0xce, 0xff, 0x7a, 0xce, 0xff,
    0x7a, 0xce, 0xff, 0x7a, 0xce, 0xff, 0x7a, 0xce, 0xff, 0x7a, 0xce, 0xff, 0x7a, 0xce, 0xff, 0x7a,
    0xce, 0xff, 0x7a, 0xce, 0xff, 0x7a, 0xce, 0xff, 0x7a, 0xce, 0xff, 0x7a, 0xce, 0xff, 0x7a, 0xce,
    0xff, 0x7a, 0xce, 0xff, 0x7a, 0xce, 0xff, 0x7a, 0xce, 0xff, 0x7a, 0xce, 0xff, 0x7a, 0xce, 0xff,
    0x7a, 0xce, 0xff, 0x7a, 0xce, 0xff, 0x7a, 0xce, 0xff, 0x7a, 0xce, 0xff, 0x7a, 0xce, 0xff, 0x7a,
    0xce, 0xff, 0x7a, 0xce, 0xff, 0x7a, 0xce, 0xff, 0x7a, 0xce, 0xff, 0x7a, 0xce, 0xff, 0x7a, 0xce,
    0xff, 0x7a, 0xce, 0xff, 0x7a, 0xce, 0xff, 0x7a, 0xce, 0xff, 0x7a, 0xce, 0xff, 0x7a, 0xce, 0xff,
    0x7a, 0xce, 0xff, 0x7a, 0xce, 0xff, 0x7a, 0xce, 0xff, 0x7a, 0xce, 0xff, 0x7a, 0xce, 0xff, 0x7a,
    0xce, 0xff, 0x7a, 0xce, 0xff, 0x7a, 0xce, 0xff, 0x7a, 0xce, 0xff, 0x7a, 0xc6, 0xff, 0x5a, 0xc6,
    0xff, 0x7a, 0xce, 0xff, 0xdc, 0xd6, 0xff, 0x5d, 0xe7, 0xff, 0x9e, 0xf7, 0xff, 0xdf, 0xf7, 0xff,
    0xdf, 0xff, 0xff, 0xdf, 0xff, 0xff, 0xdf, 0xf7, 0xff, 0xdf, 0xf7, 0xff, 0xdf, 0xf7, 0xff, 0xdf,
    0xf7, 0xff, 0xdf, 0xf7, 0xff, 0xdf, 0xf7, 0xff, 0xdf, 0xf7, 0xff, 0xdf, 0xf7, 0xff, 0xdf, 0xff,
    0xff, 0xdf, 0xff, 0xff, 0xdf, 0xf7, 0xff, 0xbf, 0xf7, 0xff, 0x5e, 0xef, 0xff, 0xfc, 0xde, 0xff,
    0x9b, 0xce, 0xff, 0x5a, 0xc6, 0xff, 0x7a, 0xc6, 0xff, 0x7a, 0xce, 0xff, 0x7a, 0xce, 0xff, 0x7a,
    0xce, 0xff, 0x7a, 0xce, 0xff, 0x7a, 0xce, 0xff, 0x7a, 0xce, 0xff, 0x7a, 0xce, 0xff, 0x7a, 0xce,
    0xff, 0x7a, 0xce, 0xff, 0x7a, 0xce, 0xff, 0x7a, 0xce, 0xff, 0x7a, 0xce, 0xff, 0x7a, 0xce, 0xff,
    0x7a, 0xce, 0xff, 0x7a, 0xce, 0xff, 0x7a, 0xce, 0xff, 0x7a, 0xce, 0xff, 0x7a, 0xce, 0xff, 0x7a,
    0xce, 0xff, 0x7a, 0xce, 0xff, 0x7a, 0xce, 0xff, 0x7a, 0xce, 0xff, 0x7a, 0xce, 0xff, 0x7a, 0xce,
    0xff, 0x7a, 0xce, 0xff, 0x7a, 0xce, 0xff, 0x7a, 0xce, 0xff, 0x7a, 0xce, 0xff, 0x7a, 0xce, 0xff,
    0x7a, 0xce, 0xff, 0x7a, 0xce, 0xff, 0x7a, 0xce, 0xff, 0x7a, 0xce, 0xff, 0x7a, 0xce, 0xff, 0x7a,
    0xce, 0xff, 0x7a, 0xce, 0xff, 0x7a, 0xce, 0xff, 0x7a, 0xce, 0xff, 0x7a, 0xce, 0xff, 0x7a, 0xce,
    0xff, 0x7a, 0xce, 0xff, 0x7a, 0xce, 0xff, 0x7a, 0xce, 0xff, 0x7a, 0xce, 0xff, 0x7a, 0xce, 0xff,
    0x7a, 0xce, 0xff, 0x7a, 0xce, 0xff, 0x7a, 0xce, 0xff, 0x7a, 0xce, 0xff, 0x7a, 0xce, 0xff, 0x7a,
    0xce, 0xff, 0x7a, 0xce, 0xff, 0x7a, 0xce, 0xff, 0x7a, 0xce, 0xff, 0x7a, 0xce, 0xff, 0x7a, 0xce,
    0xff, 0x7a, 0xce, 0xff, 0x7a, 0xce, 0xff, 0x7a, 0xce, 0xff, 0x7a, 0xce, 0xff, 0x7a, 0xce, 0xff,
    0x7a, 0xce, 0xff, 0x7a, 0xce, 0xff, 0x7a, 0xce, 0xff, 0x7a, 0xce, 0xff, 0x7a, 0xce, 0xff, 0x7a,
    0xce, 0xff, 0x7a, 0xce, 0xff, 0x7a, 0xce, 0xff, 0x7a, 0xce, 0xff, 0x7a, 0xce, 0xff, 0x7a, 0xce,
    0xff, 0x7a, 0xce, 0xff, 0x7a, 0xce, 0xff, 0x7a, 0xce, 0xff, 0x7a, 0xce, 0xff, 0x7a, 0xce, 0xff,
    0x7a, 0xce, 0xff, 0x7a, 0xce, 0xff, 0x7a, 0xce, 0xff, 0x7a, 0xce, 0xff, 0x7a, 0xce, 0xff, 0x7a,
    0xce, 0xff, 0x7a, 0xce, 0xff, 0x7a, 0xce, 0xff, 0x7a, 0xce, 0xff, 0x7a, 0xce, 0xff, 0x7a, 0xce,
    0xff, 0x7a, 0xce, 0xff, 0x7a, 0xce, 0xff, 0x7a, 0xce, 0xff, 0x7a, 0xce, 0xff, 0x7a, 0xce, 0xff,
    0x7a, 0xce, 0xff, 0x7a, 0xce, 0xff, 0x7a, 0xce, 0xff, 0x7a, 0xce, 0xff, 0x7a, 0xce, 0xff, 0x7a,
    0xce, 0xff, 0x7a, 0xce, 0xff, 0x7a, 0xce, 0xff, 0x7a, 0xce, 0xff, 0x7a, 0xce, 0xff, 0x7a, 0xce,
    0xff, 0x7a, 0xce, 0xff, 0x7a, 0xce, 0xff, 0x7a, 0xce, 0xff, 0x7a, 0xce, 0xff, 0x7a, 0xce, 0xff,
    0x7a, 0xce, 0xff, 0x7a, 0xce, 0xff, 0x7a, 0xce, 0xff, 0x7a, 0xce, 0xff, 0x7a, 0xce, 0xff, 0x7a,
    0xce, 0xff, 0x7a, 0xce, 0xff, 0x7a, 0xce, 0xff, 0x7a, 0xce, 0xff, 0x7a, 0xce, 0xff, 0x7a, 0xce,
    0xff, 0x7a, 0xce, 0xff, 0x7a, 0xce, 0xff, 0x7a, 0xce, 0xff, 0x7a, 0xce, 0xff, 0x7a, 0xce, 0xff,
    0x7a, 0xce, 0xff, 0x7a, 0xce, 0xff, 0x7a, 0xce, 0xff, 0x7a, 0xce, 0xff, 0x7a, 0xce, 0xff, 0x7a,
    0xce, 0xff, 0x7a, 0xce, 0xff, 0x7a, 0xce, 0xff, 0x7a, 0xce, 0xff, 0x7a, 0xce, 0xff, 0x7a, 0xce,
    0xff, 0x7a, 0xce, 0xff, 0x7a, 0xce, 0xff, 0x7a, 0xce, 0xff, 0x7a, 0xce, 0xff, 0x7a, 0xce, 0xff,
    0x7a, 0xce, 0xff, 0x7a, 0xce, 0xff, 0x7a, 0xce, 0xff, 0x7a, 0xce, 0xff, 0x7a, 0xce, 0xff, 0x7a,
    0xce, 0xff, 0x7a, 0xce, 0xff, 0x7a, 0xce, 0xff, 0x7a, 0xce, 0xff, 0x7a, 0xce, 0xff, 0x7a, 0xce,
    0xff, 0x7a, 0xce, 0xff, 0x5a, 0xc6, 0xff, 0x9b, 0xce, 0xff, 0x1d, 0xdf, 0xff, 0x9e, 0xef, 0xff,
    0xdf, 0xf7, 0xff, 0xdf, 0xff, 0xff, 0xdf, 0xf7, 0xff, 0xbf, 0xf7, 0xff, 0xbf, 0xf7, 0xff, 0xbf,
    0xf7, 0xff, 0xbf, 0xf7, 0xff, 0xbf, 0xf7, 0xff, 0xbf, 0xf7, 0xff, 0xbf, 0xf7, 0xff, 0xbf, 0xf7,
    0xff, 0xbf, 0xf7, 0xff, 0xbf, 0xf7, 0xff, 0xbf, 0xf7, 0xff, 0xbf, 0xf7, 0xff, 0xbf, 0xf7, 0xff,
    0xbf, 0xf7, 0xff, 0xdf, 0xf7, 0xff, 0xdf, 0xf7, 0xff, 0xdf, 0xff, 0xff, 0xbf, 0xf7, 0xff, 0x3d,
    0xe7, 0xff, 0xbb, 0xce, 0xff, 0x5a, 0xc6, 0xff, 0x7a, 0xc6, 0xff, 0x7a, 0xce, 0xff, 0x7a, 0xce,
    0xff, 0x7a, 0xce, 0xff, 0x7a, 0xce, 0xff, 0x7a, 0xce, 0xff, 0x7a, 0xce, 0xff, 0x7a, 0xce, 0xff,
    0x7a, 0xce, 0xff, 0x7a, 0xce, 0xff, 0x7a, 0xce, 0xff, 0x7a, 0xce, 0xff, 0x7a, 0xce, 0xff, 0x7a,
    0xce, 0xff, 0x7a, 0xce, 0xff, 0x7a, 0xce, 0xff, 0x7a, 0xce, 0xff, 0x7a, 0xce, 0xff, 0x7a, 0xce,
    0xff, 0x7a, 0xce, 0xff, 0x7a, 0xce, 0xff, 0x7a, 0xce, 0xff, 0x7a, 0xce, 0xff, 0x7a, 0xce, 0xff,
    0x7a, 0xce, 0xff, 0x7a, 0xce, 0xff, 0x7a, 0xce, 0xff, 0x7a, 0xce, 0xff, 0x7a, 0xce, 0xff, 0x7a,
    0xce, 0xff, 0x7a, 0xce, 0xff, 0x7a, 0xce, 0xff, 0x7a, 0xce, 0xff, 0x7a, 0xce, 0xff, 0x7a, 0xce,
    0xff, 0x7a, 0xce, 0xff, 0x7a, 0xce, 0xff, 0x7a, 0xce, 0xff, 0x7a, 0xce, 0xff, 0x7a, 0xce, 0xff,
    0x7a, 0xce, 0xff, 0x7a, 0xce, 0xff, 0x7a, 0xce, 0xff, 0x7a, 0xce, 0xff, 0x7a, 0xce, 0xff, 0x7a,
    0xce, 0xff, 0x7a, 0xce, 0xff, 0x7a, 0xce, 0xff, 0x7a, 0xce, 0xff, 0x7a, 0xce, 0xff, 0x7a, 0xce,
    0xff, 0x7a, 0xce, 0xff, 0x7a, 0xce, 0xff, 0x7a, 0xce, 0xff, 0x7a, 0xce, 0xff, 0x7a, 0xce, 0xff,
    0x7a, 0xce, 0xff, 0x7a, 0xce, 0xff, 0x7a, 0xce, 0xff, 0x7a, 0xce, 0xff, 0x7a, 0xce, 0xff, 0x7a,
    0xce, 0xff, 0x7a, 0xce, 0xff, 0x7a, 0xce, 0xff, 0x7a, 0xce, 0xff, 0x7a, 0xce, 0xff, 0x7a, 0xce,
    0xff, 0x7a, 0xce, 0xff, 0x7a, 0xce, 0xff, 0x7a, 0xce, 0xff, 0x7a, 0xce, 0xff, 0x7a, 0xce, 0xff,
    0x7a, 0xce, 0xff, 0x7a, 0xce, 0xff, 0x7a, 0xce, 0xff, 0x7a, 0xce, 0xff, 0x7a, 0xce, 0xff, 0x7a,
    0xce, 0xff, 0x7a, 0xce, 0xff, 0x7a, 0xce, 0xff, 0x7a, 0xce, 0xff, 0x7a, 0xce, 0xff, 0x7a, 0xce,
    0xff, 0x7a, 0xce, 0xff, 0x7a, 0xce, 0xff, 0x7a, 0xce, 0xff, 0x7a, 0xce, 0xff, 0x7a, 0xce, 0xff,
    0x7a, 0xce, 0xff, 0x7a, 0xce, 0xff, 0x7a, 0xce, 0xff, 0x7a, 0xce, 0xff, 0x7a, 0xce, 0xff, 0x7a,
    0xce, 0xff, 0x7a, 0xce, 0xff, 0x7a, 0xce, 0xff, 0x7a, 0xce, 0xff, 0x7a, 0xce, 0xff, 0x7a, 0xce,
    0xff, 0x7a, 0xce, 0xff, 0x7a, 0xce, 0xff, 0x7a, 0xce, 0xff, 0x7a, 0xce, 0xff, 0x7a, 0xce, 0xff,
    0x7a, 0xce, 0xff, 0x7a, 0xce, 0xff, 0x7a, 0xce, 0xff, 0x7a, 0xce, 0xff, 0x7a, 0xce, 0xff, 0x7a,
    0xce, 0xff, 0x7a, 0xce, 0xff, 0x7a, 0xce, 0xff, 0x7a, 0xce, 0xff, 0x7a, 0xce, 0xff, 0x7a, 0xce,
    0xff, 0x7a, 0xce, 0xff, 0x7a, 0xce, 0xff, 0x7a, 0xce, 0xff, 0x7a, 0xce, 0xff, 0x7a, 0xce, 0xff,
    0x7a, 0xce, 0xff, 0x7a, 0xce, 0xff, 0x7a, 0xce, 0xff, 0x7a, 0xce, 0xff, 0x7a, 0xce, 0xff, 0x7a,
    0xce, 0xff, 0x7a, 0xce, 0xff, 0x7a, 0xce, 0xff, 0x7a, 0xce, 0xff, 0x7a, 0xce, 0xff, 0x7a, 0xce,
    0xff, 0x7a, 0xce, 0xff, 0x7a, 0xce, 0xff, 0x7a, 0xce, 0xff, 0x7a, 0xce, 0xff, 0x7a, 0xce, 0xff,
    0x7a, 0xce, 0xff, 0x7a, 0xce, 0xff, 0x7a, 0xce, 0xff, 0x7a, 0xce, 0xff, 0x7a, 0xce, 0xff, 0x7a,
    0xce, 0xff, 0x7a, 0xce, 0xff, 0x7a, 0xce, 0xff, 0x7a, 0xce, 0xff, 0x7a, 0xce, 0xff, 0x7a, 0xce,
    0xff, 0x7a, 0xce, 0xff, 0x7a, 0xce, 0xff, 0x7a, 0xce, 0xff, 0x7a, 0xc6, 0xff, 0x7a, 0xce, 0xff,
    0x1c, 0xdf, 0xff, 0xbf, 0xf7, 0xff, 0xdf, 0xff, 0xff, 0xdf, 0xf7, 0xff, 0xbf, 0xf7, 0xff, 0xbf,
    0xf7, 0xff, 0xbf, 0xf7, 0xff, 0xbf, 0xf7, 0xff, 0xbf, 0xf7, 0xff, 0xbf, 0xf7, 0xff, 0xbf, 0xf7,
    0xff, 0xbf, 0xf7, 0xff, 0xbf, 0xf7, 0xff, 0xbf, 0xf7, 0xff, 0xbf, 0xf7, 0xff, 0xbf, 0xf7, 0xff,
    0xbf, 0xf7, 0xff, 0xbf, 0xf7, 0xff, 0xbf, 0xf7, 0xff, 0xbf, 0xf7, 0xff, 0xbf, 0xf7, 0xff, 0xbf,
    0xf7, 0xff, 0xbf, 0xf7, 0xff, 0xbf, 0xf7, 0xff, 0xdf, 0xf7, 0xff, 0xdf, 0xff, 0xff, 0xbf, 0xf7,
    0xff, 0x5d, 0xe7, 0xff, 0x9b, 0xce, 0xff, 0x5a, 0xc6, 0xff, 0x7a, 0xce, 0xff, 0x7a, 0xce, 0xff,
    0x7a, 0xce, 0xff, 0x7a, 0xce, 0xff, 0x7a, 0xce, 0xff, 0x7a, 0xce, 0xff, 0x7a, 0xce, 0xff, 0x7a,
    0xce, 0xff, 0x7a, 0xce, 0xff, 0x7a, 0xce, 0xff, 0x7a, 0xce, 0xff, 0x7a, 0xce, 0xff, 0x7a, 0xce,
    0xff, 0x7a, 0xce, 0xff, 0x7a, 0xce, 0xff, 0x7a, 0xce, 0xff, 0x7a, 0xce, 0xff, 0x7a, 0xce, 0xff,
    0x7a, 0xce, 0xff, 0x7a, 0xce, 0xff, 0x7a, 0xce, 0xff, 0x7a, 0xce, 0xff, 0x7a, 0xce, 0xff, 0x7a,
    0xce, 0xff, 0x7a, 0xce, 0xff, 0x7a, 0xce, 0xff, 0x7a, 0xce, 0xff, 0x7a, 0xce, 0xff, 0x7a, 0xce,
    0xff, 0x7a, 0xce, 0xff, 0x7a, 0xce, 0xff, 0x7a, 0xce, 0xff, 0x7a, 0xce, 0xff, 0x7a, 0xce, 0xff,
    0x7a, 0xce, 0xff, 0x7a, 0xce, 0xff, 0x7a, 0xce, 0xff, 0x7a, 0xce, 0xff, 0x7a, 0xce, 0xff, 0x7a,
    0xce, 0xff, 0x7a, 0xce, 0xff, 0x7a, 0xce, 0xff, 0x7a, 0xce, 0xff, 0x7a, 0xce, 0xff, 0x7a, 0xce,
    0xff, 0x7a, 0xce, 0xff, 0x7a, 0xce, 0xff, 0x7a, 0xce, 0xff, 0x7a, 0xce, 0xff, 0x7a, 0xce, 0xff,
    0x7a, 0xce, 0xff, 0x7a, 0xce, 0xff, 0x7a, 0xce, 0xff, 0x7a, 0xce, 0xff, 0x7a, 0xce, 0xff, 0x7a,
    0xce, 0xff, 0x7a, 0xce, 0xff, 0x7a, 0xce, 0xff, 0x7a, 0xce, 0xff, 0x7a, 0xce, 0xff, 0x7a, 0xce,
    0xff, 0x7a, 0xce, 0xff, 0x7a, 0xce, 0xff, 0x7a, 0xce, 0xff, 0x7a, 0xce, 0xff, 0x7a, 0xce, 0xff,
    0x7a, 0xce, 0xff, 0x7a, 0xce, 0xff, 0x7a, 0xce, 0xff, 0x7a, 0xce, 0xff, 0x7a, 0xce, 0xff, 0x7a,
    0xce, 0xff, 0x7a, 0xce, 0xff, 0x7a, 0xce, 0xff, 0x7a, 0xce, 0xff, 0x7a, 0xce, 0xff, 0x7a, 0xce,
    0xff, 0x7a, 0xce, 0xff, 0x7a, 0xce, 0xff, 0x7a, 0xce, 0xff, 0x7a, 0xce, 0xff, 0x7a, 0xce, 0xff,
    0x7a, 0xce, 0xff, 0x7a, 0xce, 0xff, 0x7a, 0xce, 0xff, 0x7a, 0xce, 0xff, 0x7a, 0xce, 0xff, 0x7a,
    0xce, 0xff, 0x7a, 0xce, 0xff, 0x7a, 0xce, 0xff, 0x7a, 0xce, 0xff, 0x7a, 0xce, 0xff, 0x7a, 0xce,
    0xff, 0x7a, 0xce, 0xff, 0x7a, 0xce, 0xff, 0x7a, 0xce, 0xff, 0x7a, 0xce, 0xff, 0x7a, 0xce, 0xff,
    0x7a, 0xce, 0xff, 0x7a, 0xce, 0xff, 0x7a, 0xce, 0xff, 0x7a, 0xce, 0xff, 0x7a, 0xce, 0xff, 0x7a,
    0xce, 0xff, 0x7a, 0xce, 0xff, 0x7a, 0xce, 0xff, 0x7a, 0xce, 0xff, 0x7a, 0xce, 0xff, 0x7a, 0xce,
    0xff, 0x7a, 0xce, 0xff, 0x7a, 0xce, 0xff, 0x7a, 0xce, 0xff, 0x7a, 0xce, 0xff, 0x7a, 0xce, 0xff,
    0x7a, 0xce, 0xff, 0x7a, 0xce, 0xff, 0x7a, 0xce, 0xff, 0x7a, 0xce, 0xff, 0x7a, 0xce, 0xff, 0x7a,
    0xce, 0xff, 0x7a, 0xce, 0xff, 0x7a, 0xce, 0xff, 0x7a, 0xce, 0xff, 0x7a, 0xce, 0xff, 0x7a, 0xce,
    0xff, 0x7a, 0xce, 0xff, 0x7a, 0xce, 0xff, 0x7a, 0xce, 0xff, 0x7a, 0xce, 0xff, 0x7a, 0xce, 0xff,
    0x7a, 0xce, 0xff, 0x7a, 0xce, 0xff, 0x7a, 0xce, 0xff, 0x7a, 0xce, 0xff, 0x7a, 0xce, 0xff, 0x7a,
    0xce, 0xff, 0x7a, 0xce, 0xff, 0x7a, 0xce, 0xff, 0x7a, 0xce, 0xff, 0x7a, 0xce, 0xff, 0x7a, 0xce,
    0xff, 0x7a, 0xce, 0xff, 0x7a, 0xce, 0xff, 0x7a, 0xce, 0xff, 0x7a, 0xce, 0xff, 0x7a, 0xce, 0xff,
    0x7a, 0xce, 0xff, 0x5a, 0xc6, 0xff, 0xdb, 0xd6, 0xff, 0x9e, 0xef, 0xff, 0xdf, 0xff, 0xff, 0xdf,
    0xf7, 0xff, 0xbf, 0xf7, 0xff, 0xbf, 0xf7, 0xff, 0xbf, 0xf7, 0xff, 0xbf, 0xf7, 0xff, 0xbf, 0xf7,
    0xff, 0xbf, 0xf7, 0xff, 0xbf, 0xf7, 0xff, 0xbf, 0xf7, 0xff, 0xbf, 0xf7, 0xff, 0xbf, 0xf7, 0xff,
    0xbf, 0xf7, 0xff, 0xbf, 0xf7, 0xff, 0xbf, 0xf7, 0xff, 0xbf, 0xf7, 0xff, 0xbf, 0xf7, 0xff, 0xbf,
    0xf7, 0xff, 0xbf, 0xf7, 0xff, 0xbf, 0xf7, 0xff, 0xbf, 0xf7, 0xff, 0xbf, 0xf7, 0xff, 0xbf, 0xf7,
    0xff, 0xbf, 0xf7, 0xff, 0xbf, 0xf7, 0xff, 0xbf, 0xf7, 0xff, 0xbf, 0xf7, 0xff, 0xdf, 0xff, 0xff,
    0xbf, 0xf7, 0xff, 0xfc, 0xde, 0xff, 0x7a, 0xc6, 0xff, 0x7a, 0xc6, 0xff, 0x7a, 0xce, 0xff, 0x7a,
    0xce, 0xff, 0x7a, 0xce, 0xff, 0x7a, 0xce, 0xff, 0x7a, 0xce, 0xff, 0x7a, 0xce, 0xff, 0x7a, 0xce,
    0xff, 0x7a, 0xce, 0xff, 0x7a, 0xce, 0xff, 0x7a, 0xce, 0xff, 0x7a, 0xce, 0xff, 0x7a, 0xce, 0xff,
    0x7a, 0xce, 0xff, 0x7a, 0xce, 0xff, 0x7a, 0xce, 0xff, 0x7a, 0xce, 0xff, 0x7a, 0xce, 0xff, 0x7a,
    0xce, 0xff, 0x7a, 0xce, 0xff, 0x7a, 0xce, 0xff, 0x7a, 0xce, 0xff, 0x7a, 0xce, 0xff, 0x7a, 0xce,
    0xff, 0x7a, 0xce, 0xff, 0x7a, 0xce, 0xff, 0x7a, 0xce, 0xff, 0x7a, 0xce, 0xff, 0x7a, 0xce, 0xff,
    0x7a, 0xce, 0xff, 0x7a, 0xce, 0xff, 0x7a, 0xce, 0xff, 0x7a, 0xce, 0xff, 0x7a, 0xce, 0xff, 0x7a,
    0xce, 0xff, 0x7a, 0xce, 0xff, 0x7a, 0xce, 0xff, 0x7a, 0xce, 0xff, 0x7a, 0xce, 0xff, 0x7a, 0xce,
    0xff, 0x7a, 0xce, 0xff, 0x7a, 0xce, 0xff, 0x7a, 0xce, 0xff, 0x7a, 0xce, 0xff, 0x7a, 0xce, 0xff,
    0x7a, 0xce, 0xff, 0x7a, 0xce, 0xff, 0x7a, 0xce, 0xff, 0x7a, 0xce, 0xff, 0x7a, 0xce, 0xff, 0x7a,
    0xce, 0xff, 0x7a, 0xce, 0xff, 0x7a, 0xce, 0xff, 0x7a, 0xce, 0xff, 0x7a, 0xce, 0xff, 0x7a, 0xce,
    0xff, 0x7a, 0xce, 0xff, 0x7a, 0xce, 0xff, 0x7a, 0xce, 0xff, 0x7a, 0xce, 0xff, 0x7a, 0xce, 0xff,
    0x7a, 0xce, 0xff, 0x7a, 0xce, 0xff, 0x7a, 0xce, 0xff, 0x7a, 0xce, 0xff, 0x7a, 0xce, 0xff, 0x7a,
    0xce, 0xff, 0x7a, 0xce, 0xff, 0x7a, 0xce, 0xff, 0x7a, 0xce, 0xff, 0x7a, 0xce, 0xff, 0x7a, 0xce,
    0xff, 0x7a, 0xce, 0xff, 0x7a, 0xce, 0xff, 0x7a, 0xce, 0xff, 0x7a, 0xce, 0xff, 0x7a, 0xce, 0xff,
    0x7a, 0xce, 0xff, 0x7a, 0xce, 0xff, 0x7a, 0xce, 0xff, 0x7a, 0xce, 0xff, 0x7a, 0xce, 0xff, 0x7a,
    0xce, 0xff, 0x7a, 0xce, 0xff, 0x7a, 0xce, 0xff, 0x7a, 0xce, 0xff, 0x7a, 0xce, 0xff, 0x7a, 0xce,
    0xff, 0x7a, 0xce, 0xff, 0x7a, 0xce, 0xff, 0x7a, 0xce, 0xff, 0x7a, 0xce, 0xff, 0x7a, 0xce, 0xff,
    0x7a, 0xce, 0xff, 0x7a, 0xce, 0xff, 0x7a, 0xce, 0xff, 0x7a, 0xce, 0xff, 0x7a, 0xce, 0xff, 0x7a,
    0xce, 0xff, 0x7a, 0xce, 0xff, 0x7a, 0xce, 0xff, 0x7a, 0xce, 0xff, 0x7a, 0xce, 0xff, 0x7a, 0xce,
    0xff, 0x7a, 0xce, 0xff, 0x7a, 0xce, 0xff, 0x7a, 0xce, 0xff, 0x7a, 0xce, 0xff, 0x7a, 0xce, 0xff,
    0x7a, 0xce, 0xff, 0x7a, 0xce, 0xff, 0x7a, 0xce, 0xff, 0x7a, 0xce, 0xff, 0x7a, 0xce, 0xff, 0x7a,
    0xce, 0xff, 0x7a, 0xce, 0xff, 0x7a, 0xce, 0xff, 0x7a, 0xce, 0xff, 0x7a, 0xce, 0xff, 0x7a, 0xce,
    0xff, 0x7a, 0xce, 0xff, 0x7a, 0xce, 0xff, 0x7a, 0xce, 0xff, 0x7a, 0xce, 0xff, 0x7a, 0xce, 0xff,
    0x7a, 0xce, 0xff, 0x7a, 0xce, 0xff, 0x7a, 0xce, 0xff, 0x7a, 0xce, 0xff, 0x7a, 0xce, 0xff, 0x7a,
    0xce, 0xff, 0x7a, 0xce, 0xff, 0x7a, 0xce, 0xff, 0x7a, 0xce, 0xff, 0x7a, 0xce, 0xff, 0x7a, 0xce,
    0xff, 0x7a, 0xce, 0xff, 0x7a, 0xce, 0xff, 0x7a, 0xce, 0xff, 0x7a, 0xce, 0xff, 0x7a, 0xce, 0xff,
    0x7a, 0xce, 0xff, 0x7a, 0xce, 0xff, 0x7a, 0xce, 0xff, 0x7a, 0xc6, 0xff, 0x7a, 0xc6, 0xff, 0x1d,
    0xdf, 0xff, 0xdf, 0xf7, 0xff, 0xdf, 0xf7, 0xff, 0xbf, 0xf7, 0xff, 0xbf, 0xf7, 0xff, 0xbf, 0xf7,
    0xff, 0xbf, 0xf7, 0xff, 0xbf, 0xf7, 0xff, 0xbf, 0xf7, 0xff, 0xbf, 0xf7, 0xff, 0xbf, 0xf7, 0xff,
    0xbf, 0xf7, 0xff, 0xbf, 0xf7, 0xff, 0xbf, 0xf7, 0xff, 0xbf, 0xf7, 0xff, 0xbf, 0xf7, 0xff, 0xbf,
    0xf7, 0xff, 0xbf, 0xf7, 0xff, 0xbf, 0xf7, 0xff, 0xbf, 0xf7, 0xff, 0xbf, 0xf7, 0xff, 0xbf, 0xf7,
    0xff, 0xbf, 0xf7, 0xff, 0xbf, 0xf7, 0xff, 0xbf, 0xf7, 0xff, 0xbf, 0xf7, 0xff, 0xbf, 0xf7, 0xff,
    0xbf, 0xf7, 0xff, 0xbf, 0xf7, 0xff, 0xbf, 0xf7, 0xff, 0xbf, 0xf7, 0xff, 0xdf, 0xf7, 0xff, 0xdf,
    0xff, 0xff, 0x5d, 0xe7, 0xff, 0x9a, 0xce, 0xff, 0x7a, 0xc6, 0xff, 0x7a, 0xce, 0xff, 0x7a, 0xce,
    0xff, 0x7a, 0xce, 0xff, 0x7a, 0xce, 0xff, 0x7a, 0xce, 0xff, 0x7a, 0xce, 0xff, 0x7a, 0xce, 0xff,
    0x7a, 0xce, 0xff, 0x7a, 0xce, 0xff, 0x7a, 0xce, 0xff, 0x7a, 0xce, 0xff, 0x7a, 0xce, 0xff, 0x7a,
    0xce, 0xff, 0x7a, 0xce, 0xff, 0x7a, 0xce, 0xff, 0x7a, 0xce, 0xff, 0x7a, 0xce, 0xff, 0x7a, 0xce,
    0xff, 0x7a, 0xce, 0xff, 0x7a, 0xce, 0xff, 0x7a, 0xce, 0xff, 0x7a, 0xce, 0xff, 0x7a, 0xce, 0xff,
    0x7a, 0xce, 0xff, 0x7a, 0xce, 0xff, 0x7a, 0xce, 0xff, 0x7a, 0xce, 0xff, 0x7a, 0xce, 0xff, 0x7a,
    0xce, 0xff, 0x7a, 0xce, 0xff, 0x7a, 0xce, 0xff, 0x7a, 0xce, 0xff, 0x7a, 0xce, 0xff, 0x7a, 0xce,
    0xff, 0x7a, 0xce, 0xff, 0x7a, 0xce, 0xff, 0x7a, 0xce, 0xff, 0x7a, 0xce, 0xff, 0x7a, 0xce, 0xff,
    0x7a, 0xce, 0xff, 0x7a, 0xce, 0xff, 0x7a, 0xce, 0xff, 0x7a, 0xce, 0xff, 0x7a, 0xce, 0xff, 0x7a,
    0xce, 0xff, 0x7a, 0xce, 0xff, 0x7a, 0xce, 0xff, 0x7a, 0xce, 0xff, 0x7a, 0xce, 0xff, 0x7a, 0xce,
    0xff, 0x7a, 0xce, 0xff, 0x7a, 0xce, 0xff, 0x7a, 0xce, 0xff, 0x7a, 0xce, 0xff, 0x7a, 0xce, 0xff,
    0x7a, 0xce, 0xff, 0x7a, 0xce, 0xff, 0x7a, 0xce, 0xff, 0x7a, 0xce, 0xff, 0x7a, 0xce, 0xff, 0x7a,
    0xce, 0xff, 0x7a, 0xce, 0xff, 0x7a, 0xce, 0xff, 0x7a, 0xce, 0xff, 0x7a, 0xce, 0xff, 0x7a, 0xce,
    0xff, 0x7a, 0xce, 0xff, 0x7a, 0xce, 0xff, 0x7a, 0xce, 0xff, 0x7a, 0xce, 0xff, 0x7a, 0xce, 0xff,
    0x7a, 0xce, 0xff, 0x7a, 0xce, 0xff, 0x7a, 0xce, 0xff, 0x7a, 0xce, 0xff, 0x7a, 0xce, 0xff, 0x7a,
    0xce, 0xff, 0x7a, 0xce, 0xff, 0x7a, 0xce, 0xff, 0x7a, 0xce, 0xff, 0x7a, 0xce, 0xff, 0x7a, 0xce,
    0xff, 0x7a, 0xce, 0xff, 0x7a, 0xce, 0xff, 0x7a, 0xce, 0xff, 0x7a, 0xce, 0xff, 0x7a, 0xce, 0xff,
    0x7a, 0xce, 0xff, 0x7a, 0xce, 0xff, 0x7a, 0xce, 0xff, 0x7a, 0xce, 0xff, 0x7a, 0xce, 0xff, 0x7a,
    0xce, 0xff, 0x7a, 0xce, 0xff, 0x7a, 0xce, 0xff, 0x7a, 0xce, 0xff, 0x7a, 0xce, 0xff, 0x7a, 0xce,
    0xff, 0x7a, 0xce, 0xff, 0x7a, 0xce, 0xff, 0x7a, 0xce, 0xff, 0x7a, 0xce, 0xff, 0x7a, 0xce, 0xff,
    0x7a, 0xce, 0xff, 0x7a, 0xce, 0xff, 0x7a, 0xce, 0xff, 0x7a, 0xce, 0xff, 0x7a, 0xce, 0xff, 0x7a,
    0xce, 0xff, 0x7a, 0xce, 0xff, 0x7a, 0xce, 0xff, 0x7a, 0xce, 0xff, 0x7a, 0xce, 0xff, 0x7a, 0xce,
    0xff, 0x7a, 0xce, 0xff, 0x7a, 0xce, 0xff, 0x7a, 0xce, 0xff, 0x7a, 0xce, 0xff, 0x7a, 0xce, 0xff,
    0x7a, 0xce, 0xff, 0x7a, 0xce, 0xff, 0x7a, 0xce, 0xff, 0x7a, 0xce, 0xff, 0x7a, 0xce, 0xff, 0x7a,
    0xce, 0xff, 0x7a, 0xce, 0xff, 0x7a, 0xce, 0xff, 0x7a, 0xce, 0xff, 0x7a, 0xce, 0xff, 0x7a, 0xce,
    0xff, 0x7a, 0xce, 0xff, 0x7a, 0xce, 0xff, 0x7a, 0xce, 0xff, 0x7a, 0xce, 0xff, 0x7a, 0xce, 0xff,
    0x7a, 0xce, 0xff, 0x7a, 0xce, 0xff, 0x7a, 0xce, 0xff, 0x7a, 0xce, 0xff, 0x7a, 0xce, 0xff, 0x7a,
    0xce, 0xff, 0x7a, 0xc6, 0xff, 0x9a, 0xce, 0xff, 0x7e, 0xef, 0xff, 0xdf, 0xff, 0xff, 0xbf, 0xf7,
    0xff, 0xbf, 0xf7, 0xff, 0xbf, 0xf7, 0xff, 0xbf, 0xf7, 0xff, 0xbf, 0xf7, 0xff, 0xbf, 0xf7, 0xff,
    0xbf, 0xf7, 0xff, 0xbf, 0xf7, 0xff, 0xbf, 0xf7, 0xff, 0xbf, 0xf7, 0xff, 0xbf, 0xf7, 0xff, 0xbf,
    0xf7, 0xff, 0xbf, 0xf7, 0xff, 0xbf, 0xf7, 0xff, 0xbf, 0xf7, 0xff, 0xbf, 0xf7, 0xff, 0xbf, 0xf7,
    0xff, 0xbf, 0xf7, 0xff, 0xbf, 0xf7, 0xff, 0xbf, 0xf7, 0xff, 0xbf, 0xf7, 0xff, 0xbf, 0xf7, 0xff,
    0xbf, 0xf7, 0xff, 0xbf, 0xf7, 0xff, 0xbf, 0xf7, 0xff, 0xbf, 0xf7, 0xff, 0xbf, 0xf7, 0xff, 0xbf,
    0xf7, 0xff, 0xbf, 0xf7, 0xff, 0xbf, 0xf7, 0xff, 0xbf, 0xf7, 0xff, 0xbf, 0xf7, 0xff, 0xdf, 0xff,
    0xff, 0x9e, 0xf7, 0xff, 0xbb, 0xd6, 0xff, 0x5a, 0xc6, 0xff, 0x7a, 0xce, 0xff, 0x7a, 0xce, 0xff,
    0x7a, 0xce, 0xff, 0x7a, 0xce, 0xff, 0x7a, 0xce, 0xff, 0x7a, 0xce, 0xff, 0x7a, 0xce, 0xff, 0x7a,
    0xce, 0xff, 0x7a, 0xce, 0xff, 0x7a, 0xce, 0xff, 0x7a, 0xce, 0xff, 0x7a, 0xce, 0xff, 0x7a, 0xce,
    0xff, 0x7a, 0xce, 0xff, 0x7a, 0xce, 0xff, 0x7a, 0xce, 0xff, 0x7a, 0xce, 0xff, 0x7a, 0xce, 0xff,
    0x7a, 0xce, 0xff, 0x7a, 0xce, 0xff, 0x7a, 0xce, 0xff, 0x7a, 0xce, 0xff, 0x7a, 0xce, 0xff, 0x7a,
    0xce, 0xff, 0x7a, 0xce, 0xff, 0x7a, 0xce, 0xff, 0x7a, 0xce, 0xff, 0x7a, 0xce, 0xff, 0x7a, 0xce,
    0xff, 0x7a, 0xce, 0xff, 0x7a, 0xce, 0xff, 0x7a, 0xce, 0xff, 0x7a, 0xce, 0xff, 0x7a, 0xce, 0xff,
    0x7a, 0xce, 0xff, 0x7a, 0xce, 0xff, 0x7a, 0xce, 0xff, 0x7a, 0xce, 0xff, 0x7a, 0xce, 0xff, 0x7a,
    0xce, 0xff, 0x7a, 0xce, 0xff, 0x7a, 0xce, 0xff, 0x7a, 0xce, 0xff, 0x7a, 0xce, 0xff, 0x7a, 0xce,
    0xff, 0x7a, 0xce, 0xff, 0x7a, 0xce, 0xff, 0x7a, 0xce, 0xff, 0x7a, 0xce, 0xff, 0x7a, 0xce, 0xff,
    0x7a, 0xce, 0xff, 0x7a, 0xce, 0xff, 0x7a, 0xce, 0xff, 0x7a, 0xce, 0xff, 0x7a, 0xce, 0xff, 0x7a,
    0xce, 0xff, 0x7a, 0xce, 0xff, 0x7a, 0xce, 0xff, 0x7a, 0xce, 0xff, 0x7a, 0xce, 0xff, 0x7a, 0xce,
    0xff, 0x7a, 0xce, 0xff, 0x7a, 0xce, 0xff, 0x7a, 0xce, 0xff, 0x7a, 0xce, 0xff, 0x7a, 0xce, 0xff,
    0x7a, 0xce, 0xff, 0x7a, 0xce, 0xff, 0x7a, 0xce, 0xff, 0x7a, 0xce, 0xff, 0x7a, 0xce, 0xff, 0x7a,
    0xce, 0xff, 0x7a, 0xce, 0xff, 0x7a, 0xce, 0xff, 0x7a, 0xce, 0xff, 0x7a, 0xce, 0xff, 0x7a, 0xce,
    0xff, 0x7a, 0xce, 0xff, 0x7a, 0xce, 0xff, 0x7a, 0xce, 0xff, 0x7a, 0xce, 0xff, 0x7a, 0xce, 0xff,
    0x7a, 0xce, 0xff, 0x7a, 0xce, 0xff, 0x7a, 0xce, 0xff, 0x7a, 0xce, 0xff, 0x7a, 0xce, 0xff, 0x7a,
    0xce, 0xff, 0x7a, 0xce, 0xff, 0x7a, 0xce, 0xff, 0x7a, 0xce, 0xff, 0x7a, 0xce, 0xff, 0x7a, 0xce,
    0xff, 0x7a, 0xce, 0xff, 0x7a, 0xce, 0xff, 0x7a, 0xce, 0xff, 0x7a, 0xce, 0xff, 0x7a, 0xce, 0xff,
    0x7a, 0xce, 0xff, 0x7a, 0xce, 0xff, 0x7a, 0xce, 0xff, 0x7a, 0xce, 0xff, 0x7a, 0xce, 0xff, 0x7a,
    0xce, 0xff, 0x7a, 0xce, 0xff, 0x7a, 0xce, 0xff, 0x7a, 0xce, 0xff, 0x7a, 0xce, 0xff, 0x7a, 0xce,
    0xff, 0x7a, 0xce, 0xff, 0x7a, 0xce, 0xff, 0x7a, 0xce, 0xff, 0x7a, 0xce, 0xff, 0x7a, 0xce, 0xff,
    0x7a, 0xce, 0xff, 0x7a, 0xce, 0xff, 0x7a, 0xce, 0xff, 0x7a, 0xce, 0xff, 0x7a, 0xce, 0xff, 0x7a,
    0xce, 0xff, 0x7a, 0xce, 0xff, 0x7a, 0xce, 0xff, 0x7a, 0xce, 0xff, 0x7a, 0xce, 0xff, 0x7a, 0xce,
    0xff, 0x7a, 0xce, 0xff, 0x7a, 0xce, 0xff, 0x7a, 0xce, 0xff, 0x7a, 0xce, 0xff, 0x7a, 0xce, 0xff,
    0x7a, 0xce, 0xff, 0x7a, 0xce, 0xff, 0x7a, 0xce, 0xff, 0x7a, 0xce, 0xff, 0x7a, 0xce, 0xff, 0x7a,
    0xce, 0xff, 0x7a, 0xce, 0xff, 0x7a, 0xce, 0xff, 0x7a, 0xce, 0xff, 0x7a, 0xc6, 0xff, 0x9a, 0xce,
    0xff, 0x7e, 0xef, 0xff, 0xdf, 0xff, 0xff, 0xbf, 0xf7, 0xff, 0xbf, 0xf7, 0xff, 0xbf, 0xf7, 0xff,
    0xbf, 0xf7, 0xff, 0xbf, 0xf7, 0xff, 0xbf, 0xf7, 0xff, 0xbf, 0xf7, 0xff, 0xbf, 0xf7, 0xff, 0xbf,
    0xf7, 0xff, 0xbf, 0xf7, 0xff, 0xbf, 0xf7, 0xff, 0xbf, 0xf7, 0xff, 0xbf, 0xf7, 0xff, 0xbf, 0xf7,
    0xff, 0xbf, 0xf7, 0xff, 0xbf, 0xf7, 0xff, 0xbf, 0xf7, 0xff, 0xbf, 0xf7, 0xff, 0xbf, 0xf7, 0xff,
    0xbf, 0xf7, 0xff, 0xbf, 0xf7, 0xff, 0xbf, 0xf7, 0xff, 0xbf, 0xf7, 0xff, 0xbf, 0xf7, 0xff, 0xbf,
    0xf7, 0xff, 0xbf, 0xf7, 0xff, 0xbf, 0xf7, 0xff, 0xbf, 0xf7, 0xff, 0xbf, 0xf7, 0xff, 0xbf, 0xf7,
    0xff, 0xbf, 0xf7, 0xff, 0xbf, 0xf7, 0xff, 0xbf, 0xf7, 0xff, 0xbf, 0xf7, 0xff, 0xdf, 0xf7, 0xff,
    0xbf, 0xf7, 0xff, 0xbb, 0xd6, 0xff, 0x5a, 0xc6, 0xff, 0x7a, 0xce, 0xff, 0x7a, 0xce, 0xff, 0x7a,
    0xce, 0xff, 0x7a, 0xce, 0xff, 0x7a, 0xce, 0xff, 0x7a, 0xce, 0xff, 0x7a, 0xce, 0xff, 0x7a, 0xce,
    0xff, 0x7a, 0xce, 0xff, 0x7a, 0xce, 0xff, 0x7a, 0xce, 0xff, 0x7a, 0xce, 0xff, 0x7a, 0xce, 0xff,
    0x7a, 0xce, 0xff, 0x7a, 0xce, 0xff, 0x7a, 0xce, 0xff, 0x7a, 0xce, 0xff, 0x7a, 0xce, 0xff, 0x7a,
    0xce, 0xff, 0x7a, 0xce, 0xff, 0x7a, 0xce, 0xff, 0x7a, 0xce, 0xff, 0x7a, 0xce, 0xff, 0x7a, 0xce,
    0xff, 0x7a, 0xce, 0xff, 0x7a, 0xce, 0xff, 0x7a, 0xce, 0xff, 0x7a, 0xce, 0xff, 0x7a, 0xce, 0xff,
    0x7a, 0xce, 0xff, 0x7a, 0xce, 0xff, 0x7a, 0xce, 0xff, 0x7a, 0xce, 0xff, 0x7a, 0xce, 0xff, 0x7a,
    0xce, 0xff, 0x7a, 0xce, 0xff, 0x7a, 0xce, 0xff, 0x7a, 0xce, 0xff, 0x7a, 0xce, 0xff, 0x7a, 0xce,
    0xff, 0x7a, 0xce, 0xff, 0x7a, 0xce, 0xff, 0x7a, 0xce, 0xff, 0x7a, 0xce, 0xff, 0x7a, 0xce, 0xff,
    0x7a, 0xce, 0xff, 0x7a, 0xce, 0xff, 0x7a, 0xce, 0xff, 0x7a, 0xce, 0xff, 0x7a, 0xce, 0xff, 0x7a,
    0xce, 0xff, 0x7a, 0xce, 0xff, 0x7a, 0xce, 0xff, 0x7a, 0xce, 0xff, 0x7a, 0xce, 0xff, 0x7a, 0xce,
    0xff, 0x7a, 0xce, 0xff, 0x7a, 0xce, 0xff, 0x7a, 0xce, 0xff, 0x7a, 0xce, 0xff, 0x7a, 0xce, 0xff,
    0x7a, 0xce, 0xff, 0x7a, 0xce, 0xff, 0x7a, 0xce, 0xff, 0x7a, 0xce, 0xff, 0x7a, 0xce, 0xff, 0x7a,
    0xce, 0xff, 0x7a, 0xce, 0xff, 0x7a, 0xce, 0xff, 0x7a, 0xce, 0xff, 0x7a, 0xce, 0xff, 0x7a, 0xce,
    0xff, 0x7a, 0xce, 0xff, 0x7a, 0xce, 0xff, 0x7a, 0xce, 0xff, 0x7a, 0xce, 0xff, 0x7a, 0xce, 0xff,
    0x7a, 0xce, 0xff, 0x7a, 0xce, 0xff, 0x7a, 0xce, 0xff, 0x7a, 0xce, 0xff, 0x7a, 0xce, 0xff, 0x7a,
    0xce, 0xff, 0x7a, 0xce, 0xff, 0x7a, 0xce, 0xff, 0x7a, 0xce, 0xff, 0x7a, 0xce, 0xff, 0x7a, 0xce,
    0xff, 0x7a, 0xce, 0xff, 0x7a, 0xce, 0xff, 0x7a, 0xce, 0xff, 0x7a, 0xce, 0xff, 0x7a, 0xce, 0xff,
    0x7a, 0xce, 0xff, 0x7a, 0xce, 0xff, 0x7a, 0xce, 0xff, 0x7a, 0xce, 0xff, 0x7a, 0xce, 0xff, 0x7a,
    0xce, 0xff, 0x7a, 0xce, 0xff, 0x7a, 0xce, 0xff, 0x7a, 0xce, 0xff, 0x7a, 0xce, 0xff, 0x7a, 0xce,
    0xff, 0x7a, 0xce, 0xff, 0x7a, 0xce, 0xff, 0x7a, 0xce, 0xff, 0x7a, 0xce, 0xff, 0x7a, 0xce, 0xff,
    0x7a, 0xce, 0xff, 0x7a, 0xce, 0xff, 0x7a, 0xce, 0xff, 0x7a, 0xce, 0xff, 0x7a, 0xce, 0xff, 0x7a,
    0xce, 0xff, 0x7a, 0xce, 0xff, 0x7a, 0xce, 0xff, 0x7a, 0xce, 0xff, 0x7a, 0xce, 0xff, 0x7a, 0xce,
    0xff, 0x7a, 0xce, 0xff, 0x7a, 0xce, 0xff, 0x7a, 0xce, 0xff, 0x7a, 0xce, 0xff, 0x7a, 0xce, 0xff,
    0x7a, 0xce, 0xff, 0x7a, 0xce, 0xff, 0x7a, 0xce, 0xff, 0x7a, 0xce, 0xff, 0x7a, 0xce, 0xff, 0x7a,
    0xce, 0xff, 0x7a, 0xce, 0xff, 0x7a, 0xce, 0xff, 0x7a, 0xce, 0xff, 0x7a, 0xce, 0xff, 0x7a, 0xce,
    0xff, 0x7a, 0xce, 0xff, 0x7a, 0xc6, 0xff, 0x9a, 0xce, 0xff, 0x7e, 0xef, 0xff, 0xdf, 0xff, 0xff,
    0xbf, 0xf7, 0xff, 0xbf, 0xf7, 0xff, 0xbf, 0xf7, 0xff, 0xbf, 0xf7, 0xff, 0xbf, 0xf7, 0xff, 0xbf,
    0xf7, 0xff, 0xbf, 0xf7, 0xff, 0xbf, 0xf7, 0xff, 0xbf, 0xf7, 0xff, 0xbf, 0xf7, 0xff, 0xbf, 0xf7,
    0xff, 0xbf, 0xf7, 0xff, 0xbf, 0xf7, 0xff, 0xbf, 0xf7, 0xff, 0xbf, 0xf7, 0xff, 0xbf, 0xf7, 0xff,
    0xbf, 0xf7, 0xff, 0xbf, 0xf7, 0xff, 0xbf, 0xf7, 0xff, 0xbf, 0xf7, 0xff, 0xbf, 0xf7, 0xff, 0xbf,
    0xf7, 0xff, 0xbf, 0xf7, 0xff, 0xbf, 0xf7, 0xff, 0xbf, 0xf7, 0xff, 0xbf, 0xf7, 0xff, 0xbf, 0xf7,
    0xff, 0xbf, 0xf7, 0xff, 0xbf, 0xf7, 0xff, 0xbf, 0xf7, 0xff, 0xbf, 0xf7, 0xff, 0xbf, 0xf7, 0xff,
    0xbf, 0xf7, 0xff, 0xbf, 0xf7, 0xff, 0xbf, 0xf7, 0xff, 0xbf, 0xf7, 0xff, 0xdf, 0xf7, 0xff, 0xbf,
    0xf7, 0xff, 0xbb, 0xd6, 0xff, 0x5a, 0xc6, 0xff, 0x7a, 0xce, 0xff, 0x7a, 0xce, 0xff, 0x7a, 0xce,
    0xff, 0x7a, 0xce, 0xff, 0x7a, 0xce, 0xff, 0x7a, 0xce, 0xff, 0x7a, 0xce, 0xff, 0x7a, 0xce, 0xff,
    0x7a, 0xce, 0xff, 0x7a, 0xce, 0xff, 0x7a, 0xce, 0xff, 0x7a, 0xce, 0xff, 0x7a, 0xce, 0xff, 0x7a,
    0xce, 0xff, 0x7a, 0xce, 0xff, 0x7a, 0xce, 0xff, 0x7a, 0xce, 0xff, 0x7a, 0xce, 0xff, 0x7a, 0xce,
    0xff, 0x7a, 0xce, 0xff, 0x7a, 0xce, 0xff, 0x7a, 0xce, 0xff, 0x7a, 0xce, 0xff, 0x7a, 0xce, 0xff,
    0x7a, 0xce, 0xff, 0x7a, 0xce, 0xff, 0x7a, 0xce, 0xff, 0x7a, 0xce, 0xff, 0x7a, 0xce, 0xff, 0x7a,
    0xce, 0xff, 0x7a, 0xce, 0xff, 0x7a, 0xce, 0xff, 0x7a, 0xce, 0xff, 0x7a, 0xce, 0xff, 0x7a, 0xce,
    0xff, 0x7a, 0xce, 0xff, 0x7a, 0xce, 0xff, 0x7a, 0xce, 0xff, 0x7a, 0xce, 0xff, 0x7a, 0xce, 0xff,
    0x7a, 0xce, 0xff, 0x7a, 0xce, 0xff, 0x7a, 0xce, 0xff, 0x7a, 0xce, 0xff, 0x7a, 0xce, 0xff, 0x7a,
    0xce, 0xff, 0x7a, 0xce, 0xff, 0x7a, 0xce, 0xff, 0x7a, 0xce, 0xff, 0x7a, 0xce, 0xff, 0x7a, 0xce,
    0xff, 0x7a, 0xce, 0xff, 0x7a, 0xce, 0xff, 0x7a, 0xce, 0xff, 0x7a, 0xce, 0xff, 0x7a, 0xce, 0xff,
    0x7a, 0xce, 0xff, 0x7a, 0xce, 0xff, 0x7a, 0xce, 0xff, 0x7a, 0xce, 0xff, 0x7a, 0xce, 0xff, 0x7a,
    0xce, 0xff, 0x7a, 0xce, 0xff, 0x7a, 0xce, 0xff, 0x7a, 0xce, 0xff, 0x7a, 0xce, 0xff, 0x7a, 0xce,
    0xff, 0x7a, 0xce, 0xff, 0x7a, 0xce, 0xff, 0x7a, 0xce, 0xff, 0x7a, 0xce, 0xff, 0x7a, 0xce, 0xff,
    0x7a, 0xce, 0xff, 0x7a, 0xce, 0xff, 0x7a, 0xce, 0xff, 0x7a, 0xce, 0xff, 0x7a, 0xce, 0xff, 0x7a,
    0xce, 0xff, 0x7a, 0xce, 0xff, 0x7a, 0xce, 0xff, 0x7a, 0xce, 0xff, 0x7a, 0xce, 0xff, 0x7a, 0xce,
    0xff, 0x7a, 0xce, 0xff, 0x7a, 0xce, 0xff, 0x7a, 0xce, 0xff, 0x7a, 0xce, 0xff, 0x7a, 0xce, 0xff,
    0x7a, 0xce, 0xff, 0x7a, 0xce, 0xff, 0x7a, 0xce, 0xff, 0x7a, 0xce, 0xff, 0x7a, 0xce, 0xff, 0x7a,
    0xce, 0xff, 0x7a, 0xce, 0xff, 0x7a, 0xce, 0xff, 0x7a, 0xce, 0xff, 0x7a, 0xce, 0xff, 0x7a, 0xce,
    0xff, 0x7a, 0xce, 0xff, 0x7a, 0xce, 0xff, 0x7a, 0xce, 0xff, 0x7a, 0xce, 0xff, 0x7a, 0xce, 0xff,
    0x7a, 0xce, 0xff, 0x7a, 0xce, 0xff, 0x7a, 0xce, 0xff, 0x7a, 0xce, 0xff, 0x7a, 0xce, 0xff, 0x7a,
    0xce, 0xff, 0x7a, 0xce, 0xff, 0x7a, 0xce, 0xff, 0x7a, 0xce, 0xff, 0x7a, 0xce, 0xff, 0x7a, 0xce,
    0xff, 0x7a, 0xce, 0xff, 0x7a, 0xce, 0xff, 0x7a, 0xce, 0xff, 0x7a, 0xce, 0xff, 0x7a, 0xce, 0xff,
    0x7a, 0xce, 0xff, 0x7a, 0xce, 0xff, 0x7a, 0xce, 0xff, 0x7a, 0xce, 0xff, 0x7a, 0xce, 0xff, 0x7a,
    0xce, 0xff, 0x7a, 0xce, 0xff, 0x7a, 0xce, 0xff, 0x7a, 0xce, 0xff, 0x7a, 0xce, 0xff, 0x7a, 0xce,
    0xff, 0x7a, 0xce, 0xff, 0x7a, 0xce, 0xff, 0x7a, 0xce, 0xff, 0x7a, 0xce, 0xff, 0x7a, 0xc6, 0xff,
    0x9a, 0xce, 0xff, 0x7e, 0xef, 0xff, 0xdf, 0xff, 0xff, 0xbf, 0xf7, 0xff, 0xbf, 0xf7, 0xff, 0xbf,
    0xf7, 0xff, 0xbf, 0xf7, 0xff, 0xbf, 0xf7, 0xff, 0xbf, 0xf7, 0xff, 0xbf, 0xf7, 0xff, 0xbf, 0xf7,
    0xff, 0xbf, 0xf7, 0xff, 0xbf, 0xf7, 0xff, 0xbf, 0xf7, 0xff, 0xbf, 0xf7, 0xff, 0xbf, 0xf7, 0xff,
    0xbf, 0xf7, 0xff, 0xbf, 0xf7, 0xff, 0xbf, 0xf7, 0xff, 0xbf, 0xf7, 0xff, 0xbf, 0xf7, 0xff, 0xbf,
    0xf7, 0xff, 0xbf, 0xf7, 0xff, 0xbf, 0xf7, 0xff, 0xbf, 0xf7, 0xff, 0xbf, 0xf7, 0xff, 0xbf, 0xf7,
    0xff, 0xbf, 0xf7, 0xff, 0xbf, 0xf7, 0xff, 0xbf, 0xf7, 0xff, 0xbf, 0xf7, 0xff, 0xbf, 0xf7, 0xff,
    0xbf, 0xf7, 0xff, 0xbf, 0xf7, 0xff, 0xbf, 0xf7, 0xff, 0xbf, 0xf7, 0xff, 0xbf, 0xf7, 0xff, 0xbf,
    0xf7, 0xff, 0xbf, 0xf7, 0xff, 0xbf, 0xf7, 0xff, 0xbf, 0xf7, 0xff, 0xdf, 0xf7, 0xff, 0xbf, 0xf7,
    0xff, 0xbb, 0xd6, 0xff, 0x7a, 0xc6, 0xff, 0x7a, 0xce, 0xff, 0x7a, 0xce, 0xff, 0x7a, 0xce, 0xff,
    0x7a, 0xce, 0xff, 0x7a, 0xce, 0xff, 0x7a, 0xce, 0xff, 0x7a, 0xce, 0xff, 0x7a, 0xce, 0xff, 0x7a,
    0xce, 0xff, 0x7a, 0xce, 0xff, 0x7a, 0xce, 0xff, 0x7a, 0xce, 0xff, 0x7a, 0xce, 0xff, 0x7a, 0xce,
    0xff, 0x7a, 0xce, 0xff, 0x7a, 0xce, 0xff, 0x7a, 0xce, 0xff, 0x7a, 0xce, 0xff, 0x7a, 0xce, 0xff,
    0x7a, 0xce, 0xff, 0x7a, 0xce, 0xff, 0x7a, 0xce, 0xff, 0x7a, 0xce, 0xff, 0x7a, 0xce, 0xff, 0x7a,
    0xce, 0xff, 0x7a, 0xce, 0xff, 0x7a, 0xce, 0xff, 0x7a, 0xce, 0xff, 0x7a, 0xce, 0xff, 0x7a, 0xce,
    0xff, 0x7a, 0xce, 0xff, 0x7a, 0xce, 0xff, 0x7a, 0xce, 0xff, 0x7a, 0xce, 0xff, 0x7a, 0xce, 0xff,
    0x7a, 0xce, 0xff, 0x7a, 0xce, 0xff, 0x7a, 0xce, 0xff, 0x7a, 0xce, 0xff, 0x7a, 0xce, 0xff, 0x7a,
    0xce, 0xff, 0x7a, 0xce, 0xff, 0x7a, 0xce, 0xff, 0x7a, 0xce, 0xff, 0x7a, 0xce, 0xff, 0x7a, 0xce,
    0xff, 0x7a, 0xce, 0xff, 0x7a, 0xce, 0xff, 0x7a, 0xce, 0xff, 0x7a, 0xce, 0xff, 0x7a, 0xce, 0xff,
    0x7a, 0xce, 0xff, 0x7a, 0xce, 0xff, 0x7a, 0xce, 0xff, 0x7a, 0xce, 0xff, 0x7a, 0xce, 0xff, 0x7a,
    0xce, 0xff, 0x7a, 0xce, 0xff, 0x7a, 0xce, 0xff, 0x7a, 0xce, 0xff, 0x7a, 0xce, 0xff, 0x7a, 0xce,
    0xff, 0x7a, 0xce, 0xff, 0x7a, 0xce, 0xff, 0x7a, 0xce, 0xff, 0x7a, 0xce, 0xff, 0x7a, 0xce, 0xff,
    0x7a, 0xce, 0xff, 0x7a, 0xce, 0xff, 0x7a, 0xce, 0xff, 0x7a, 0xce, 0xff, 0x7a, 0xce, 0xff, 0x7a,
    0xce, 0xff, 0x7a, 0xce, 0xff, 0x7a, 0xce, 0xff, 0x7a, 0xce, 0xff, 0x7a, 0xce, 0xff, 0x7a, 0xce,
    0xff, 0x7a, 0xce, 0xff, 0x7a, 0xce, 0xff, 0x7a, 0xce, 0xff, 0x7a, 0xce, 0xff, 0x7a, 0xce, 0xff,
    0x7a, 0xce, 0xff, 0x7a, 0xce, 0xff, 0x7a, 0xce, 0xff, 0x7a, 0xce, 0xff, 0x7a, 0xce, 0xff, 0x7a,
    0xce, 0xff, 0x7a, 0xce, 0xff, 0x7a, 0xce, 0xff, 0x7a, 0xce, 0xff, 0x7a, 0xce, 0xff, 0x7a, 0xce,
    0xff, 0x7a, 0xce, 0xff, 0x7a, 0xce, 0xff, 0x7a, 0xce, 0xff, 0x7a, 0xce, 0xff, 0x7a, 0xce, 0xff,
    0x7a, 0xce, 0xff, 0x7a, 0xce, 0xff, 0x7a, 0xce, 0xff, 0x7a, 0xce, 0xff, 0x7a, 0xce, 0xff, 0x7a,
    0xce, 0xff, 0x7a, 0xce, 0xff, 0x7a, 0xce, 0xff, 0x7a, 0xce, 0xff, 0x7a, 0xce, 0xff, 0x7a, 0xce,
    0xff, 0x7a, 0xce, 0xff, 0x7a, 0xce, 0xff, 0x7a, 0xce, 0xff, 0x7a, 0xce, 0xff, 0x7a, 0xce, 0xff,
    0x7a, 0xce, 0xff, 0x7a, 0xce, 0xff, 0x7a, 0xce, 0xff, 0x7a, 0xce, 0xff, 0x7a, 0xce, 0xff, 0x7a,
    0xce, 0xff, 0x7a, 0xce, 0xff, 0x7a, 0xce, 0xff, 0x7a, 0xce, 0xff, 0x7a, 0xce, 0xff, 0x7a, 0xce,
    0xff, 0x7a, 0xce, 0xff, 0x7a, 0xce, 0xff, 0x7a, 0xce, 0xff, 0x7a, 0xce, 0xff, 0x7a, 0xce, 0xff,
    0x7a, 0xce, 0xff, 0x7a, 0xce, 0xff, 0x7a, 0xce, 0xff, 0x7a, 0xc6, 0xff, 0x7e, 0xef, 0xff, 0xdf,
    0xff, 0xff, 0xbf, 0xf7, 0xff, 0xbf, 0xf7, 0xff, 0xbf, 0xf7, 0xff, 0xbf, 0xf7, 0xff, 0xbf, 0xf7,
    0xff, 0xbf, 0xf7, 0xff, 0xbf, 0xf7, 0xff, 0xbf, 0xf7, 0xff, 0xbf, 0xf7, 0xff, 0xbf, 0xf7, 0xff,
    0xbf, 0xf7, 0xff, 0xbf, 0xf7, 0xff, 0xbf, 0xf7, 0xff, 0xbf, 0xf7, 0xff, 0xbf, 0xf7, 0xff, 0xbf,
    0xf7, 0xff, 0xbf, 0xf7, 0xff, 0xbf, 0xf7, 0xff, 0xbf, 0xf7, 0xff, 0xbf, 0xf7, 0xff, 0xbf, 0xf7,
    0xff, 0xbf, 0xf7, 0xff, 0xbf, 0xf7, 0xff, 0xbf, 0xf7, 0xff, 0xbf, 0xf7, 0xff, 0xbf, 0xf7, 0xff,
    0xbf, 0xf7, 0xff, 0xbf, 0xf7, 0xff, 0xbf, 0xf7, 0xff, 0xbf, 0xf7, 0xff, 0xbf, 0xf7, 0xff, 0xbf,
    0xf7, 0xff, 0xbf, 0xf7, 0xff, 0xbf, 0xf7, 0xff, 0xbf, 0xf7, 0xff, 0xbf, 0xf7, 0xff, 0xbf, 0xf7,
    0xff, 0xbf, 0xf7, 0xff, 0xbf, 0xf7, 0xff, 0xbf, 0xf7, 0xff, 0xdf, 0xf7, 0xff, 0xbf, 0xf7, 0xff,
    0x9b, 0xce, 0xff, 0x7a, 0xc6, 0xff, 0x7a, 0xce, 0xff, 0x7a, 0xce, 0xff, 0x7a, 0xce, 0xff, 0x7a,
    0xce, 0xff, 0x7a, 0xce, 0xff, 0x7a, 0xce, 0xff, 0x7a, 0xce, 0xff, 0x7a, 0xce, 0xff, 0x7a, 0xce,
    0xff, 0x7a, 0xce, 0xff, 0x7a, 0xce, 0xff, 0x7a, 0xce, 0xff, 0x7a, 0xce, 0xff, 0x7a, 0xce, 0xff,
    0x7a, 0xce, 0xff, 0x7a, 0xce, 0xff, 0x7a, 0xce, 0xff, 0x7a, 0xce, 0xff, 0x7a, 0xce, 0xff, 0x7a,
    0xce, 0xff, 0x7a, 0xce, 0xff, 0x7a, 0xce, 0xff, 0x7a, 0xce, 0xff, 0x7a, 0xce, 0xff, 0x7a, 0xce,
    0xff, 0x7a, 0xce, 0xff, 0x7a, 0xce, 0xff, 0x7a, 0xce, 0xff, 0x7a, 0xce, 0xff, 0x7a, 0xce, 0xff,
    0x7a, 0xce, 0xff, 0x7a, 0xce, 0xff, 0x7a, 0xce, 0xff, 0x7a, 0xce, 0xff, 0x7a, 0xce, 0xff, 0x7a,
    0xce, 0xff, 0x7a, 0xce, 0xff, 0x7a, 0xce, 0xff, 0x7a, 0xce, 0xff, 0x7a, 0xce, 0xff, 0x7a, 0xce,
    0xff, 0x7a, 0xce, 0xff, 0x7a, 0xce, 0xff, 0x7a, 0xce, 0xff, 0x7a, 0xce, 0xff, 0x7a, 0xce, 0xff,
    0x7a, 0xce, 0xff, 0x7a, 0xce, 0xff, 0x7a, 0xce, 0xff, 0x7a, 0xce, 0xff, 0x7a, 0xce, 0xff, 0x7a,
    0xce, 0xff, 0x7a, 0xce, 0xff, 0x7a, 0xce, 0xff, 0x7a, 0xce, 0xff, 0x7a, 0xce, 0xff, 0x7a, 0xce,
    0xff, 0x7a, 0xce, 0xff, 0x7a, 0xce, 0xff, 0x7a, 0xce, 0xff, 0x7a, 0xce, 0xff, 0x7a, 0xce, 0xff,
    0x7a, 0xce, 0xff, 0x7a, 0xce, 0xff, 0x7a, 0xce, 0xff, 0x7a, 0xce, 0xff, 0x7a, 0xce, 0xff, 0x7a,
    0xce, 0xff, 0x7a, 0xce, 0xff, 0x7a, 0xce, 0xff, 0x7a, 0xce, 0xff, 0x7a, 0xce, 0xff, 0x7a, 0xce,
    0xff, 0x7a, 0xce, 0xff, 0x7a, 0xce, 0xff, 0x7a, 0xce, 0xff, 0x7a, 0xce, 0xff, 0x7a, 0xce, 0xff,
    0x7a, 0xce, 0xff, 0x7a, 0xce, 0xff, 0x7a, 0xce, 0xff, 0x7a, 0xce, 0xff, 0x7a, 0xce, 0xff, 0x7a,
    0xce, 0xff, 0x7a, 0xce, 0xff, 0x7a, 0xce, 0xff, 0x7a, 0xce, 0xff, 0x7a, 0xce, 0xff, 0x7a, 0xce,
    0xff, 0x7a, 0xce, 0xff, 0x7a, 0xce, 0xff, 0x7a, 0xce, 0xff, 0x7a, 0xce, 0xff, 0x7a, 0xce, 0xff,
    0x7a, 0xce, 0xff, 0x7a, 0xce, 0xff, 0x7a, 0xce, 0xff, 0x7a, 0xce, 0xff, 0x7a, 0xce, 0xff, 0x7a,
    0xce, 0xff, 0x7a, 0xce, 0xff, 0x7a, 0xce, 0xff, 0x7a, 0xce, 0xff, 0x7a, 0xce, 0xff, 0x7a, 0xce,
    0xff, 0x7a, 0xce, 0xff, 0x7a, 0xce, 0xff, 0x7a, 0xce, 0xff, 0x7a, 0xce, 0xff, 0x7a, 0xce, 0xff,
    0x7a, 0xce, 0xff, 0x7a, 0xce, 0xff, 0x7a, 0xce, 0xff, 0x7a, 0xce, 0xff, 0x7a, 0xce, 0xff, 0x7a,
    0xce, 0xff, 0x7a, 0xce, 0xff, 0x7a, 0xce, 0xff, 0x7a, 0xce, 0xff, 0x7a, 0xce, 0xff, 0x7a, 0xce,
    0xff, 0x7a, 0xce, 0xff, 0x7a, 0xce, 0xff, 0x7a, 0xce, 0xff, 0x7a, 0xce, 0xff, 0x7a, 0xce, 0xff,
    0x7a, 0xce, 0xff, 0x7a, 0xce, 0xff, 0x7a, 0xce, 0xff, 0x7a, 0xce, 0xff, 0x7a, 0xce, 0xff, 0x7a,
    0xce, 0xff, 0x5a, 0xc6, 0xff, 0x1d, 0xdf, 0xff, 0xdf, 0xff, 0xff, 0xbf, 0xf7, 0xff, 0xbf, 0xf7,
    0xff, 0xbf, 0xf7, 0xff, 0xbf, 0xf7, 0xff, 0xbf, 0xf7, 0xff, 0xbf, 0xf7, 0xff, 0xbf, 0xf7, 0xff,
    0xbf, 0xf7, 0xff, 0xbf, 0xf7, 0xff, 0xbf, 0xf7, 0xff, 0xbf, 0xf7, 0xff, 0xbf, 0xf7, 0xff, 0xbf,
    0xf7, 0xff, 0xbf, 0xf7, 0xff, 0xbf, 0xf7, 0xff, 0xbf, 0xf7, 0xff, 0xbf, 0xf7, 0xff, 0xbf, 0xf7,
    0xff, 0xbf, 0xf7, 0xff, 0xbf, 0xf7, 0xff, 0xbf, 0xf7, 0xff, 0xbf, 0xf7, 0xff, 0xbf, 0xf7, 0xff,
    0xbf, 0xf7, 0xff, 0xbf, 0xf7, 0xff, 0xbf, 0xf7, 0xff, 0xbf, 0xf7, 0xff, 0xbf, 0xf7, 0xff, 0xbf,
    0xf7, 0xff, 0xbf, 0xf7, 0xff, 0xbf, 0xf7, 0xff, 0xbf, 0xf7, 0xff, 0xbf, 0xf7, 0xff, 0xbf, 0xf7,
    0xff, 0xbf, 0xf7, 0xff, 0xbf, 0xf7, 0xff, 0xbf, 0xf7, 0xff, 0xbf, 0xf7, 0xff, 0xbf, 0xf7, 0xff,
    0xbf, 0xf7, 0xff, 0xbf, 0xf7, 0xff, 0xbf, 0xf7, 0xff, 0xdf, 0xf7, 0xff, 0x7e, 0xef, 0xff, 0x7a,
    0xc6, 0xff, 0x7a, 0xce, 0xff, 0x7a, 0xce, 0xff, 0x7a, 0xce, 0xff, 0x7a, 0xce, 0xff, 0x7a, 0xce,
    0xff, 0x7a, 0xce, 0xff, 0x7a, 0xce, 0xff, 0x7a, 0xce, 0xff, 0x7a, 0xce, 0xff, 0x7a, 0xce, 0xff,
    0x7a, 0xce, 0xff, 0x7a, 0xce, 0xff, 0x7a, 0xce, 0xff, 0x7a, 0xce, 0xff, 0x7a, 0xce, 0xff, 0x7a,
    0xce, 0xff, 0x7a, 0xce, 0xff, 0x7a, 0xce, 0xff, 0x7a, 0xce, 0xff, 0x7a, 0xce, 0xff, 0x7a, 0xce,
    0xff, 0x7a, 0xce, 0xff, 0x7a, 0xce, 0xff, 0x7a, 0xce, 0xff, 0x7a, 0xce, 0xff, 0x7a, 0xce, 0xff,
    0x7a, 0xce, 0xff, 0x7a, 0xce, 0xff, 0x7a, 0xce, 0xff, 0x7a, 0xce, 0xff, 0x7a, 0xce, 0xff, 0x7a,
    0xce, 0xff, 0x7a, 0xce, 0xff, 0x7a, 0xce, 0xff, 0x7a, 0xce, 0xff, 0x7a, 0xce, 0xff, 0x7a, 0xce,
    0xff, 0x7a, 0xce, 0xff, 0x7a, 0xce, 0xff, 0x7a, 0xce, 0xff, 0x7a, 0xce, 0xff, 0x7a, 0xce, 0xff,
    0x7a, 0xce, 0xff, 0x7a, 0xce, 0xff, 0x7a, 0xce, 0xff, 0x7a, 0xce, 0xff, 0x7a, 0xce, 0xff, 0x7a,
    0xce, 0xff, 0x7a, 0xce, 0xff, 0x7a, 0xce, 0xff, 0x7a, 0xce, 0xff, 0x7a, 0xce, 0xff, 0x7a, 0xce,
    0xff, 0x7a, 0xce, 0xff, 0x7a, 0xce, 0xff, 0x7a, 0xce, 0xff, 0x7a, 0xce, 0xff, 0x7a, 0xce, 0xff,
    0x7a, 0xce, 0xff, 0x7a, 0xce, 0xff, 0x7a, 0xce, 0xff, 0x7a, 0xce, 0xff, 0x7a, 0xce, 0xff, 0x7a,
    0xce, 0xff, 0x7a, 0xce, 0xff, 0x7a, 0xce, 0xff, 0x7a, 0xce, 0xff, 0x7a, 0xce, 0xff, 0x7a, 0xce,
    0xff, 0x7a, 0xce, 0xff, 0x7a, 0xce, 0xff, 0x7a, 0xce, 0xff, 0x7a, 0xce, 0xff, 0x7a, 0xce, 0xff,
    0x7a, 0xce, 0xff, 0x7a, 0xce, 0xff, 0x7a, 0xce, 0xff, 0x7a, 0xce, 0xff, 0x7a, 0xce, 0xff, 0x7a,
    0xce, 0xff, 0x7a, 0xce, 0xff, 0x7a, 0xce, 0xff, 0x7a, 0xce, 0xff, 0x7a, 0xce, 0xff, 0x7a, 0xce,
    0xff, 0x7a, 0xce, 0xff, 0x7a, 0xce, 0xff, 0x7a, 0xce, 0xff, 0x7a, 0xce, 0xff, 0x7a, 0xce, 0xff,
    0x7a, 0xce, 0xff, 0x7a, 0xce, 0xff, 0x7a, 0xce, 0xff, 0x7a, 0xce, 0xff, 0x7a, 0xce, 0xff, 0x7a,
    0xce, 0xff, 0x7a, 0xce, 0xff, 0x7a, 0xce, 0xff, 0x7a, 0xce, 0xff, 0x7a, 0xce, 0xff, 0x7a, 0xce,
    0xff, 0x7a, 0xce, 0xff, 0x7a, 0xce, 0xff, 0x7a, 0xce, 0xff, 0x7a, 0xce, 0xff, 0x7a, 0xce, 0xff,
    0x7a, 0xce, 0xff, 0x7a, 0xce, 0xff, 0x7a, 0xce, 0xff, 0x7a, 0xce, 0xff, 0x7a, 0xce, 0xff, 0x7a,
    0xce, 0xff, 0x7a, 0xce, 0xff, 0x7a, 0xce, 0xff, 0x7a, 0xce, 0xff, 0x7a, 0xce, 0xff, 0x7a, 0xce,
    0xff, 0x7a, 0xce, 0xff, 0x7a, 0xce, 0xff, 0x7a, 0xce, 0xff, 0x7a, 0xce, 0xff, 0x7a, 0xce, 0xff,
    0x7a, 0xce, 0xff, 0x7a, 0xce, 0xff, 0x7a, 0xce, 0xff, 0x7a, 0xce, 0xff, 0x7a, 0xce, 0xff, 0x7a,
    0xce, 0xff, 0x7a, 0xce, 0xff, 0x7a, 0xce, 0xff, 0x7a, 0xce, 0xff, 0x7a, 0xc6, 0xff, 0xdb, 0xd6,
    0xff, 0xdf, 0xf7, 0xff, 0xbf, 0xf7, 0xff, 0xbf, 0xf7, 0xff, 0xbf, 0xf7, 0xff, 0xbf, 0xf7, 0xff,
    0xbf, 0xf7, 0xff, 0xbf, 0xf7, 0xff, 0xbf, 0xf7, 0xff, 0xbf, 0xf7, 0xff, 0xbf, 0xf7, 0xff, 0xbf,
    0xf7, 0xff, 0xbf, 0xf7, 0xff, 0xbf, 0xf7, 0xff, 0xbf, 0xf7, 0xff, 0xbf, 0xf7, 0xff, 0xbf, 0xf7,
    0xff, 0xbf, 0xf7, 0xff, 0xbf, 0xf7, 0xff, 0xbf, 0xf7, 0xff, 0xbf, 0xf7, 0xff, 0xbf, 0xf7, 0xff,
    0xbf, 0xf7, 0xff, 0xbf, 0xf7, 0xff, 0xbf, 0xf7, 0xff, 0xbf, 0xf7, 0xff, 0xbf, 0xf7, 0xff, 0xbf,
    0xf7, 0xff, 0xbf, 0xf7, 0xff, 0xbf, 0xf7, 0xff, 0xbf, 0xf7, 0xff, 0xbf, 0xf7, 0xff, 0xbf, 0xf7,
    0xff, 0xbf, 0xf7, 0xff, 0xbf, 0xf7, 0xff, 0xbf, 0xf7, 0xff, 0xbf, 0xf7, 0xff, 0xbf, 0xf7, 0xff,
    0xbf, 0xf7, 0xff, 0xbf, 0xf7, 0xff, 0xbf, 0xf7, 0xff, 0xbf, 0xf7, 0xff, 0xbf, 0xf7, 0xff, 0xbf,
    0xf7, 0xff, 0xbf, 0xf7, 0xff, 0xbf, 0xf7, 0xff, 0xdf, 0xff, 0xff, 0x1d, 0xdf, 0xff, 0x5a, 0xc6,
    0xff, 0x7a, 0xce, 0xff, 0x7a, 0xce, 0xff, 0x7a, 0xce, 0xff, 0x7a, 0xce, 0xff, 0x7a, 0xce, 0xff,
    0x7a, 0xce, 0xff, 0x7a, 0xce, 0xff, 0x7a, 0xce, 0xff, 0x7a, 0xce, 0xff, 0x7a, 0xce, 0xff, 0x7a,
    0xce, 0xff, 0x7a, 0xce, 0xff, 0x7a, 0xce, 0xff, 0x7a, 0xce, 0xff, 0x7a, 0xce, 0xff, 0x7a, 0xce,
    0xff, 0x7a, 0xce, 0xff, 0x7a, 0xce, 0xff, 0x7a, 0xce, 0xff, 0x7a, 0xce, 0xff, 0x7a, 0xce, 0xff,
    0x7a, 0xce, 0xff, 0x7a, 0xce, 0xff, 0x7a, 0xce, 0xff, 0x7a, 0xce, 0xff, 0x7a, 0xce, 0xff, 0x7a,
    0xce, 0xff, 0x7a, 0xce, 0xff, 0x7a, 0xce, 0xff, 0x7a, 0xce, 0xff, 0x7a, 0xce, 0xff, 0x7a, 0xce,
    0xff, 0x7a, 0xce, 0xff, 0x7a, 0xce, 0xff, 0x7a, 0xce, 0xff, 0x7a, 0xce, 0xff, 0x7a, 0xce, 0xff,
    0x7a, 0xce, 0xff, 0x7a, 0xce, 0xff, 0x7a, 0xce, 0xff, 0x7a, 0xce, 0xff, 0x7a, 0xce, 0xff, 0x7a,
    0xce, 0xff, 0x7a, 0xce, 0xff, 0x7a, 0xce, 0xff, 0x7a, 0xce, 0xff, 0x7a, 0xce, 0xff, 0x7a, 0xce,
    0xff, 0x7a, 0xce, 0xff, 0x7a, 0xce, 0xff, 0x7a, 0xce, 0xff, 0x7a, 0xce, 0xff, 0x7a, 0xce, 0xff,
    0x7a, 0xce, 0xff, 0x7a, 0xce, 0xff, 0x7a, 0xce, 0xff, 0x7a, 0xce, 0xff, 0x7a, 0xce, 0xff, 0x7a,
    0xce, 0xff, 0x7a, 0xce, 0xff, 0x7a, 0xce, 0xff, 0x7a, 0xce, 0xff, 0x7a, 0xce, 0xff, 0x7a, 0xce,
    0xff, 0x7a, 0xce, 0xff, 0x7a, 0xce, 0xff, 0x7a, 0xce, 0xff, 0x7a, 0xce, 0xff, 0x7a, 0xce, 0xff,
    0x7a, 0xce, 0xff, 0x7a, 0xce, 0xff, 0x7a, 0xce, 0xff, 0x7a, 0xce, 0xff, 0x7a, 0xce, 0xff, 0x7a,
    0xce, 0xff, 0x7a, 0xce, 0xff, 0x7a, 0xce, 0xff, 0x7a, 0xce, 0xff, 0x7a, 0xce, 0xff, 0x7a, 0xce,
    0xff, 0x7a, 0xce, 0xff, 0x7a, 0xce, 0xff, 0x7a, 0xce, 0xff, 0x7a, 0xce, 0xff, 0x7a, 0xce, 0xff,
    0x7a, 0xce, 0xff, 0x7a, 0xce, 0xff, 0x7a, 0xce, 0xff, 0x7a, 0xce, 0xff, 0x7a, 0xce, 0xff, 0x7a,
    0xce, 0xff, 0x7a, 0xce, 0xff, 0x7a, 0xce, 0xff, 0x7a, 0xce, 0xff, 0x7a, 0xce, 0xff, 0x7a, 0xce,
    0xff, 0x7a, 0xce, 0xff, 0x7a, 0xce, 0xff, 0x7a, 0xce, 0xff, 0x7a, 0xce, 0xff, 0x7a, 0xce, 0xff,
    0x7a, 0xce, 0xff, 0x7a, 0xce, 0xff, 0x7a, 0xce, 0xff, 0x7a, 0xce, 0xff, 0x7a, 0xce, 0xff, 0x7a,
    0xce, 0xff, 0x7a, 0xce, 0xff, 0x7a, 0xce, 0xff, 0x7a, 0xce, 0xff, 0x7a, 0xce, 0xff, 0x7a, 0xce,
    0xff, 0x7a, 0xce, 0xff, 0x7a, 0xce, 0xff, 0x7a, 0xce, 0xff, 0x7a, 0xce, 0xff, 0x7a, 0xce, 0xff,
    0x7a, 0xce, 0xff, 0x7a, 0xce, 0xff, 0x7a, 0xce, 0xff, 0x7a, 0xce, 0xff, 0x7a, 0xce, 0xff, 0x7a,
    0xce, 0xff, 0x7a, 0xce, 0xff, 0x7a, 0xce, 0xff, 0x7a, 0xce, 0xff, 0x7a, 0xce, 0xff, 0x7a, 0xce,
    0xff, 0x7a, 0xce, 0xff, 0x7a, 0xce, 0xff, 0x7a, 0xce, 0xff, 0x9e, 0xef, 0xff, 0xdf, 0xf7, 0xff,
    0xbf, 0xf7, 0xff, 0xbf, 0xf7, 0xff, 0xbf, 0xf7, 0xff, 0xbf, 0xf7, 0xff, 0xbf, 0xf7, 0xff, 0xbf,
    0xf7, 0xff, 0xbf, 0xf7, 0xff, 0xbf, 0xf7, 0xff, 0xbf, 0xf7, 0xff, 0xbf, 0xf7, 0xff, 0xbf, 0xf7,
    0xff, 0xbf, 0xf7, 0xff, 0xbf, 0xf7, 0xff, 0xbf, 0xf7, 0xff, 0xbf, 0xf7, 0xff, 0xbf, 0xf7, 0xff,
    0xbf, 0xf7, 0xff, 0xbf, 0xf7, 0xff, 0xbf, 0xf7, 0xff, 0xbf, 0xf7, 0xff, 0xbf, 0xf7, 0xff, 0xbf,
    0xf7, 0xff, 0xbf, 0xf7, 0xff, 0xbf, 0xf7, 0xff, 0xbf, 0xf7, 0xff, 0xbf, 0xf7, 0xff, 0xbf, 0xf7,
    0xff, 0xbf, 0xf7, 0xff, 0xbf, 0xf7, 0xff, 0xbf, 0xf7, 0xff, 0xbf, 0xf7, 0xff, 0xbf, 0xf7, 0xff,
    0xbf, 0xf7, 0xff, 0xbf, 0xf7, 0xff, 0xbf, 0xf7, 0xff, 0xbf, 0xf7, 0xff, 0xbf, 0xf7, 0xff, 0xbf,
    0xf7, 0xff, 0xbf, 0xf7, 0xff, 0xbf, 0xf7, 0xff, 0xbf, 0xf7, 0xff, 0xbf, 0xf7, 0xff, 0xbf, 0xf7,
    0xff, 0xbf, 0xf7, 0xff, 0xbf, 0xf7, 0xff, 0xbf, 0xf7, 0xff, 0xbb, 0xce, 0xff, 0x7a, 0xc6, 0xff,
    0x7a, 0xce, 0xff, 0x7a, 0xce, 0xff, 0x7a, 0xce, 0xff, 0x7a, 0xce, 0xff, 0x7a, 0xce, 0xff, 0x7a,
    0xce, 0xff, 0x7a, 0xce, 0xff, 0x7a, 0xce, 0xff, 0x7a, 0xce, 0xff, 0x7a, 0xce, 0xff, 0x7a, 0xce,
    0xff, 0x7a, 0xce, 0xff, 0x7a, 0xce, 0xff, 0x7a, 0xce, 0xff, 0x7a, 0xce, 0xff, 0x7a, 0xce, 0xff,
    0x7a, 0xce, 0xff, 0x7a, 0xce, 0xff, 0x7a, 0xce, 0xff, 0x7a, 0xce, 0xff, 0x7a, 0xce, 0xff, 0x7a,
    0xce, 0xff, 0x7a, 0xce, 0xff, 0x7a, 0xce, 0xff, 0x7a, 0xce, 0xff, 0x7a, 0xce, 0xff, 0x7a, 0xce,
    0xff, 0x7a, 0xce, 0xff, 0x7a, 0xce, 0xff, 0x7a, 0xce, 0xff, 0x7a, 0xce, 0xff, 0x7a, 0xce, 0xff,
    0x7a, 0xce, 0xff, 0x7a, 0xce, 0xff, 0x7a, 0xce, 0xff, 0x7a, 0xce, 0xff, 0x7a, 0xce, 0xff, 0x7a,
    0xce, 0xff, 0x7a, 0xce, 0xff, 0x7a, 0xce, 0xff, 0x7a, 0xce, 0xff, 0x7a, 0xce, 0xff, 0x7a, 0xce,
    0xff, 0x7a, 0xce, 0xff, 0x7a, 0xce, 0xff, 0x7a, 0xce, 0xff, 0x7a, 0xce, 0xff, 0x7a, 0xce, 0xff,
    0x7a, 0xce, 0xff, 0x7a, 0xce, 0xff, 0x7a, 0xce, 0xff, 0x7a, 0xce, 0xff, 0x7a, 0xce, 0xff, 0x7a,
    0xce, 0xff, 0x7a, 0xce, 0xff, 0x7a, 0xce, 0xff, 0x7a, 0xce, 0xff, 0x7a, 0xce, 0xff, 0x7a, 0xce,
    0xff, 0x7a, 0xce, 0xff, 0x7a, 0xce, 0xff, 0x7a, 0xce, 0xff, 0x7a, 0xce, 0xff, 0x7a, 0xce, 0xff,
    0x7a, 0xce, 0xff, 0x7a, 0xce, 0xff, 0x7a, 0xce, 0xff, 0x7a, 0xce, 0xff, 0x7a, 0xce, 0xff, 0x7a,
    0xce, 0xff, 0x7a, 0xce, 0xff, 0x7a, 0xce, 0xff, 0x7a, 0xce, 0xff, 0x7a, 0xce, 0xff, 0x7a, 0xce,
    0xff, 0x7a, 0xce, 0xff, 0x7a, 0xce, 0xff, 0x7a, 0xce, 0xff, 0x7a, 0xce, 0xff, 0x7a, 0xce, 0xff,
    0x7a, 0xce, 0xff, 0x7a, 0xce, 0xff, 0x7a, 0xce, 0xff, 0x7a, 0xce, 0xff, 0x7a, 0xce, 0xff, 0x7a,
    0xce, 0xff, 0x7a, 0xce, 0xff, 0x7a, 0xce, 0xff, 0x7a, 0xce, 0xff, 0x7a, 0xce, 0xff, 0x7a, 0xce,
    0xff, 0x7a, 0xce, 0xff, 0x7a, 0xce, 0xff, 0x7a, 0xce, 0xff, 0x7a, 0xce, 0xff, 0x7a, 0xce, 0xff,
    0x7a, 0xce, 0xff, 0x7a, 0xce, 0xff, 0x7a, 0xce, 0xff, 0x7a, 0xce, 0xff, 0x7a, 0xce, 0xff, 0x7a,
    0xce, 0xff, 0x7a, 0xce, 0xff, 0x7a, 0xce, 0xff, 0x7a, 0xce, 0xff, 0x7a, 0xce, 0xff, 0x7a, 0xce,
    0xff, 0x7a, 0xce, 0xff, 0x7a, 0xce, 0xff, 0x7a, 0xce, 0xff, 0x7a, 0xce, 0xff, 0x7a, 0xce, 0xff,
    0x7a, 0xce, 0xff, 0x7a, 0xce, 0xff, 0x7a, 0xce, 0xff, 0x7a, 0xce, 0xff, 0x7a, 0xce, 0xff, 0x7a,
    0xce, 0xff, 0x7a, 0xce, 0xff, 0x7a, 0xce, 0xff, 0x7a, 0xce, 0xff, 0x7a, 0xce, 0xff, 0x7a, 0xce,
    0xff, 0x7a, 0xce, 0xff, 0x7a, 0xce, 0xff, 0x7a, 0xce, 0xff, 0x7a, 0xce, 0xff, 0x7a, 0xce, 0xff,
    0x5a, 0xc6, 0xff, 0x1c, 0xdf, 0xff, 0xdf, 0xff, 0xff, 0xbf, 0xf7, 0xff, 0xbf, 0xf7, 0xff, 0xbf,
    0xf7, 0xff, 0xbf, 0xf7, 0xff, 0xbf, 0xf7, 0xff, 0xbf, 0xf7, 0xff, 0xbf, 0xf7, 0xff, 0xbf, 0xf7,
    0xff, 0xbf, 0xf7, 0xff, 0xbf, 0xf7, 0xff, 0xbf, 0xf7, 0xff, 0xbf, 0xf7, 0xff, 0xbf, 0xf7, 0xff,
    0xbf, 0xf7, 0xff, 0xbf, 0xf7, 0xff, 0xbf, 0xf7, 0xff, 0xbf, 0xf7, 0xff, 0xbf, 0xf7, 0xff, 0xbf,
    0xf7, 0xff, 0xbf, 0xf7, 0xff, 0xbf, 0xf7, 0xff, 0xbf, 0xf7, 0xff, 0xbf, 0xf7, 0xff, 0xbf, 0xf7,
    0xff, 0xbf, 0xf7, 0xff, 0xbf, 0xf7, 0xff, 0xbf, 0xf7, 0xff, 0xbf, 0xf7, 0xff, 0xbf, 0xf7, 0xff,
    0xbf, 0xf7, 0xff, 0xbf, 0xf7, 0xff, 0xbf, 0xf7, 0xff, 0xbf, 0xf7, 0xff, 0xbf, 0xf7, 0xff, 0xbf,
    0xf7, 0xff, 0xbf, 0xf7, 0xff, 0xbf, 0xf7, 0xff, 0xbf, 0xf7, 0xff, 0xbf, 0xf7, 0xff, 0xbf, 0xf7,
    0xff, 0xbf, 0xf7, 0xff, 0xbf, 0xf7, 0xff, 0xbf, 0xf7, 0xff, 0xbf, 0xf7, 0xff, 0xbf, 0xf7, 0xff,
    0xbf, 0xf7, 0xff, 0xdf, 0xf7, 0xff, 0x5e, 0xef, 0xff, 0x7a, 0xc6, 0xff, 0x7a, 0xce, 0xff, 0x7a,
    0xce, 0xff, 0x7a, 0xce, 0xff, 0x7a, 0xce, 0xff, 0x7a, 0xce, 0xff, 0x7a, 0xce, 0xff, 0x7a, 0xce,
    0xff, 0x7a, 0xce, 0xff, 0x7a, 0xce, 0xff, 0x7a, 0xce, 0xff, 0x7a, 0xce, 0xff, 0x7a, 0xce, 0xff,
    0x7a, 0xce, 0xff, 0x7a, 0xce, 0xff, 0x7a, 0xce, 0xff, 0x7a, 0xce, 0xff, 0x7a, 0xce, 0xff, 0x7a,
    0xce, 0xff, 0x7a, 0xce, 0xff, 0x7a, 0xce, 0xff, 0x7a, 0xce, 0xff, 0x7a, 0xce, 0xff, 0x7a, 0xce,
    0xff, 0x7a, 0xce, 0xff, 0x7a, 0xce, 0xff, 0x7a, 0xce, 0xff, 0x7a, 0xce, 0xff, 0x7a, 0xce, 0xff,
    0x7a, 0xce, 0xff, 0x7a, 0xce, 0xff, 0x7a, 0xce, 0xff, 0x7a, 0xce, 0xff, 0x7a, 0xce, 0xff, 0x7a,
    0xce, 0xff, 0x7a, 0xce, 0xff, 0x7a, 0xce, 0xff, 0x7a, 0xce, 0xff, 0x7a, 0xce, 0xff, 0x7a, 0xce,
    0xff, 0x7a, 0xce, 0xff, 0x7a, 0xce, 0xff, 0x7a, 0xce, 0xff, 0x7a, 0xce, 0xff, 0x7a, 0xce, 0xff,
    0x7a, 0xce, 0xff, 0x7a, 0xce, 0xff, 0x7a, 0xce, 0xff, 0x7a, 0xce, 0xff, 0x7a, 0xce, 0xff, 0x7a,
    0xce, 0xff, 0x7a, 0xce, 0xff, 0x7a, 0xce, 0xff, 0x7a, 0xce, 0xff, 0x7a, 0xce, 0xff, 0x7a, 0xce,
    0xff, 0x7a, 0xce, 0xff, 0x7a, 0xce, 0xff, 0x7a, 0xce, 0xff, 0x7a, 0xce, 0xff, 0x7a, 0xce, 0xff,
    0x7a, 0xce, 0xff, 0x7a, 0xce, 0xff, 0x7a, 0xce, 0xff, 0x7a, 0xce, 0xff, 0x7a, 0xce, 0xff, 0x7a,
    0xce, 0xff, 0x7a, 0xce, 0xff, 0x7a, 0xce, 0xff, 0x7a, 0xce, 0xff, 0x7a, 0xce, 0xff, 0x7a, 0xce,
    0xff, 0x7a, 0xce, 0xff, 0x7a, 0xce, 0xff, 0x7a, 0xce, 0xff, 0x7a, 0xce, 0xff, 0x7a, 0xce, 0xff,
    0x7a, 0xce, 0xff, 0x7a, 0xce, 0xff, 0x7a, 0xce, 0xff, 0x7a, 0xce, 0xff, 0x7a, 0xce, 0xff, 0x7a,
    0xce, 0xff, 0x7a, 0xce, 0xff, 0x7a, 0xce, 0xff, 0x7a, 0xce, 0xff, 0x7a, 0xce, 0xff, 0x7a, 0xce,
    0xff, 0x7a, 0xce, 0xff, 0x7a, 0xce, 0xff, 0x7a, 0xce, 0xff, 0x7a, 0xce, 0xff, 0x7a, 0xce, 0xff,
    0x7a, 0xce, 0xff, 0x7a, 0xce, 0xff, 0x7a, 0xce, 0xff, 0x7a, 0xce, 0xff, 0x7a, 0xce, 0xff, 0x7a,
    0xce, 0xff, 0x7a, 0xce, 0xff, 0x7a, 0xce, 0xff, 0x7a, 0xce, 0xff, 0x7a, 0xce, 0xff, 0x7a, 0xce,
    0xff, 0x7a, 0xce, 0xff, 0x7a, 0xce, 0xff, 0x7a, 0xce, 0xff, 0x7a, 0xce, 0xff, 0x7a, 0xce, 0xff,
    0x7a, 0xce, 0xff, 0x7a, 0xce, 0xff, 0x7a, 0xce, 0xff, 0x7a, 0xce, 0xff, 0x7a, 0xce, 0xff, 0x7a,
    0xce, 0xff, 0x7a, 0xce, 0xff, 0x7a, 0xce, 0xff, 0x7a, 0xce, 0xff, 0x7a, 0xce, 0xff, 0x7a, 0xce,
    0xff, 0x7a, 0xce, 0xff, 0x7a, 0xce, 0xff, 0x7a, 0xce, 0xff, 0x7a, 0xce, 0xff, 0x7a, 0xce, 0xff,
    0x7a, 0xce, 0xff, 0x7a, 0xce, 0xff, 0x7a, 0xce, 0xff, 0x7a, 0xc6, 0xff, 0x9b, 0xce, 0xff, 0xbf,
    0xf7, 0xff, 0xdf, 0xf7, 0xff, 0xbf, 0xf7, 0xff, 0xbf, 0xf7, 0xff, 0xbf, 0xf7, 0xff, 0xbf, 0xf7,
    0xff, 0xbf, 0xf7, 0xff, 0xbf, 0xf7, 0xff, 0xbf, 0xf7, 0xff, 0xbf, 0xf7, 0xff, 0xbf, 0xf7, 0xff,
    0xbf, 0xf7, 0xff, 0xbf, 0xf7, 0xff, 0xbf, 0xf7, 0xff, 0xbf, 0xf7, 0xff, 0xbf, 0xf7, 0xff, 0xbf,
    0xf7, 0xff, 0xbf, 0xf7, 0xff, 0xbf, 0xf7, 0xff, 0xbf, 0xf7, 0xff, 0xbf, 0xf7, 0xff, 0xbf, 0xf7,
    0xff, 0xbf, 0xf7, 0xff, 0xbf, 0xf7, 0xff, 0xbf, 0xf7, 0xff, 0xbf, 0xf7, 0xff, 0xbf, 0xf7, 0xff,
    0xbf, 0xf7, 0xff, 0xbf, 0xf7, 0xff, 0xbf, 0xf7, 0xff, 0xbf, 0xf7, 0xff, 0xbf, 0xf7, 0xff, 0xbf,
    0xf7, 0xff, 0xbf, 0xf7, 0xff, 0xbf, 0xf7, 0xff, 0xbf, 0xf7, 0xff, 0xbf, 0xf7, 0xff, 0xbf, 0xf7,
    0xff, 0xbf, 0xf7, 0xff, 0xbf, 0xf7, 0xff, 0xbf, 0xf7, 0xff, 0xbf, 0xf7, 0xff, 0xbf, 0xf7, 0xff,
    0xbf, 0xf7, 0xff, 0xbf, 0xf7, 0xff, 0xbf, 0xf7, 0xff, 0xbf, 0xf7, 0xff, 0xbf, 0xf7, 0xff, 0xbf,
    0xf7, 0xff, 0xdf, 0xf7, 0xff, 0xdb, 0xd6, 0xff, 0x7a, 0xc6, 0xff, 0x7a, 0xce, 0xff, 0x7a, 0xce,
    0xff, 0x7a, 0xce, 0xff, 0x7a, 0xce, 0xff, 0x7a, 0xce, 0xff, 0x7a, 0xce, 0xff, 0x7a, 0xce, 0xff,
    0x7a, 0xce, 0xff, 0x7a, 0xce, 0xff, 0x7a, 0xce, 0xff, 0x7a, 0xce, 0xff, 0x7a, 0xce, 0xff, 0x7a,
    0xce, 0xff, 0x7a, 0xce, 0xff, 0x7a, 0xce, 0xff, 0x7a, 0xce, 0xff, 0x7a, 0xce, 0xff, 0x7a, 0xce,
    0xff, 0x7a, 0xce, 0xff, 0x7a, 0xce, 0xff, 0x7a, 0xce, 0xff, 0x7a, 0xce, 0xff, 0x7a, 0xce, 0xff,
    0x7a, 0xce, 0xff, 0x7a, 0xce, 0xff, 0x7a, 0xce, 0xff, 0x7a, 0xce, 0xff, 0x7a, 0xce, 0xff, 0x7a,
    0xce, 0xff, 0x7a, 0xce, 0xff, 0x7a, 0xce, 0xff, 0x7a, 0xce, 0xff, 0x7a, 0xce, 0xff, 0x7a, 0xce,
    0xff, 0x7a, 0xce, 0xff, 0x7a, 0xce, 0xff, 0x7a, 0xce, 0xff, 0x7a, 0xce, 0xff, 0x7a, 0xce, 0xff,
    0x7a, 0xce, 0xff, 0x7a, 0xce, 0xff, 0x7a, 0xce, 0xff, 0x7a, 0xce, 0xff, 0x7a, 0xce, 0xff, 0x7a,
    0xce, 0xff, 0x7a, 0xce, 0xff, 0x7a, 0xce, 0xff, 0x7a, 0xce, 0xff, 0x7a, 0xce, 0xff, 0x7a, 0xce,
    0xff, 0x7a, 0xce, 0xff, 0x7a, 0xce, 0xff, 0x7a, 0xce, 0xff, 0x7a, 0xce, 0xff, 0x7a, 0xce, 0xff,
    0x7a, 0xce, 0xff, 0x7a, 0xce, 0xff, 0x7a, 0xce, 0xff, 0x7a, 0xce, 0xff, 0x7a, 0xce, 0xff, 0x7a,
    0xce, 0xff, 0x7a, 0xce, 0xff, 0x7a, 0xce, 0xff, 0x7a, 0xce, 0xff, 0x7a, 0xce, 0xff, 0x7a, 0xce,
    0xff, 0x7a, 0xce, 0xff, 0x7a, 0xce, 0xff, 0x7a, 0xce, 0xff, 0x7a, 0xce, 0xff, 0x7a, 0xce, 0xff,
    0x7a, 0xce, 0xff, 0x7a, 0xce, 0xff, 0x7a, 0xce, 0xff, 0x7a, 0xce, 0xff, 0x7a, 0xce, 0xff, 0x7a,
    0xce, 0xff, 0x7a, 0xce, 0xff, 0x7a, 0xce, 0xff, 0x7a, 0xce, 0xff, 0x7a, 0xce, 0xff, 0x7a, 0xce,
    0xff, 0x7a, 0xce, 0xff, 0x7a, 0xce, 0xff, 0x7a, 0xce, 0xff, 0x7a, 0xce, 0xff, 0x7a, 0xce, 0xff,
    0x7a, 0xce, 0xff, 0x7a, 0xce, 0xff, 0x7a, 0xce, 0xff, 0x7a, 0xce, 0xff, 0x7a, 0xce, 0xff, 0x7a,
    0xce, 0xff, 0x7a, 0xce, 0xff, 0x7a, 0xce, 0xff, 0x7a, 0xce, 0xff, 0x7a, 0xce, 0xff, 0x7a, 0xce,
    0xff, 0x7a, 0xce, 0xff, 0x7a, 0xce, 0xff, 0x7a, 0xce, 0xff, 0x7a, 0xce, 0xff, 0x7a, 0xce, 0xff,
    0x7a, 0xce, 0xff, 0x7a, 0xce, 0xff, 0x7a, 0xce, 0xff, 0x7a, 0xce, 0xff, 0x7a, 0xce, 0xff, 0x7a,
    0xce, 0xff, 0x7a, 0xce, 0xff, 0x7a, 0xce, 0xff, 0x7a, 0xce, 0xff, 0x7a, 0xce, 0xff, 0x7a, 0xce,
    0xff, 0x7a, 0xce, 0xff, 0x7a, 0xce, 0xff, 0x7a, 0xce, 0xff, 0x7a, 0xce, 0xff, 0x7a, 0xce, 0xff,
    0x7a, 0xce, 0xff, 0x7a, 0xce, 0xff, 0x7a, 0xce, 0xff, 0x7a, 0xce, 0xff, 0x7a, 0xce, 0xff, 0x7a,
    0xce, 0xff, 0x7a, 0xce, 0xff, 0x5a, 0xc6, 0xff, 0x1d, 0xdf, 0xff, 0xdf, 0xff, 0xff, 0xbf, 0xf7,
    0xff, 0xbf, 0xf7, 0xff, 0xbf, 0xf7, 0xff, 0xbf, 0xf7, 0xff, 0xbf, 0xf7, 0xff, 0xbf, 0xf7, 0xff,
    0xbf, 0xf7, 0xff, 0xbf, 0xf7, 0xff, 0xbf, 0xf7, 0xff, 0xbf, 0xf7, 0xff, 0xbf, 0xf7, 0xff, 0xbf,
    0xf7, 0xff, 0xbf, 0xf7, 0xff, 0xbf, 0xf7, 0xff, 0xbf, 0xf7, 0xff, 0xbf, 0xf7, 0xff, 0xbf, 0xf7,
    0xff, 0xbf, 0xf7, 0xff, 0xbf, 0xf7, 0xff, 0xbf, 0xf7, 0xff, 0xbf, 0xf7, 0xff, 0xbf, 0xf7, 0xff,
    0xbf, 0xf7, 0xff, 0xbf, 0xf7, 0xff, 0xbf, 0xf7, 0xff, 0xbf, 0xf7, 0xff, 0xbf, 0xf7, 0xff, 0xbf,
    0xf7, 0xff, 0xbf, 0xf7, 0xff, 0xbf, 0xf7, 0xff, 0xbf, 0xf7, 0xff, 0xbf, 0xf7, 0xff, 0xbf, 0xf7,
    0xff, 0xbf, 0xf7, 0xff, 0xbf, 0xf7, 0xff, 0xbf, 0xf7, 0xff, 0xbf, 0xf7, 0xff, 0xbf, 0xf7, 0xff,
    0xbf, 0xf7, 0xff, 0xbf, 0xf7, 0xff, 0xbf, 0xf7, 0xff, 0xbf, 0xf7, 0xff, 0xbf, 0xf7, 0xff, 0xbf,
    0xf7, 0xff, 0xbf, 0xf7, 0xff, 0xbf, 0xf7, 0xff, 0xbf, 0xf7, 0xff, 0xbf, 0xf7, 0xff, 0xdf, 0xf7,
    0xff, 0x7e, 0xef, 0xff, 0x7a, 0xc6, 0xff, 0x7a, 0xce, 0xff, 0x7a, 0xce, 0xff, 0x7a, 0xce, 0xff,
    0x7a, 0xce, 0xff, 0x7a, 0xce, 0xff, 0x7a, 0xce, 0xff, 0x7a, 0xce, 0xff, 0x7a, 0xce, 0xff, 0x7a,
    0xce, 0xff, 0x7a, 0xce, 0xff, 0x7a, 0xce, 0xff, 0x7a, 0xce, 0xff, 0x7a, 0xce, 0xff, 0x7a, 0xce,
    0xff, 0x7a, 0xce, 0xff, 0x7a, 0xce, 0xff, 0x7a, 0xce, 0xff, 0x7a, 0xce, 0xff, 0x7a, 0xce, 0xff,
    0x7a, 0xce, 0xff, 0x7a, 0xce, 0xff, 0x7a, 0xce, 0xff, 0x7a, 0xce, 0xff, 0x7a, 0xce, 0xff, 0x7a,
    0xce, 0xff, 0x7a, 0xce, 0xff, 0x7a, 0xce, 0xff, 0x7a, 0xce, 0xff, 0x7a, 0xce, 0xff, 0x7a, 0xce,
    0xff, 0x7a, 0xce, 0xff, 0x7a, 0xce, 0xff, 0x7a, 0xce, 0xff, 0x7a, 0xce, 0xff, 0x7a, 0xce, 0xff,
    0x7a, 0xce, 0xff, 0x7a, 0xce, 0xff, 0x7a, 0xce, 0xff, 0x7a, 0xce, 0xff, 0x7a, 0xce, 0xff, 0x7a,
    0xce, 0xff, 0x7a, 0xce, 0xff, 0x7a, 0xce, 0xff, 0x7a, 0xce, 0xff, 0x7a, 0xce, 0xff, 0x7a, 0xce,
    0xff, 0x7a, 0xce, 0xff, 0x7a, 0xce, 0xff, 0x7a, 0xce, 0xff, 0x7a, 0xce, 0xff, 0x7a, 0xce, 0xff,
    0x7a, 0xce, 0xff, 0x7a, 0xce, 0xff, 0x7a, 0xce, 0xff, 0x7a, 0xce, 0xff, 0x7a, 0xce, 0xff, 0x7a,
    0xce, 0xff, 0x7a, 0xce, 0xff, 0x7a, 0xce, 0xff, 0x7a, 0xce, 0xff, 0x7a, 0xce, 0xff, 0x7a, 0xce,
    0xff, 0x7a, 0xce, 0xff, 0x7a, 0xce, 0xff, 0x7a, 0xce, 0xff, 0x7a, 0xce, 0xff, 0x7a, 0xce, 0xff,
    0x7a, 0xce, 0xff, 0x7a, 0xce, 0xff, 0x7a, 0xce, 0xff, 0x7a, 0xce, 0xff, 0x7a, 0xce, 0xff, 0x7a,
    0xce, 0xff, 0x7a, 0xce, 0xff, 0x7a, 0xce, 0xff, 0x7a, 0xce, 0xff, 0x7a, 0xce, 0xff, 0x7a, 0xce,
    0xff, 0x7a, 0xce, 0xff, 0x7a, 0xce, 0xff, 0x7a, 0xce, 0xff, 0x7a, 0xce, 0xff, 0x7a, 0xce, 0xff,
    0x7a, 0xce, 0xff, 0x7a, 0xce, 0xff, 0x7a, 0xce, 0xff, 0x7a, 0xce, 0xff, 0x7a, 0xce, 0xff, 0x7a,
    0xce, 0xff, 0x7a, 0xce, 0xff, 0x7a, 0xce, 0xff, 0x7a, 0xce, 0xff, 0x7a, 0xce, 0xff, 0x7a, 0xce,
    0xff, 0x7a, 0xce, 0xff, 0x7a, 0xce, 0xff, 0x7a, 0xce, 0xff, 0x7a, 0xce, 0xff, 0x7a, 0xce, 0xff,
    0x7a, 0xce, 0xff, 0x7a, 0xce, 0xff, 0x7a, 0xce, 0xff, 0x7a, 0xce, 0xff, 0x7a, 0xce, 0xff, 0x7a,
    0xce, 0xff, 0x7a, 0xce, 0xff, 0x7a, 0xce, 0xff, 0x7a, 0xce, 0xff, 0x7a, 0xce, 0xff, 0x7a, 0xce,
    0xff, 0x7a, 0xce, 0xff, 0x7a, 0xce, 0xff, 0x7a, 0xce, 0xff, 0x7a, 0xce, 0xff, 0x7a, 0xce, 0xff,
    0x7a, 0xce, 0xff, 0x7a, 0xce, 0xff, 0x7a, 0xce, 0xff, 0x7a, 0xce, 0xff, 0x7a, 0xce, 0xff, 0x7a,
    0xce, 0xff, 0x7a, 0xce, 0xff, 0x7a, 0xce, 0xff, 0x7a, 0xce, 0xff, 0x7a, 0xce, 0xff, 0x7a, 0xc6,
    0xff, 0x7a, 0xce, 0xff, 0x9e, 0xef, 0xff, 0xdf, 0xf7, 0xff, 0xbf, 0xf7, 0xff, 0xbf, 0xf7, 0xff,
    0xbf, 0xf7, 0xff, 0xbf, 0xf7, 0xff, 0xbf, 0xf7, 0xff, 0xbf, 0xf7, 0xff, 0xbf, 0xf7, 0xff, 0xbf,
    0xf7, 0xff, 0xbf, 0xf7, 0xff, 0xbf, 0xf7, 0xff, 0xbf, 0xf7, 0xff, 0xbf, 0xf7, 0xff, 0xbf, 0xf7,
    0xff, 0xbf, 0xf7, 0xff, 0xbf, 0xf7, 0xff, 0xbf, 0xf7, 0xff, 0xbf, 0xf7, 0xff, 0xbf, 0xf7, 0xff,
    0xbf, 0xf7, 0xff, 0xbf, 0xf7, 0xff, 0xbf, 0xf7, 0xff, 0xbf, 0xf7, 0xff, 0xbf, 0xf7, 0xff, 0xbf,
    0xf7, 0xff, 0xbf, 0xf7, 0xff, 0xbf, 0xf7, 0xff, 0xbf, 0xf7, 0xff, 0xbf, 0xf7, 0xff, 0xbf, 0xf7,
    0xff, 0xbf, 0xf7, 0xff, 0xbf, 0xf7, 0xff, 0xbf, 0xf7, 0xff, 0xbf, 0xf7, 0xff, 0xbf, 0xf7, 0xff,
    0xbf, 0xf7, 0xff, 0xbf, 0xf7, 0xff, 0xbf, 0xf7, 0xff, 0xbf, 0xf7, 0xff, 0xbf, 0xf7, 0xff, 0xbf,
    0xf7, 0xff, 0xbf, 0xf7, 0xff, 0xbf, 0xf7, 0xff, 0xbf, 0xf7, 0xff, 0xbf, 0xf7, 0xff, 0xbf, 0xf7,
    0xff, 0xbf, 0xf7, 0xff, 0xbf, 0xf7, 0xff, 0xbf, 0xf7, 0xff, 0xbf, 0xf7, 0xff, 0xbf, 0xf7, 0xff,
    0xbb, 0xd6, 0xff, 0x7a, 0xc6, 0xff, 0x7a, 0xce, 0xff, 0x7a, 0xce, 0xff, 0x7a, 0xce, 0xff, 0x7a,
    0xce, 0xff, 0x7a, 0xce, 0xff, 0x7a, 0xce, 0xff, 0x7a, 0xce, 0xff, 0x7a, 0xce, 0xff, 0x7a, 0xce,
    0xff, 0x7a, 0xce, 0xff, 0x7a, 0xce, 0xff, 0x7a, 0xce, 0xff, 0x7a, 0xce, 0xff, 0x7a, 0xce, 0xff,
    0x7a, 0xce, 0xff, 0x7a, 0xce, 0xff, 0x7a, 0xce, 0xff, 0x7a, 0xce, 0xff, 0x7a, 0xce, 0xff, 0x7a,
    0xce, 0xff, 0x7a, 0xce, 0xff, 0x7a, 0xce, 0xff, 0x7a, 0xce, 0xff, 0x7a, 0xce, 0xff, 0x7a, 0xce,
    0xff, 0x7a, 0xce, 0xff, 0x7a, 0xce, 0xff, 0x7a, 0xce, 0xff, 0x7a, 0xce, 0xff, 0x7a, 0xce, 0xff,
    0x7a, 0xce, 0xff, 0x7a, 0xce, 0xff, 0x7a, 0xce, 0xff, 0x7a, 0xce, 0xff, 0x7a, 0xce, 0xff, 0x7a,
    0xce, 0xff, 0x7a, 0xce, 0xff, 0x7a, 0xce, 0xff, 0x7a, 0xce, 0xff, 0x7a, 0xce, 0xff, 0x7a, 0xce,
    0xff, 0x7a, 0xce, 0xff, 0x7a, 0xce, 0xff, 0x7a, 0xce, 0xff, 0x7a, 0xce, 0xff, 0x7a, 0xce, 0xff,
    0x7a, 0xce, 0xff, 0x7a, 0xce, 0xff, 0x7a, 0xce, 0xff, 0x7a, 0xce, 0xff, 0x7a, 0xce, 0xff, 0x7a,
    0xce, 0xff, 0x7a, 0xce, 0xff, 0x7a, 0xce, 0xff, 0x7a, 0xce, 0xff, 0x7a, 0xce, 0xff, 0x7a, 0xce,
    0xff, 0x7a, 0xce, 0xff, 0x7a, 0xce, 0xff, 0x7a, 0xce, 0xff, 0x7a, 0xce, 0xff, 0x7a, 0xce, 0xff,
    0x7a, 0xce, 0xff, 0x7a, 0xce, 0xff, 0x7a, 0xce, 0xff, 0x7a, 0xce, 0xff, 0x7a, 0xce, 0xff, 0x7a,
    0xce, 0xff, 0x7a, 0xce, 0xff, 0x7a, 0xce, 0xff, 0x7a, 0xce, 0xff, 0x7a, 0xce, 0xff, 0x7a, 0xce,
    0xff, 0x7a, 0xce, 0xff, 0x7a, 0xce, 0xff, 0x7a, 0xce, 0xff, 0x7a, 0xce, 0xff, 0x7a, 0xce, 0xff,
    0x7a, 0xce, 0xff, 0x7a, 0xce, 0xff, 0x7a, 0xce, 0xff, 0x7a, 0xce, 0xff, 0x7a, 0xce, 0xff, 0x7a,
    0xce, 0xff, 0x7a, 0xce, 0xff, 0x7a, 0xce, 0xff, 0x7a, 0xce, 0xff, 0x7a, 0xce, 0xff, 0x7a, 0xce,
    0xff, 0x7a, 0xce, 0xff, 0x7a, 0xce, 0xff, 0x7a, 0xce, 0xff, 0x7a, 0xce, 0xff, 0x7a, 0xce, 0xff,
    0x7a, 0xce, 0xff, 0x7a, 0xce, 0xff, 0x7a, 0xce, 0xff, 0x7a, 0xce, 0xff, 0x7a, 0xce, 0xff, 0x7a,
    0xce, 0xff, 0x7a, 0xce, 0xff, 0x7a, 0xce, 0xff, 0x7a, 0xce, 0xff, 0x7a, 0xce, 0xff, 0x7a, 0xce,
    0xff, 0x7a, 0xce, 0xff, 0x7a, 0xce, 0xff, 0x7a, 0xce, 0xff, 0x7a, 0xce, 0xff, 0x7a, 0xce, 0xff,
    0x7a, 0xce, 0xff, 0x7a, 0xce, 0xff, 0x7a, 0xce, 0xff, 0x7a, 0xce, 0xff, 0x7a, 0xce, 0xff, 0x7a,
    0xce, 0xff, 0x7a, 0xce, 0xff, 0x7a, 0xce, 0xff, 0x7a, 0xce, 0xff, 0x7a, 0xce, 0xff, 0x7a, 0xce,
    0xff, 0x7a, 0xce, 0xff, 0x7a, 0xce, 0xff, 0x7a, 0xce, 0xff, 0x7a, 0xc6, 0xff, 0xdc, 0xd6, 0xff,
    0xdf, 0xf7, 0xff, 0xbf, 0xf7, 0xff, 0xbf, 0xf7, 0xff, 0xbf, 0xf7, 0xff, 0xbf, 0xf7, 0xff, 0xbf,
    0xf7, 0xff, 0xbf, 0xf7, 0xff, 0xbf, 0xf7, 0xff, 0xbf, 0xf7, 0xff, 0xbf, 0xf7, 0xff, 0xbf, 0xf7,
    0xff, 0xbf, 0xf7, 0xff, 0xbf, 0xf7, 0xff, 0xbf, 0xf7, 0xff, 0xbf, 0xf7, 0xff, 0xbf, 0xf7, 0xff,
    0xbf, 0xf7, 0xff, 0xbf, 0xf7, 0xff, 0xbf, 0xf7, 0xff, 0xbf, 0xf7, 0xff, 0xbf, 0xf7, 0xff, 0xbf,
    0xf7, 0xff, 0xbf, 0xf7, 0xff, 0xbf, 0xf7, 0xff, 0xbf, 0xf7, 0xff, 0xbf, 0xf7, 0xff, 0xbf, 0xf7,
    0xff, 0xbf, 0xf7, 0xff, 0xbf, 0xf7, 0xff, 0xbf, 0xf7, 0xff, 0xbf, 0xf7, 0xff, 0xbf, 0xf7, 0xff,
    0xbf, 0xf7, 0xff, 0xbf, 0xf7, 0xff, 0xbf, 0xf7, 0xff, 0xbf, 0xf7, 0xff, 0xbf, 0xf7, 0xff, 0xbf,
    0xf7, 0xff, 0xbf, 0xf7, 0xff, 0xbf, 0xf7, 0xff, 0xbf, 0xf7, 0xff, 0xbf, 0xf7, 0xff, 0xbf, 0xf7,
    0xff, 0xbf, 0xf7, 0xff, 0xbf, 0xf7, 0xff, 0xbf, 0xf7, 0xff, 0xbf, 0xf7, 0xff, 0xbf, 0xf7, 0xff,
    0xbf, 0xf7, 0xff, 0xbf, 0xf7, 0xff, 0xbf, 0xf7, 0xff, 0xdf, 0xff, 0xff, 0x3d, 0xe7, 0xff, 0x5a,
    0xc6, 0xff, 0x7a, 0xce, 0xff, 0x7a, 0xce, 0xff, 0x7a, 0xce, 0xff, 0x7a, 0xce, 0xff, 0x7a, 0xce,
    0xff, 0x7a, 0xce, 0xff, 0x7a, 0xce, 0xff, 0x7a, 0xce, 0xff, 0x7a, 0xce, 0xff, 0x7a, 0xce, 0xff,
    0x7a, 0xce, 0xff, 0x7a, 0xce, 0xff, 0x7a, 0xce, 0xff, 0x7a, 0xce, 0xff, 0x7a, 0xce, 0xff, 0x7a,
    0xce, 0xff, 0x7a, 0xce, 0xff, 0x7a, 0xce, 0xff, 0x7a, 0xce, 0xff, 0x7a, 0xce, 0xff, 0x7a, 0xce,
    0xff, 0x7a, 0xce, 0xff, 0x7a, 0xce, 0xff, 0x7a, 0xce, 0xff, 0x7a, 0xce, 0xff, 0x7a, 0xce, 0xff,
    0x7a, 0xce, 0xff, 0x7a, 0xce, 0xff, 0x7a, 0xce, 0xff, 0x7a, 0xce, 0xff, 0x7a, 0xce, 0xff, 0x7a,
    0xce, 0xff, 0x7a, 0xce, 0xff, 0x7a, 0xce, 0xff, 0x7a, 0xce, 0xff, 0x7a, 0xce, 0xff, 0x7a, 0xce,
    0xff, 0x7a, 0xce, 0xff, 0x7a, 0xce, 0xff, 0x7a, 0xce, 0xff, 0x7a, 0xce, 0xff, 0x7a, 0xce, 0xff,
    0x7a, 0xce, 0xff, 0x7a, 0xce, 0xff, 0x7a, 0xce, 0xff, 0x7a, 0xce, 0xff, 0x7a, 0xce, 0xff, 0x7a,
    0xce, 0xff, 0x7a, 0xce, 0xff, 0x7a, 0xce, 0xff, 0x7a, 0xce, 0xff, 0x7a, 0xce, 0xff, 0x7a, 0xce,
    0xff, 0x7a, 0xce, 0xff, 0x7a, 0xce, 0xff, 0x7a, 0xce, 0xff, 0x7a, 0xce, 0xff, 0x7a, 0xce, 0xff,
    0x7a, 0xce, 0xff, 0x7a, 0xce, 0xff, 0x7a, 0xce, 0xff, 0x7a, 0xce, 0xff, 0x7a, 0xce, 0xff, 0x7a,
    0xce, 0xff, 0x7a, 0xce, 0xff, 0x7a, 0xce, 0xff, 0x7a, 0xce, 0xff, 0x7a, 0xce, 0xff, 0x7a, 0xce,
    0xff, 0x7a, 0xce, 0xff, 0x7a, 0xce, 0xff, 0x7a, 0xce, 0xff, 0x7a, 0xce, 0xff, 0x7a, 0xce, 0xff,
    0x7a, 0xce, 0xff, 0x7a, 0xce, 0xff, 0x7a, 0xce, 0xff, 0x7a, 0xce, 0xff, 0x7a, 0xce, 0xff, 0x7a,
    0xce, 0xff, 0x7a, 0xce, 0xff, 0x7a, 0xce, 0xff, 0x7a, 0xce, 0xff, 0x7a, 0xce, 0xff, 0x7a, 0xce,
    0xff, 0x7a, 0xce, 0xff, 0x7a, 0xce, 0xff, 0x7a, 0xce, 0xff, 0x7a, 0xce, 0xff, 0x7a, 0xce, 0xff,
    0x7a, 0xce, 0xff, 0x7a, 0xce, 0xff, 0x7a, 0xce, 0xff, 0x7a, 0xce, 0xff, 0x7a, 0xce, 0xff, 0x7a,
    0xce, 0xff, 0x7a, 0xce, 0xff, 0x7a, 0xce, 0xff, 0x7a, 0xce, 0xff, 0x7a, 0xce, 0xff, 0x7a, 0xce,
    0xff, 0x7a, 0xce, 0xff, 0x7a, 0xce, 0xff, 0x7a, 0xce, 0xff, 0x7a, 0xce, 0xff, 0x7a, 0xce, 0xff,
    0x7a, 0xce, 0xff, 0x7a, 0xce, 0xff, 0x7a, 0xce, 0xff, 0x7a, 0xce, 0xff, 0x7a, 0xce, 0xff, 0x7a,
    0xce, 0xff, 0x7a, 0xce, 0xff, 0x7a, 0xce, 0xff, 0x7a, 0xce, 0xff, 0x7a, 0xce, 0xff, 0x7a, 0xce,
    0xff, 0x7a, 0xce, 0xff, 0x7a, 0xce, 0xff, 0x7a, 0xce, 0xff, 0x7a, 0xce, 0xff, 0x7a, 0xce, 0xff,
    0x7a, 0xce, 0xff, 0x7a, 0xce, 0xff, 0x5a, 0xc6, 0xff, 0x5d, 0xe7, 0xff, 0xdf, 0xff, 0xff, 0xbf,
    0xf7, 0xff, 0xbf, 0xf7, 0xff, 0xbf, 0xf7, 0xff, 0xbf, 0xf7, 0xff, 0xbf, 0xf7, 0xff, 0xbf, 0xf7,
    0xff, 0xbf, 0xf7, 0xff, 0xbf, 0xf7, 0xff, 0xbf, 0xf7, 0xff, 0xbf, 0xf7, 0xff, 0xbf, 0xf7, 0xff,
    0xbf, 0xf7, 0xff, 0xbf, 0xf7, 0xff, 0xbf, 0xf7, 0xff, 0xbf, 0xf7, 0xff, 0xbf, 0xf7, 0xff, 0xbf,
    0xf7, 0xff, 0xbf, 0xf7, 0xff, 0xbf, 0xf7, 0xff, 0xbf, 0xf7, 0xff, 0xbf, 0xf7, 0xff, 0xbf, 0xf7,
    0xff, 0xbf, 0xf7, 0xff, 0xbf, 0xf7, 0xff, 0xbf, 0xf7, 0xff, 0xbf, 0xf7, 0xff, 0xbf, 0xf7, 0xff,
    0xbf, 0xf7, 0xff, 0xbf, 0xf7, 0xff, 0xbf, 0xf7, 0xff, 0xbf, 0xf7, 0xff, 0xbf, 0xf7, 0xff, 0xbf,
    0xf7, 0xff, 0xbf, 0xf7, 0xff, 0xbf, 0xf7, 0xff, 0xbf, 0xf7, 0xff, 0xbf, 0xf7, 0xff, 0xbf, 0xf7,
    0xff, 0xbf, 0xf7, 0xff, 0xbf, 0xf7, 0xff, 0xbf, 0xf7, 0xff, 0xbf, 0xf7, 0xff, 0xbf, 0xf7, 0xff,
    0xbf, 0xf7, 0xff, 0xbf, 0xf7, 0xff, 0xbf, 0xf7, 0xff, 0xbf, 0xf7, 0xff, 0xbf, 0xf7, 0xff, 0xbf,
    0xf7, 0xff, 0xbf, 0xf7, 0xff, 0xdf, 0xf7, 0xff, 0x9e, 0xef, 0xff, 0x7a, 0xce, 0xff, 0x7a, 0xc6,
    0xff, 0x7a, 0xce, 0xff, 0x7a, 0xce, 0xff, 0x7a, 0xce, 0xff, 0x7a, 0xce, 0xff, 0x7a, 0xce, 0xff,
    0x7a, 0xce, 0xff, 0x7a, 0xce, 0xff, 0x7a, 0xce, 0xff, 0x7a, 0xce, 0xff, 0x7a, 0xce, 0xff, 0x7a,
    0xce, 0xff, 0x7a, 0xce, 0xff, 0x7a, 0xce, 0xff, 0x7a, 0xce, 0xff, 0x7a, 0xce, 0xff, 0x7a, 0xce,
    0xff, 0x7a, 0xce, 0xff, 0x7a, 0xce, 0xff, 0x7a, 0xce, 0xff, 0x7a, 0xce, 0xff, 0x7a, 0xce, 0xff,
    0x7a, 0xce, 0xff, 0x7a, 0xce, 0xff, 0x7a, 0xce, 0xff, 0x7a, 0xce, 0xff, 0x7a, 0xce, 0xff, 0x7a,
    0xce, 0xff, 0x7a, 0xce, 0xff, 0x7a, 0xce, 0xff, 0x7a, 0xce, 0xff, 0x7a, 0xce, 0xff, 0x7a, 0xce,
    0xff, 0x7a, 0xce, 0xff, 0x7a, 0xce, 0xff, 0x7a, 0xce, 0xff, 0x7a, 0xce, 0xff, 0x7a, 0xce, 0xff,
    0x7a, 0xce, 0xff, 0x7a, 0xce, 0xff, 0x7a, 0xce, 0xff, 0x7a, 0xce, 0xff, 0x7a, 0xce, 0xff, 0x7a,
    0xce, 0xff, 0x7a, 0xce, 0xff, 0x7a, 0xce, 0xff, 0x7a, 0xce, 0xff, 0x7a, 0xce, 0xff, 0x7a, 0xce,
    0xff, 0x7a, 0xce, 0xff, 0x7a, 0xce, 0xff, 0x7a, 0xce, 0xff, 0x7a, 0xce, 0xff, 0x7a, 0xce, 0xff,
    0x7a, 0xce, 0xff, 0x7a, 0xce, 0xff, 0x7a, 0xce, 0xff, 0x7a, 0xce, 0xff, 0x7a, 0xce, 0xff, 0x7a,
    0xce, 0xff, 0x7a, 0xce, 0xff, 0x7a, 0xce, 0xff, 0x7a, 0xce, 0xff, 0x7a, 0xce, 0xff, 0x7a, 0xce,
    0xff, 0x7a, 0xce, 0xff, 0x7a, 0xce, 0xff, 0x7a, 0xce, 0xff, 0x7a, 0xce, 0xff, 0x7a, 0xce, 0xff,
    0x7a, 0xce, 0xff, 0x7a, 0xce, 0xff, 0x7a, 0xce, 0xff, 0x7a, 0xce, 0xff, 0x7a, 0xce, 0xff, 0x7a,
    0xce, 0xff, 0x7a, 0xce, 0xff, 0x7a, 0xce, 0xff, 0x7a, 0xce, 0xff, 0x7a, 0xce, 0xff, 0x7a, 0xce,
    0xff, 0x7a, 0xce, 0xff, 0x7a, 0xce, 0xff, 0x7a, 0xce, 0xff, 0x7a, 0xce, 0xff, 0x7a, 0xce, 0xff,
    0x7a, 0xce, 0xff, 0x7a, 0xce, 0xff, 0x7a, 0xce, 0xff, 0x7a, 0xce, 0xff, 0x7a, 0xce, 0xff, 0x7a,
    0xce, 0xff, 0x7a, 0xce, 0xff, 0x7a, 0xce, 0xff, 0x7a, 0xce, 0xff, 0x7a, 0xce, 0xff, 0x7a, 0xce,
    0xff, 0x7a, 0xce, 0xff, 0x7a, 0xce, 0xff, 0x7a, 0xce, 0xff, 0x7a, 0xce, 0xff, 0x7a, 0xce, 0xff,
    0x7a, 0xce, 0xff, 0x7a, 0xce, 0xff, 0x7a, 0xce, 0xff, 0x7a, 0xce, 0xff, 0x7a, 0xce, 0xff, 0x7a,
    0xce, 0xff, 0x7a, 0xce, 0xff, 0x7a, 0xce, 0xff, 0x7a, 0xce, 0xff, 0x7a, 0xce, 0xff, 0x7a, 0xce,
    0xff, 0x7a, 0xce, 0xff, 0x7a, 0xce, 0xff, 0x7a, 0xce, 0xff, 0x7a, 0xce, 0xff, 0x7a, 0xce, 0xff,
    0x7a, 0xce, 0xff, 0x7a, 0xce, 0xff, 0x7a, 0xce, 0xff, 0x7a, 0xce, 0xff, 0x7a, 0xce, 0xff, 0x7a,
    0xc6, 0xff, 0x9a, 0xce, 0xff, 0x9e, 0xf7, 0xff, 0xdf, 0xf7, 0xff, 0xbf, 0xf7, 0xff, 0xbf, 0xf7,
    0xff, 0xbf, 0xf7, 0xff, 0xbf, 0xf7, 0xff, 0xbf, 0xf7, 0xff, 0xbf, 0xf7, 0xff, 0xbf, 0xf7, 0xff,
    0xbf, 0xf7, 0xff, 0xbf, 0xf7, 0xff, 0xbf, 0xf7, 0xff, 0xbf, 0xf7, 0xff, 0xbf, 0xf7, 0xff, 0xbf,
    0xf7, 0xff, 0xbf, 0xf7, 0xff, 0xbf, 0xf7, 0xff, 0xbf, 0xf7, 0xff, 0xbf, 0xf7, 0xff, 0xbf, 0xf7,
    0xff, 0xbf, 0xf7, 0xff, 0xbf, 0xf7, 0xff, 0xbf, 0xf7, 0xff, 0xbf, 0xf7, 0xff, 0xbf, 0xf7, 0xff,
    0xbf, 0xf7, 0xff, 0xbf, 0xf7, 0xff, 0xbf, 0xf7, 0xff, 0xbf, 0xf7, 0xff, 0xbf, 0xf7, 0xff, 0xbf,
    0xf7, 0xff, 0xbf, 0xf7, 0xff, 0xbf, 0xf7, 0xff, 0xbf, 0xf7, 0xff, 0xbf, 0xf7, 0xff, 0xbf, 0xf7,
    0xff, 0xbf, 0xf7, 0xff, 0xbf, 0xf7, 0xff, 0xbf, 0xf7, 0xff, 0xbf, 0xf7, 0xff, 0xbf, 0xf7, 0xff,
    0xbf, 0xf7, 0xff, 0xbf, 0xf7, 0xff, 0xbf, 0xf7, 0xff, 0xbf, 0xf7, 0xff, 0xbf, 0xf7, 0xff, 0xbf,
    0xf7, 0xff, 0xbf, 0xf7, 0xff, 0xbf, 0xf7, 0xff, 0xbf, 0xf7, 0xff, 0xbf, 0xf7, 0xff, 0xbf, 0xf7,
    0xff, 0xbf, 0xf7, 0xff, 0xdf, 0xf7, 0xff, 0xbb, 0xd6, 0xff, 0x7a, 0xc6, 0xff, 0x7a, 0xce, 0xff,
    0x7a, 0xce, 0xff, 0x7a, 0xce, 0xff, 0x7a, 0xce, 0xff, 0x7a, 0xce, 0xff, 0x7a, 0xce, 0xff, 0x7a,
    0xce, 0xff, 0x7a, 0xce, 0xff, 0x7a, 0xce, 0xff, 0x7a, 0xce, 0xff, 0x7a, 0xce, 0xff, 0x7a, 0xce,
    0xff, 0x7a, 0xce, 0xff, 0x7a, 0xce, 0xff, 0x7a, 0xce, 0xff, 0x7a, 0xce, 0xff, 0x7a, 0xce, 0xff,
    0x7a, 0xce, 0xff, 0x7a, 0xce, 0xff, 0x7a, 0xce, 0xff, 0x7a, 0xce, 0xff, 0x7a, 0xce, 0xff, 0x7a,
    0xce, 0xff, 0x7a, 0xce, 0xff, 0x7a, 0xce, 0xff, 0x7a, 0xce, 0xff, 0x7a, 0xce, 0xff, 0x7a, 0xce,
    0xff, 0x7a, 0xce, 0xff, 0x7a, 0xce, 0xff, 0x7a, 0xce, 0xff, 0x7a, 0xce, 0xff, 0x7a, 0xce, 0xff,
    0x7a, 0xce, 0xff, 0x7a, 0xce, 0xff, 0x7a, 0xce, 0xff, 0x7a, 0xce, 0xff, 0x7a, 0xce, 0xff, 0x7a,
    0xce, 0xff, 0x7a, 0xce, 0xff, 0x7a, 0xce, 0xff, 0x7a, 0xce, 0xff, 0x7a, 0xce, 0xff, 0x7a, 0xce,
    0xff, 0x7a, 0xce, 0xff, 0x7a, 0xce, 0xff, 0x7a, 0xce, 0xff, 0x7a, 0xce, 0xff, 0x7a, 0xce, 0xff,
    0x7a, 0xce, 0xff, 0x7a, 0xce, 0xff, 0x7a, 0xce, 0xff, 0x7a, 0xce, 0xff, 0x7a, 0xce, 0xff, 0x7a,
    0xce, 0xff, 0x7a, 0xce, 0xff, 0x7a, 0xce, 0xff, 0x7a, 0xce, 0xff, 0x7a, 0xce, 0xff, 0x7a, 0xce,
    0xff, 0x7a, 0xce, 0xff, 0x7a, 0xce, 0xff, 0x7a, 0xce, 0xff, 0x7a, 0xce, 0xff, 0x7a, 0xce, 0xff,
    0x7a, 0xce, 0xff, 0x7a, 0xce, 0xff, 0x7a, 0xce, 0xff, 0x7a, 0xce, 0xff, 0x7a, 0xce, 0xff, 0x7a,
    0xce, 0xff, 0x7a, 0xce, 0xff, 0x7a, 0xce, 0xff, 0x7a, 0xce, 0xff, 0x7a, 0xce, 0xff, 0x7a, 0xce,
    0xff, 0x7a, 0xce, 0xff, 0x7a, 0xce, 0xff, 0x7a, 0xce, 0xff, 0x7a, 0xce, 0xff, 0x7a, 0xce, 0xff,
    0x7a, 0xce, 0xff, 0x7a, 0xce, 0xff, 0x7a, 0xce, 0xff, 0x7a, 0xce, 0xff, 0x7a, 0xce, 0xff, 0x7a,
    0xce, 0xff, 0x7a, 0xce, 0xff, 0x7a, 0xce, 0xff, 0x7a, 0xce, 0xff, 0x7a, 0xce, 0xff, 0x7a, 0xce,
    0xff, 0x7a, 0xce, 0xff, 0x7a, 0xce, 0xff, 0x7a, 0xce, 0xff, 0x7a, 0xce, 0xff, 0x7a, 0xce, 0xff,
    0x7a, 0xce, 0xff, 0x7a, 0xce, 0xff, 0x7a, 0xce, 0xff, 0x7a, 0xce, 0xff, 0x7a, 0xce, 0xff, 0x7a,
    0xce, 0xff, 0x7a, 0xce, 0xff, 0x7a, 0xce, 0xff, 0x7a, 0xce, 0xff, 0x7a, 0xce, 0xff, 0x7a, 0xce,
    0xff, 0x7a, 0xce, 0xff, 0x7a, 0xce, 0xff, 0x7a, 0xce, 0xff, 0x7a, 0xce, 0xff, 0x7a, 0xce, 0xff,
    0x7a, 0xce, 0xff, 0x7a, 0xce, 0xff, 0x7a, 0xce, 0xff, 0x7a, 0xce, 0xff, 0x7a, 0xce, 0xff, 0x7a,
    0xce, 0xff, 0x7a, 0xce, 0xff, 0x7a, 0xce, 0xff, 0x7a, 0xce, 0xff, 0x7a, 0xc6, 0xff, 0xbb, 0xd6,
    0xff, 0xdf, 0xf7, 0xff, 0xbf, 0xf7, 0xff, 0xbf, 0xf7, 0xff, 0xbf, 0xf7, 0xff, 0xbf, 0xf7, 0xff,
    0xbf, 0xf7, 0xff, 0xbf, 0xf7, 0xff, 0xbf, 0xf7, 0xff, 0xbf, 0xf7, 0xff, 0xbf, 0xf7, 0xff, 0xbf,
    0xf7, 0xff, 0xbf, 0xf7, 0xff, 0xbf, 0xf7, 0xff, 0xbf, 0xf7, 0xff, 0xbf, 0xf7, 0xff, 0xbf, 0xf7,
    0xff, 0xbf, 0xf7, 0xff, 0xbf, 0xf7, 0xff, 0xbf, 0xf7, 0xff, 0xbf, 0xf7, 0xff, 0xbf, 0xf7, 0xff,
    0xbf, 0xf7, 0xff, 0xbf, 0xf7, 0xff, 0xbf, 0xf7, 0xff, 0xbf, 0xf7, 0xff, 0xbf, 0xf7, 0xff, 0xbf,
    0xf7, 0xff, 0xbf, 0xf7, 0xff, 0xbf, 0xf7, 0xff, 0xbf, 0xf7, 0xff, 0xbf, 0xf7, 0xff, 0xbf, 0xf7,
    0xff, 0xbf, 0xf7, 0xff, 0xbf, 0xf7, 0xff, 0xbf, 0xf7, 0xff, 0xbf, 0xf7, 0xff, 0xbf, 0xf7, 0xff,
    0xbf, 0xf7, 0xff, 0xbf, 0xf7, 0xff, 0xbf, 0xf7, 0xff, 0xbf, 0xf7, 0xff, 0xbf, 0xf7, 0xff, 0xbf,
    0xf7, 0xff, 0xbf, 0xf7, 0xff, 0xbf, 0xf7, 0xff, 0xbf, 0xf7, 0xff, 0xbf, 0xf7, 0xff, 0xbf, 0xf7,
    0xff, 0xbf, 0xf7, 0xff, 0xbf, 0xf7, 0xff, 0xbf, 0xf7, 0xff, 0xbf, 0xf7, 0xff, 0xbf, 0xf7, 0xff,
    0xdf, 0xff, 0xff, 0x1c, 0xdf, 0xff, 0x5a, 0xc6, 0xff, 0x7a, 0xce, 0xff, 0x7a, 0xce, 0xff, 0x7a,
    0xce, 0xff, 0x7a, 0xce, 0xff, 0x7a, 0xce, 0xff, 0x7a, 0xce, 0xff, 0x7a, 0xce, 0xff, 0x7a, 0xce,
    0xff, 0x7a, 0xce, 0xff, 0x7a, 0xce, 0xff, 0x7a, 0xce, 0xff, 0x7a, 0xce, 0xff, 0x7a, 0xce, 0xff,
    0x7a, 0xce, 0xff, 0x7a, 0xce, 0xff, 0x7a, 0xce, 0xff, 0x7a, 0xce, 0xff, 0x7a, 0xce, 0xff, 0x7a,
    0xce, 0xff, 0x7a, 0xce, 0xff, 0x7a, 0xce, 0xff, 0x7a, 0xce, 0xff, 0x7a, 0xce, 0xff, 0x7a, 0xce,
    0xff, 0x7a, 0xce, 0xff, 0x7a, 0xce, 0xff, 0x7a, 0xce, 0xff, 0x7a, 0xce, 0xff, 0x7a, 0xce, 0xff,
    0x7a, 0xce, 0xff, 0x7a, 0xce, 0xff, 0x7a, 0xce, 0xff, 0x7a, 0xce, 0xff, 0x7a, 0xce, 0xff, 0x7a,
    0xce, 0xff, 0x7a, 0xce, 0xff, 0x7a, 0xce, 0xff, 0x7a, 0xce, 0xff, 0x7a, 0xce, 0xff, 0x7a, 0xce,
    0xff, 0x7a, 0xce, 0xff, 0x7a, 0xce, 0xff, 0x7a, 0xce, 0xff, 0x7a, 0xce, 0xff, 0x7a, 0xce, 0xff,
    0x7a, 0xce, 0xff, 0x7a, 0xce, 0xff, 0x7a, 0xce, 0xff, 0x7a, 0xce, 0xff, 0x7a, 0xce, 0xff, 0x7a,
    0xce, 0xff, 0x7a, 0xce, 0xff, 0x7a, 0xce, 0xff, 0x7a, 0xce, 0xff, 0x7a, 0xce, 0xff, 0x7a, 0xce,
    0xff, 0x7a, 0xce, 0xff, 0x7a, 0xce, 0xff, 0x7a, 0xce, 0xff, 0x7a, 0xce, 0xff, 0x7a, 0xce, 0xff,
    0x7a, 0xce, 0xff, 0x7a, 0xce, 0xff, 0x7a, 0xce, 0xff, 0x7a, 0xce, 0xff, 0x7a, 0xce, 0xff, 0x7a,
    0xce, 0xff, 0x7a, 0xce, 0xff, 0x7a, 0xce, 0xff, 0x7a, 0xce, 0xff, 0x7a, 0xce, 0xff, 0x7a, 0xce,
    0xff, 0x7a, 0xce, 0xff, 0x7a, 0xce, 0xff, 0x7a, 0xce, 0xff, 0x7a, 0xce, 0xff, 0x7a, 0xce, 0xff,
    0x7a, 0xce, 0xff, 0x7a, 0xce, 0xff, 0x7a, 0xce, 0xff, 0x7a, 0xce, 0xff, 0x7a, 0xce, 0xff, 0x7a,
    0xce, 0xff, 0x7a, 0xce, 0xff, 0x7a, 0xce, 0xff, 0x7a, 0xce, 0xff, 0x7a, 0xce, 0xff, 0x7a, 0xce,
    0xff, 0x7a, 0xce, 0xff, 0x7a, 0xce, 0xff, 0x7a, 0xce, 0xff, 0x7a, 0xce, 0xff, 0x7a, 0xce, 0xff,
    0x7a, 0xce, 0xff, 0x7a, 0xce, 0xff, 0x7a, 0xce, 0xff, 0x7a, 0xce, 0xff, 0x7a, 0xce, 0xff, 0x7a,
    0xce, 0xff, 0x7a, 0xce, 0xff, 0x7a, 0xce, 0xff, 0x7a, 0xce, 0xff, 0x7a, 0xce, 0xff, 0x7a, 0xce,
    0xff, 0x7a, 0xce, 0xff, 0x7a, 0xce, 0xff, 0x7a, 0xce, 0xff, 0x7a, 0xce, 0xff, 0x7a, 0xce, 0xff,
    0x7a, 0xce, 0xff, 0x7a, 0xce, 0xff, 0x7a, 0xce, 0xff, 0x7a, 0xce, 0xff, 0x7a, 0xce, 0xff, 0x7a,
    0xce, 0xff, 0x7a, 0xce, 0xff, 0x7a, 0xce, 0xff, 0x7a, 0xce, 0xff, 0x7a, 0xce, 0xff, 0x7a, 0xce,
    0xff, 0x7a, 0xce, 0xff, 0x7a, 0xce, 0xff, 0x5a, 0xc6, 0xff, 0x1c, 0xdf, 0xff, 0xdf, 0xff, 0xff,
    0xbf, 0xf7, 0xff, 0xbf, 0xf7, 0xff, 0xbf, 0xf7, 0xff, 0xbf, 0xf7, 0xff, 0xbf, 0xf7, 0xff, 0xbf,
    0xf7, 0xff, 0xbf, 0xf7, 0xff, 0xbf, 0xf7, 0xff, 0xbf, 0xf7, 0xff, 0xbf, 0xf7, 0xff, 0xbf, 0xf7,
    0xff, 0xbf, 0xf7, 0xff, 0xbf, 0xf7, 0xff, 0xbf, 0xf7, 0xff, 0xbf, 0xf7, 0xff, 0xbf, 0xf7, 0xff,
    0xbf, 0xf7, 0xff, 0xbf, 0xf7, 0xff, 0xbf, 0xf7, 0xff, 0xbf, 0xf7, 0xff, 0xbf, 0xf7, 0xff, 0xbf,
    0xf7, 0xff, 0xbf, 0xf7, 0xff, 0xbf, 0xf7, 0xff, 0xbf, 0xf7, 0xff, 0xbf, 0xf7, 0xff, 0xbf, 0xf7,
    0xff, 0xbf, 0xf7, 0xff, 0xbf, 0xf7, 0xff, 0xbf, 0xf7, 0xff, 0xbf, 0xf7, 0xff, 0xbf, 0xf7, 0xff,
    0xbf, 0xf7, 0xff, 0xbf, 0xf7, 0xff, 0xbf, 0xf7, 0xff, 0xbf, 0xf7, 0xff, 0xbf, 0xf7, 0xff, 0xbf,
    0xf7, 0xff, 0xbf, 0xf7, 0xff, 0xbf, 0xf7, 0xff, 0xbf, 0xf7, 0xff, 0xbf, 0xf7, 0xff, 0xbf, 0xf7,
    0xff, 0xbf, 0xf7, 0xff, 0xbf, 0xf7, 0xff, 0xbf, 0xf7, 0xff, 0xbf, 0xf7, 0xff, 0xbf, 0xf7, 0xff,
    0xbf, 0xf7, 0xff, 0xbf, 0xf7, 0xff, 0xbf, 0xf7, 0xff, 0xbf, 0xf7, 0xff, 0xdf, 0xf7, 0xff, 0x5d,
    0xe7, 0xff, 0x5a, 0xc6, 0xff, 0x7a, 0xce, 0xff, 0x7a, 0xce, 0xff, 0x7a, 0xce, 0xff, 0x7a, 0xce,
    0xff, 0x7a, 0xce, 0xff, 0x7a, 0xce, 0xff, 0x7a, 0xce, 0xff, 0x7a, 0xce, 0xff, 0x7a, 0xce, 0xff,
    0x7a, 0xce, 0xff, 0x7a, 0xce, 0xff, 0x7a, 0xce, 0xff, 0x7a, 0xce, 0xff, 0x7a, 0xce, 0xff, 0x7a,
    0xce, 0xff, 0x7a, 0xce, 0xff, 0x7a, 0xce, 0xff, 0x7a, 0xce, 0xff, 0x7a, 0xce, 0xff, 0x7a, 0xce,
    0xff, 0x7a, 0xce, 0xff, 0x7a, 0xce, 0xff, 0x7a, 0xce, 0xff, 0x7a, 0xce, 0xff, 0x7a, 0xce, 0xff,
    0x7a, 0xce, 0xff, 0x7a, 0xce, 0xff, 0x7a, 0xce, 0xff, 0x7a, 0xce, 0xff, 0x7a, 0xce, 0xff, 0x7a,
    0xce, 0xff, 0x7a, 0xce, 0xff, 0x7a, 0xce, 0xff, 0x7a, 0xce, 0xff, 0x7a, 0xce, 0xff, 0x7a, 0xce,
    0xff, 0x7a, 0xce, 0xff, 0x7a, 0xce, 0xff, 0x7a, 0xce, 0xff, 0x7a, 0xce, 0xff, 0x7a, 0xce, 0xff,
    0x7a, 0xce, 0xff, 0x7a, 0xce, 0xff, 0x7a, 0xce, 0xff, 0x7a, 0xce, 0xff, 0x7a, 0xce, 0xff, 0x7a,
    0xce, 0xff, 0x7a, 0xce, 0xff, 0x7a, 0xce, 0xff, 0x7a, 0xce, 0xff, 0x7a, 0xce, 0xff, 0x7a, 0xce,
    0xff, 0x7a, 0xce, 0xff, 0x7a, 0xce, 0xff, 0x7a, 0xce, 0xff, 0x7a, 0xce, 0xff, 0x7a, 0xce, 0xff,
    0x7a, 0xce, 0xff, 0x7a, 0xce, 0xff, 0x7a, 0xce, 0xff, 0x7a, 0xce, 0xff, 0x7a, 0xce, 0xff, 0x7a,
    0xce, 0xff, 0x7a, 0xce, 0xff, 0x7a, 0xce, 0xff, 0x7a, 0xce, 0xff, 0x7a, 0xce, 0xff, 0x7a, 0xce,
    0xff, 0x7a, 0xce, 0xff, 0x7a, 0xce, 0xff, 0x7a, 0xce, 0xff, 0x7a, 0xce, 0xff, 0x7a, 0xce, 0xff,
    0x7a, 0xce, 0xff, 0x7a, 0xce, 0xff, 0x7a, 0xce, 0xff, 0x7a, 0xce, 0xff, 0x7a, 0xce, 0xff, 0x7a,
    0xce, 0xff, 0x7a, 0xce, 0xff, 0x7a, 0xce, 0xff, 0x7a, 0xce, 0xff, 0x7a, 0xce, 0xff, 0x7a, 0xce,
    0xff, 0x7a, 0xce, 0xff, 0x7a, 0xce, 0xff, 0x7a, 0xce, 0xff, 0x7a, 0xce, 0xff, 0x7a, 0xce, 0xff,
    0x7a, 0xce, 0xff, 0x7a, 0xce, 0xff, 0x7a, 0xce, 0xff, 0x7a, 0xce, 0xff, 0x7a, 0xce, 0xff, 0x7a,
    0xce, 0xff, 0x7a, 0xce, 0xff, 0x7a, 0xce, 0xff, 0x7a, 0xce, 0xff, 0x7a, 0xce, 0xff, 0x7a, 0xce,
    0xff, 0x7a, 0xce, 0xff, 0x7a, 0xce, 0xff, 0x7a, 0xce, 0xff, 0x7a, 0xce, 0xff, 0x7a, 0xce, 0xff,
    0x7a, 0xce, 0xff, 0x7a, 0xce, 0xff, 0x7a, 0xce, 0xff, 0x7a, 0xce, 0xff, 0x7a, 0xce, 0xff, 0x7a,
    0xce, 0xff, 0x7a, 0xce, 0xff, 0x7a, 0xce, 0xff, 0x7a, 0xce, 0xff, 0x7a, 0xce, 0xff, 0x7a, 0xce,
    0xff, 0x7a, 0xce, 0xff, 0x7a, 0xce, 0xff, 0x7a, 0xce, 0xff, 0x7a, 0xce, 0xff, 0x7a, 0xce, 0xff,
    0x7a, 0xce, 0xff, 0x7a, 0xc6, 0xff, 0x5d, 0xe7, 0xff, 0xdf, 0xf7, 0xff, 0xbf, 0xf7, 0xff, 0xbf,
    0xf7, 0xff, 0xbf, 0xf7, 0xff, 0xbf, 0xf7, 0xff, 0xbf, 0xf7, 0xff, 0xbf, 0xf7, 0xff, 0xbf, 0xf7,
    0xff, 0xbf, 0xf7, 0xff, 0xbf, 0xf7, 0xff, 0xbf, 0xf7, 0xff, 0xbf, 0xf7, 0xff, 0xbf, 0xf7, 0xff,
    0xbf, 0xf7, 0xff, 0xbf, 0xf7, 0xff, 0xbf, 0xf7, 0xff, 0xbf, 0xf7, 0xff, 0xbf, 0xf7, 0xff, 0xbf,
    0xf7, 0xff, 0xbf, 0xf7, 0xff, 0xbf, 0xf7, 0xff, 0xbf, 0xf7, 0xff, 0xbf, 0xf7, 0xff, 0xbf, 0xf7,
    0xff, 0xbf, 0xf7, 0xff, 0xbf, 0xf7, 0xff, 0xbf, 0xf7, 0xff, 0xbf, 0xf7, 0xff, 0xbf, 0xf7, 0xff,
    0xbf, 0xf7, 0xff, 0xbf, 0xf7, 0xff, 0xbf, 0xf7, 0xff, 0xbf, 0xf7, 0xff, 0xbf, 0xf7, 0xff, 0xbf,
    0xf7, 0xff, 0xbf, 0xf7, 0xff, 0xbf, 0xf7, 0xff, 0xbf, 0xf7, 0xff, 0xbf, 0xf7, 0xff, 0xbf, 0xf7,
    0xff, 0xbf, 0xf7, 0xff, 0xbf, 0xf7, 0xff, 0xbf, 0xf7, 0xff, 0xbf, 0xf7, 0xff, 0xbf, 0xf7, 0xff,
    0xbf, 0xf7, 0xff, 0xbf, 0xf7, 0xff, 0xbf, 0xf7, 0xff, 0xbf, 0xf7, 0xff, 0xbf, 0xf7, 0xff, 0xbf,
    0xf7, 0xff, 0xbf, 0xf7, 0xff, 0xbf, 0xf7, 0xff, 0xdf, 0xf7, 0xff, 0x9e, 0xef, 0xff, 0x7a, 0xce,
    0xff, 0x7a, 0xc6, 0xff, 0x7a, 0xce, 0xff, 0x7a, 0xce, 0xff, 0x7a, 0xce, 0xff, 0x7a, 0xce, 0xff,
    0x7a, 0xce, 0xff, 0x7a, 0xce, 0xff, 0x7a, 0xce, 0xff, 0x7a, 0xce, 0xff, 0x7a, 0xce, 0xff, 0x7a,
    0xce, 0xff, 0x7a, 0xce, 0xff, 0x7a, 0xce, 0xff, 0x7a, 0xce, 0xff, 0x7a, 0xce, 0xff, 0x7a, 0xce,
    0xff, 0x7a, 0xce, 0xff, 0x7a, 0xce, 0xff, 0x7a, 0xce, 0xff, 0x7a, 0xce, 0xff, 0x7a, 0xce, 0xff,
    0x7a, 0xce, 0xff, 0x7a, 0xce, 0xff, 0x7a, 0xce, 0xff, 0x7a, 0xce, 0xff, 0x7a, 0xce, 0xff, 0x7a,
    0xce, 0xff, 0x7a, 0xce, 0xff, 0x7a, 0xce, 0xff, 0x7a, 0xce, 0xff, 0x7a, 0xce, 0xff, 0x7a, 0xce,
    0xff, 0x7a, 0xce, 0xff, 0x7a, 0xce, 0xff, 0x7a, 0xce, 0xff, 0x7a, 0xce, 0xff, 0x7a, 0xce, 0xff,
    0x7a, 0xce, 0xff, 0x7a, 0xce, 0xff, 0x7a, 0xce, 0xff, 0x7a, 0xce, 0xff, 0x7a, 0xce, 0xff, 0x7a,
    0xce, 0xff, 0x7a, 0xce, 0xff, 0x7a, 0xce, 0xff, 0x7a, 0xce, 0xff, 0x7a, 0xce, 0xff, 0x7a, 0xce,
    0xff, 0x7a, 0xce, 0xff, 0x7a, 0xce, 0xff, 0x7a, 0xce, 0xff, 0x7a, 0xce, 0xff, 0x7a, 0xce, 0xff,
    0x7a, 0xce, 0xff, 0x7a, 0xce, 0xff, 0x7a, 0xce, 0xff, 0x7a, 0xce, 0xff, 0x7a, 0xce, 0xff, 0x7a,
    0xce, 0xff, 0x7a, 0xce, 0xff, 0x7a, 0xce, 0xff, 0x7a, 0xce, 0xff, 0x7a, 0xce, 0xff, 0x7a, 0xce,
    0xff, 0x7a, 0xce, 0xff, 0x7a, 0xce, 0xff, 0x7a, 0xce, 0xff, 0x7a, 0xce, 0xff, 0x7a, 0xce, 0xff,
    0x7a, 0xce, 0xff, 0x7a, 0xce, 0xff, 0x7a, 0xce, 0xff, 0x7a, 0xce, 0xff, 0x7a, 0xce, 0xff, 0x7a,
    0xce, 0xff, 0x7a, 0xce, 0xff, 0x7a, 0xce, 0xff, 0x7a, 0xce, 0xff, 0x7a, 0xce, 0xff, 0x7a, 0xce,
    0xff, 0x7a, 0xce, 0xff, 0x7a, 0xce, 0xff, 0x7a, 0xce, 0xff, 0x7a, 0xce, 0xff, 0x7a, 0xce, 0xff,
    0x7a, 0xce, 0xff, 0x7a, 0xce, 0xff, 0x7a, 0xce, 0xff, 0x7a, 0xce, 0xff, 0x7a, 0xce, 0xff, 0x7a,
    0xce, 0xff, 0x7a, 0xce, 0xff, 0x7a, 0xce, 0xff, 0x7a, 0xce, 0xff, 0x7a, 0xce, 0xff, 0x7a, 0xce,
    0xff, 0x7a, 0xce, 0xff, 0x7a, 0xce, 0xff, 0x7a, 0xce, 0xff, 0x7a, 0xce, 0xff, 0x7a, 0xce, 0xff,
    0x7a, 0xce, 0xff, 0x7a, 0xce, 0xff, 0x7a, 0xce, 0xff, 0x7a, 0xce, 0xff, 0x7a, 0xce, 0xff, 0x7a,
    0xce, 0xff, 0x7a, 0xce, 0xff, 0x7a, 0xce, 0xff, 0x7a, 0xce, 0xff, 0x7a, 0xce, 0xff, 0x7a, 0xce,
    0xff, 0x7a, 0xce, 0xff, 0x7a, 0xce, 0xff, 0x7a, 0xce, 0xff, 0x7a, 0xce, 0xff, 0x7a, 0xce, 0xff,
    0x7a, 0xce, 0xff, 0x7a, 0xce, 0xff, 0x7a, 0xce, 0xff, 0x7a, 0xce, 0xff, 0x7a, 0xce, 0xff, 0x7a,
    0xc6, 0xff, 0x7e, 0xef, 0xff, 0xdf, 0xf7, 0xff, 0xbf, 0xf7, 0xff, 0xbf, 0xf7, 0xff, 0xbf, 0xf7,
    0xff, 0xbf, 0xf7, 0xff, 0xbf, 0xf7, 0xff, 0xbf, 0xf7, 0xff, 0xbf, 0xf7, 0xff, 0xbf, 0xf7, 0xff,
    0xbf, 0xf7, 0xff, 0xbf, 0xf7, 0xff, 0xbf, 0xf7, 0xff, 0xbf, 0xf7, 0xff, 0xbf, 0xf7, 0xff, 0xbf,
    0xf7, 0xff, 0xbf, 0xf7, 0xff, 0xbf, 0xf7, 0xff, 0xbf, 0xf7, 0xff, 0xbf, 0xf7, 0xff, 0xbf, 0xf7,
    0xff, 0xbf, 0xf7, 0xff, 0xbf, 0xf7, 0xff, 0xbf, 0xf7, 0xff, 0xbf, 0xf7, 0xff, 0xbf, 0xf7, 0xff,
    0xbf, 0xf7, 0xff, 0xbf, 0xf7, 0xff, 0xbf, 0xf7, 0xff, 0xbf, 0xf7, 0xff, 0xbf, 0xf7, 0xff, 0xbf,
    0xf7, 0xff, 0xbf, 0xf7, 0xff, 0xbf, 0xf7, 0xff, 0xbf, 0xf7, 0xff, 0xbf, 0xf7, 0xff, 0xbf, 0xf7,
    0xff, 0xbf, 0xf7, 0xff, 0xbf, 0xf7, 0xff, 0xbf, 0xf7, 0xff, 0xbf, 0xf7, 0xff, 0xbf, 0xf7, 0xff,
    0xbf, 0xf7, 0xff, 0xbf, 0xf7, 0xff, 0xbf, 0xf7, 0xff, 0xbf, 0xf7, 0xff, 0xbf, 0xf7, 0xff, 0xbf,
    0xf7, 0xff, 0xbf, 0xf7, 0xff, 0xbf, 0xf7, 0xff, 0xbf, 0xf7, 0xff, 0xbf, 0xf7, 0xff, 0xbf, 0xf7,
    0xff, 0xbf, 0xf7, 0xff, 0xdf, 0xf7, 0xff, 0xbf, 0xf7, 0xff, 0x9b, 0xce, 0xff, 0x7a, 0xc6, 0xff,
    0x7a, 0xce, 0xff, 0x7a, 0xce, 0xff, 0x7a, 0xce, 0xff, 0x7a, 0xce, 0xff, 0x7a, 0xce, 0xff, 0x7a,
    0xce, 0xff, 0x7a, 0xce, 0xff, 0x7a, 0xce, 0xff, 0x7a, 0xce, 0xff, 0x7a, 0xce, 0xff, 0x7a, 0xce,
    0xff, 0x7a, 0xce, 0xff, 0x7a, 0xce, 0xff, 0x7a, 0xce, 0xff, 0x7a, 0xce, 0xff, 0x7a, 0xce, 0xff,
    0x7a, 0xce, 0xff, 0x7a, 0xce, 0xff, 0x7a, 0xce, 0xff, 0x7a, 0xce, 0xff, 0x7a, 0xce, 0xff, 0x7a,
    0xce, 0xff, 0x7a, 0xce, 0xff, 0x7a, 0xce, 0xff, 0x7a, 0xce, 0xff, 0x7a, 0xce, 0xff, 0x7a, 0xce,
    0xff, 0x7a, 0xce, 0xff, 0x7a, 0xce, 0xff, 0x7a, 0xce, 0xff, 0x7a, 0xce, 0xff, 0x7a, 0xce, 0xff,
    0x7a, 0xce, 0xff, 0x7a, 0xce, 0xff, 0x7a, 0xce, 0xff, 0x7a, 0xce, 0xff, 0x7a, 0xce, 0xff, 0x7a,
    0xce, 0xff, 0x7a, 0xce, 0xff, 0x7a, 0xce, 0xff, 0x7a, 0xce, 0xff, 0x7a, 0xce, 0xff, 0x7a, 0xce,
    0xff, 0x7a, 0xce, 0xff, 0x7a, 0xce, 0xff, 0x7a, 0xce, 0xff, 0x7a, 0xce, 0xff, 0x7a, 0xce, 0xff,
    0x7a, 0xce, 0xff, 0x7a, 0xce, 0xff, 0x7a, 0xce, 0xff, 0x7a, 0xce, 0xff, 0x7a, 0xce, 0xff, 0x7a,
    0xce, 0xff, 0x7a, 0xce, 0xff, 0x7a, 0xce, 0xff, 0x7a, 0xce, 0xff, 0x7a, 0xce, 0xff, 0x7a, 0xce,
    0xff, 0x7a, 0xce, 0xff, 0x7a, 0xce, 0xff, 0x7a, 0xce, 0xff, 0x7a, 0xce, 0xff, 0x7a, 0xce, 0xff,
    0x7a, 0xce, 0xff, 0x7a, 0xce, 0xff, 0x7a, 0xce, 0xff, 0x7a, 0xce, 0xff, 0x7a, 0xce, 0xff, 0x7a,
    0xce, 0xff, 0x7a, 0xce, 0xff, 0x7a, 0xce, 0xff, 0x7a, 0xce, 0xff, 0x7a, 0xce, 0xff, 0x7a, 0xce,
    0xff, 0x7a, 0xce, 0xff, 0x7a, 0xce, 0xff, 0x7a, 0xce, 0xff, 0x7a, 0xce, 0xff, 0x7a, 0xce, 0xff,
    0x7a, 0xce, 0xff, 0x7a, 0xce, 0xff, 0x7a, 0xce, 0xff, 0x7a, 0xce, 0xff, 0x7a, 0xce, 0xff, 0x7a,
    0xce, 0xff, 0x7a, 0xce, 0xff, 0x7a, 0xce, 0xff, 0x7a, 0xce, 0xff, 0x7a, 0xce, 0xff, 0x7a, 0xce,
    0xff, 0x7a, 0xce, 0xff, 0x7a, 0xce, 0xff, 0x7a, 0xce, 0xff, 0x7a, 0xce, 0xff, 0x7a, 0xce, 0xff,
    0x7a, 0xce, 0xff, 0x7a, 0xce, 0xff, 0x7a, 0xce, 0xff, 0x7a, 0xce, 0xff, 0x7a, 0xce, 0xff, 0x7a,
    0xce, 0xff, 0x7a, 0xce, 0xff, 0x7a, 0xce, 0xff, 0x7a, 0xce, 0xff, 0x7a, 0xce, 0xff, 0x7a, 0xce,
    0xff, 0x7a, 0xce, 0xff, 0x7a, 0xce, 0xff, 0x7a, 0xce, 0xff, 0x7a, 0xce, 0xff, 0x7a, 0xce, 0xff,
    0x7a, 0xce, 0xff, 0x7a, 0xce, 0xff, 0x7a, 0xce, 0xff, 0x7a, 0xce, 0xff, 0x7a, 0xce, 0xff, 0x7a,
    0xce, 0xff, 0x7a, 0xce, 0xff, 0x7a, 0xce, 0xff, 0x7a, 0xce, 0xff, 0x7a, 0xce, 0xff, 0x9e, 0xef,
    0xff, 0xdf, 0xf7, 0xff, 0xbf, 0xf7, 0xff, 0xbf, 0xf7, 0xff, 0xbf, 0xf7, 0xff, 0xbf, 0xf7, 0xff,
    0xbf, 0xf7, 0xff, 0xbf, 0xf7, 0xff, 0xbf, 0xf7, 0xff, 0xbf, 0xf7, 0xff, 0xbf, 0xf7, 0xff, 0xbf,
    0xf7, 0xff, 0xbf, 0xf7, 0xff, 0xbf, 0xf7, 0xff, 0xbf, 0xf7, 0xff, 0xbf, 0xf7, 0xff, 0xbf, 0xf7,
    0xff, 0xbf, 0xf7, 0xff, 0xbf, 0xf7, 0xff, 0xbf, 0xf7, 0xff, 0xbf, 0xf7, 0xff, 0xbf, 0xf7, 0xff,
    0xbf, 0xf7, 0xff, 0xbf, 0xf7, 0xff, 0xbf, 0xf7, 0xff, 0xbf, 0xf7, 0xff, 0xbf, 0xf7, 0xff, 0xbf,
    0xf7, 0xff, 0xbf, 0xf7, 0xff, 0xbf, 0xf7, 0xff, 0xbf, 0xf7, 0xff, 0xbf, 0xf7, 0xff, 0xbf, 0xf7,
    0xff, 0xbf, 0xf7, 0xff, 0xbf, 0xf7, 0xff, 0xbf, 0xf7, 0xff, 0xbf, 0xf7, 0xff, 0xbf, 0xf7, 0xff,
    0xbf, 0xf7, 0xff, 0xbf, 0xf7, 0xff, 0xbf, 0xf7, 0xff, 0xbf, 0xf7, 0xff, 0xbf, 0xf7, 0xff, 0xbf,
    0xf7, 0xff, 0xbf, 0xf7, 0xff, 0xbf, 0xf7, 0xff, 0xbf, 0xf7, 0xff, 0xbf, 0xf7, 0xff, 0xbf, 0xf7,
    0xff, 0xbf, 0xf7, 0xff, 0xbf, 0xf7, 0xff, 0xbf, 0xf7, 0xff, 0xbf, 0xf7, 0xff, 0xbf, 0xf7, 0xff,
    0xdf, 0xf7, 0xff, 0xbf, 0xf7, 0xff, 0xbb, 0xce, 0xff, 0x7a, 0xc6, 0xff, 0x7a, 0xce, 0xff, 0x7a,
    0xce, 0xff, 0x7a, 0xce, 0xff, 0x7a, 0xce, 0xff, 0x7a, 0xce, 0xff, 0x7a, 0xce, 0xff, 0x7a, 0xce,
    0xff, 0x7a, 0xce, 0xff, 0x7a, 0xce, 0xff, 0x7a, 0xce, 0xff, 0x7a, 0xce, 0xff, 0x7a, 0xce, 0xff,
    0x7a, 0xce, 0xff, 0x7a, 0xce, 0xff, 0x7a, 0xce, 0xff, 0x7a, 0xce, 0xff, 0x7a, 0xce, 0xff, 0x7a,
    0xce, 0xff, 0x7a, 0xce, 0xff, 0x7a, 0xce, 0xff, 0x7a, 0xce, 0xff, 0x7a, 0xce, 0xff, 0x7a, 0xce,
    0xff, 0x7a, 0xce, 0xff, 0x7a, 0xce, 0xff, 0x7a, 0xce, 0xff, 0x7a, 0xce, 0xff, 0x7a, 0xce, 0xff,
    0x7a, 0xce, 0xff, 0x7a, 0xce, 0xff, 0x7a, 0xce, 0xff, 0x7a, 0xce, 0xff, 0x7a, 0xce, 0xff, 0x7a,
    0xce, 0xff, 0x7a, 0xce, 0xff, 0x7a, 0xce, 0xff, 0x7a, 0xce, 0xff, 0x7a, 0xce, 0xff, 0x7a, 0xce,
    0xff, 0x7a, 0xce, 0xff, 0x7a, 0xce, 0xff, 0x7a, 0xce, 0xff, 0x7a, 0xce, 0xff, 0x7a, 0xce, 0xff,
    0x7a, 0xce, 0xff, 0x7a, 0xce, 0xff, 0x7a, 0xce, 0xff, 0x7a, 0xce, 0xff, 0x7a, 0xce, 0xff, 0x7a,
    0xce, 0xff, 0x7a, 0xce, 0xff, 0x7a, 0xce, 0xff, 0x7a, 0xce, 0xff, 0x7a, 0xce, 0xff, 0x7a, 0xce,
    0xff, 0x7a, 0xce, 0xff, 0x7a, 0xce, 0xff, 0x7a, 0xce, 0xff, 0x7a, 0xce, 0xff, 0x7a, 0xce, 0xff,
    0x7a, 0xce, 0xff, 0x7a, 0xce, 0xff, 0x7a, 0xce, 0xff, 0x7a, 0xce, 0xff, 0x7a, 0xce, 0xff, 0x7a,
    0xce, 0xff, 0x7a, 0xce, 0xff, 0x7a, 0xce, 0xff, 0x7a, 0xce, 0xff, 0x7a, 0xce, 0xff, 0x7a, 0xce,
    0xff, 0x7a, 0xce, 0xff, 0x7a, 0xce, 0xff, 0x7a, 0xce, 0xff, 0x7a, 0xce, 0xff, 0x7a, 0xce, 0xff,
    0x7a, 0xce, 0xff, 0x7a, 0xce, 0xff, 0x7a, 0xce, 0xff, 0x7a, 0xce, 0xff, 0x7a, 0xce, 0xff, 0x7a,
    0xce, 0xff, 0x7a, 0xce, 0xff, 0x7a, 0xce, 0xff, 0x7a, 0xce, 0xff, 0x7a, 0xce, 0xff, 0x7a, 0xce,
    0xff, 0x7a, 0xce, 0xff, 0x7a, 0xce, 0xff, 0x7a, 0xce, 0xff, 0x7a, 0xce, 0xff, 0x7a, 0xce, 0xff,
    0x7a, 0xce, 0xff, 0x7a, 0xce, 0xff, 0x7a, 0xce, 0xff, 0x7a, 0xce, 0xff, 0x7a, 0xce, 0xff, 0x7a,
    0xce, 0xff, 0x7a, 0xce, 0xff, 0x7a, 0xce, 0xff, 0x7a, 0xce, 0xff, 0x7a, 0xce, 0xff, 0x7a, 0xce,
    0xff, 0x7a, 0xce, 0xff, 0x7a, 0xce, 0xff, 0x7a, 0xce, 0xff, 0x7a, 0xce, 0xff, 0x7a, 0xce, 0xff,
    0x7a, 0xce, 0xff, 0x7a, 0xce, 0xff, 0x7a, 0xce, 0xff, 0x7a, 0xce, 0xff, 0x7a, 0xce, 0xff, 0x7a,
    0xce, 0xff, 0x7a, 0xce, 0xff, 0x7a, 0xce, 0xff, 0x7a, 0xce, 0xff, 0x7a, 0xce, 0xff, 0x7a, 0xce,
    0xff, 0x7a, 0xce, 0xff, 0x7a, 0xc6, 0xff, 0x9b, 0xce, 0xff, 0xbf, 0xf7, 0xff, 0xdf, 0xf7, 0xff,
    0xbf, 0xf7, 0xff, 0xbf, 0xf7, 0xff, 0xbf, 0xf7, 0xff, 0xbf, 0xf7, 0xff, 0xbf, 0xf7, 0xff, 0xbf,
    0xf7, 0xff, 0xbf, 0xf7, 0xff, 0xbf, 0xf7, 0xff, 0xbf, 0xf7, 0xff, 0xbf, 0xf7, 0xff, 0xbf, 0xf7,
    0xff, 0xbf, 0xf7, 0xff, 0xbf, 0xf7, 0xff, 0xbf, 0xf7, 0xff, 0xbf, 0xf7, 0xff, 0xbf, 0xf7, 0xff,
    0xbf, 0xf7, 0xff, 0xbf, 0xf7, 0xff, 0xbf, 0xf7, 0xff, 0xbf, 0xf7, 0xff, 0xbf, 0xf7, 0xff, 0xbf,
    0xf7, 0xff, 0xbf, 0xf7, 0xff, 0xbf, 0xf7, 0xff, 0xbf, 0xf7, 0xff, 0xbf, 0xf7, 0xff, 0xbf, 0xf7,
    0xff, 0xbf, 0xf7, 0xff, 0xbf, 0xf7, 0xff, 0xbf, 0xf7, 0xff, 0xbf, 0xf7, 0xff, 0xbf, 0xf7, 0xff,
    0xbf, 0xf7, 0xff, 0xbf, 0xf7, 0xff, 0xbf, 0xf7, 0xff, 0xbf, 0xf7, 0xff, 0xbf, 0xf7, 0xff, 0xbf,
    0xf7, 0xff, 0xbf, 0xf7, 0xff, 0xbf, 0xf7, 0xff, 0xbf, 0xf7, 0xff, 0xbf, 0xf7, 0xff, 0xbf, 0xf7,
    0xff, 0xbf, 0xf7, 0xff, 0xbf, 0xf7, 0xff, 0xbf, 0xf7, 0xff, 0xbf, 0xf7, 0xff, 0xbf, 0xf7, 0xff,
    0xbf, 0xf7, 0xff, 0xbf, 0xf7, 0xff, 0xbf, 0xf7, 0xff, 0xbf, 0xf7, 0xff, 0xbf, 0xf7, 0xff, 0xdf,
    0xf7, 0xff, 0xdc, 0xd6, 0xff, 0x7a, 0xc6, 0xff, 0x7a, 0xce, 0xff, 0x7a, 0xce, 0xff, 0x7a, 0xce,
    0xff, 0x7a, 0xce, 0xff, 0x7a, 0xce, 0xff, 0x7a, 0xce, 0xff, 0x7a, 0xce, 0xff, 0x7a, 0xce, 0xff,
    0x7a, 0xce, 0xff, 0x7a, 0xce, 0xff, 0x7a, 0xce, 0xff, 0x7a, 0xce, 0xff, 0x7a, 0xce, 0xff, 0x7a,
    0xce, 0xff, 0x7a, 0xce, 0xff, 0x7a, 0xce, 0xff, 0x7a, 0xce, 0xff, 0x7a, 0xce, 0xff, 0x7a, 0xce,
    0xff, 0x7a, 0xce, 0xff, 0x7a, 0xce, 0xff, 0x7a, 0xce, 0xff, 0x7a, 0xce, 0xff, 0x7a, 0xce, 0xff,
    0x7a, 0xce, 0xff, 0x7a, 0xce, 0xff, 0x7a, 0xce, 0xff, 0x7a, 0xce, 0xff, 0x7a, 0xce, 0xff, 0x7a,
    0xce, 0xff, 0x7a, 0xce, 0xff, 0x7a, 0xce, 0xff, 0x7a, 0xce, 0xff, 0x7a, 0xce, 0xff, 0x7a, 0xce,
    0xff, 0x7a, 0xce, 0xff, 0x7a, 0xce, 0xff, 0x7a, 0xce, 0xff, 0x7a, 0xce, 0xff, 0x7a, 0xce, 0xff,
    0x7a, 0xce, 0xff, 0x7a, 0xce, 0xff, 0x7a, 0xce, 0xff, 0x7a, 0xce, 0xff, 0x7a, 0xce, 0xff, 0x7a,
    0xce, 0xff, 0x7a, 0xce, 0xff, 0x7a, 0xce, 0xff, 0x7a, 0xce, 0xff, 0x7a, 0xce, 0xff, 0x7a, 0xce,
    0xff, 0x7a, 0xce, 0xff, 0x7a, 0xce, 0xff, 0x7a, 0xce, 0xff, 0x7a, 0xce, 0xff, 0x7a, 0xce, 0xff,
    0x7a, 0xce, 0xff, 0x7a, 0xce, 0xff, 0x7a, 0xce, 0xff, 0x7a, 0xce, 0xff, 0x7a, 0xce, 0xff, 0x7a,
    0xce, 0xff, 0x7a, 0xce, 0xff, 0x7a, 0xce, 0xff, 0x7a, 0xce, 0xff, 0x7a, 0xce, 0xff, 0x7a, 0xce,
    0xff, 0x7a, 0xce, 0xff, 0x7a, 0xce, 0xff, 0x7a, 0xce, 0xff, 0x7a, 0xce, 0xff, 0x7a, 0xce, 0xff,
    0x7a, 0xce, 0xff, 0x7a, 0xce, 0xff, 0x7a, 0xce, 0xff, 0x7a, 0xce, 0xff, 0x7a, 0xce, 0xff, 0x7a,
    0xce, 0xff, 0x7a, 0xce, 0xff, 0x7a, 0xce, 0xff, 0x7a, 0xce, 0xff, 0x7a, 0xce, 0xff, 0x7a, 0xce,
    0xff, 0x7a, 0xce, 0xff, 0x7a, 0xce, 0xff, 0x7a, 0xce, 0xff, 0x7a, 0xce, 0xff, 0x7a, 0xce, 0xff,
    0x7a, 0xce, 0xff, 0x7a, 0xce, 0xff, 0x7a, 0xce, 0xff, 0x7a, 0xce, 0xff, 0x7a, 0xce, 0xff, 0x7a,
    0xce, 0xff, 0x7a, 0xce, 0xff, 0x7a, 0xce, 0xff, 0x7a, 0xce, 0xff, 0x7a, 0xce, 0xff, 0x7a, 0xce,
    0xff, 0x7a, 0xce, 0xff, 0x7a, 0xce, 0xff, 0x7a, 0xce, 0xff, 0x7a, 0xce, 0xff, 0x7a, 0xce, 0xff,
    0x7a, 0xce, 0xff, 0x7a, 0xce, 0xff, 0x7a, 0xce, 0xff, 0x7a, 0xce, 0xff, 0x7a, 0xce, 0xff, 0x7a,
    0xce, 0xff, 0x7a, 0xce, 0xff, 0x7a, 0xce, 0xff, 0x7a, 0xce, 0xff, 0x7a, 0xce, 0xff, 0x7a, 0xce,
    0xff, 0x7a, 0xce, 0xff, 0x7a, 0xce, 0xff, 0x7a, 0xce, 0xff, 0x7a, 0xce, 0xff, 0x7a, 0xce, 0xff,
    0x7a, 0xc6, 0xff, 0x9b, 0xce, 0xff, 0xbf, 0xf7, 0xff, 0xdf, 0xf7, 0xff, 0xbf, 0xf7, 0xff, 0xbf,
    0xf7, 0xff, 0xbf, 0xf7, 0xff, 0xbf, 0xf7, 0xff, 0xbf, 0xf7, 0xff, 0xbf, 0xf7, 0xff, 0xbf, 0xf7,
    0xff, 0xbf, 0xf7, 0xff, 0xbf, 0xf7, 0xff, 0xbf, 0xf7, 0xff, 0xbf, 0xf7, 0xff, 0xbf, 0xf7, 0xff,
    0xbf, 0xf7, 0xff, 0xbf, 0xf7, 0xff, 0xbf, 0xf7, 0xff, 0xbf, 0xf7, 0xff, 0xbf, 0xf7, 0xff, 0xbf,
    0xf7, 0xff, 0xbf, 0xf7, 0xff, 0xbf, 0xf7, 0xff, 0xbf, 0xf7, 0xff, 0xbf, 0xf7, 0xff, 0xbf, 0xf7,
    0xff, 0xbf, 0xf7, 0xff, 0xbf, 0xf7, 0xff, 0xbf, 0xf7, 0xff, 0xbf, 0xf7, 0xff, 0xbf, 0xf7, 0xff,
    0xbf, 0xf7, 0xff, 0xbf, 0xf7, 0xff, 0xbf, 0xf7, 0xff, 0xbf, 0xf7, 0xff, 0xbf, 0xf7, 0xff, 0xbf,
    0xf7, 0xff, 0xbf, 0xf7, 0xff, 0xbf, 0xf7, 0xff, 0xbf, 0xf7, 0xff, 0xbf, 0xf7, 0xff, 0xbf, 0xf7,
    0xff, 0xbf, 0xf7, 0xff, 0xbf, 0xf7, 0xff, 0xbf, 0xf7, 0xff, 0xbf, 0xf7, 0xff, 0xbf, 0xf7, 0xff,
    0xbf, 0xf7, 0xff, 0xbf, 0xf7, 0xff, 0xbf, 0xf7, 0xff, 0xbf, 0xf7, 0xff, 0xbf, 0xf7, 0xff, 0xbf,
    0xf7, 0xff, 0xbf, 0xf7, 0xff, 0xbf, 0xf7, 0xff, 0xbf, 0xf7, 0xff, 0xdf, 0xf7, 0xff, 0xdb, 0xd6,
    0xff, 0x7a, 0xc6, 0xff, 0x7a, 0xce, 0xff, 0x7a, 0xce, 0xff, 0x7a, 0xce, 0xff, 0x7a, 0xce, 0xff,
    0x7a, 0xce, 0xff, 0x7a, 0xce, 0xff, 0x7a, 0xce, 0xff, 0x7a, 0xce, 0xff, 0x7a, 0xce, 0xff, 0x7a,
    0xce, 0xff, 0x7a, 0xce, 0xff, 0x7a, 0xce, 0xff, 0x7a, 0xce, 0xff, 0x7a, 0xce, 0xff, 0x7a, 0xce,
    0xff, 0x7a, 0xce, 0xff, 0x7a, 0xce, 0xff, 0x7a, 0xce, 0xff, 0x7a, 0xce, 0xff, 0x7a, 0xce, 0xff,
    0x7a, 0xce, 0xff, 0x7a, 0xce, 0xff, 0x7a, 0xce, 0xff, 0x7a, 0xce, 0xff, 0x7a, 0xce, 0xff, 0x7a,
    0xce, 0xff, 0x7a, 0xce, 0xff, 0x7a, 0xce, 0xff, 0x7a, 0xce, 0xff, 0x7a, 0xce, 0xff, 0x7a, 0xce,
    0xff, 0x7a, 0xce, 0xff, 0x7a, 0xce, 0xff, 0x7a, 0xce, 0xff, 0x7a, 0xce, 0xff, 0x7a, 0xce, 0xff,
    0x7a, 0xce, 0xff, 0x7a, 0xce, 0xff, 0x7a, 0xce, 0xff, 0x7a, 0xce, 0xff, 0x7a, 0xce, 0xff, 0x7a,
    0xce, 0xff, 0x7a, 0xce, 0xff, 0x7a, 0xce, 0xff, 0x7a, 0xce, 0xff, 0x7a, 0xce, 0xff, 0x7a, 0xce,
    0xff, 0x7a, 0xce, 0xff, 0x7a, 0xce, 0xff, 0x7a, 0xce, 0xff, 0x7a, 0xce, 0xff, 0x7a, 0xce, 0xff,
    0x7a, 0xce, 0xff, 0x7a, 0xce, 0xff, 0x7a, 0xce, 0xff, 0x7a, 0xce, 0xff, 0x7a, 0xce, 0xff, 0x7a,
    0xce, 0xff, 0x7a, 0xce, 0xff, 0x7a, 0xce, 0xff, 0x7a, 0xce, 0xff, 0x7a, 0xce, 0xff, 0x7a, 0xce,
    0xff, 0x7a, 0xce, 0xff, 0x7a, 0xce, 0xff, 0x7a, 0xce, 0xff, 0x7a, 0xce, 0xff, 0x7a, 0xce, 0xff,
    0x7a, 0xce, 0xff, 0x7a, 0xce, 0xff, 0x7a, 0xce, 0xff, 0x7a, 0xce, 0xff, 0x7a, 0xce, 0xff, 0x7a,
    0xce, 0xff, 0x7a, 0xce, 0xff, 0x7a, 0xce, 0xff, 0x7a, 0xce, 0xff, 0x7a, 0xce, 0xff, 0x7a, 0xce,
    0xff, 0x7a, 0xce, 0xff, 0x7a, 0xce, 0xff, 0x7a, 0xce, 0xff, 0x7a, 0xce, 0xff, 0x7a, 0xce, 0xff,
    0x7a, 0xce, 0xff, 0x7a, 0xce, 0xff, 0x7a, 0xce, 0xff, 0x7a, 0xce, 0xff, 0x7a, 0xce, 0xff, 0x7a,
    0xce, 0xff, 0x7a, 0xce, 0xff, 0x7a, 0xce, 0xff, 0x7a, 0xce, 0xff, 0x7a, 0xce, 0xff, 0x7a, 0xce,
    0xff, 0x7a, 0xce, 0xff, 0x7a, 0xce, 0xff, 0x7a, 0xce, 0xff, 0x7a, 0xce, 0xff, 0x7a, 0xce, 0xff,
    0x7a, 0xce, 0xff, 0x7a, 0xce, 0xff, 0x7a, 0xce, 0xff, 0x7a, 0xce, 0xff, 0x7a, 0xce, 0xff, 0x7a,
    0xce, 0xff, 0x7a, 0xce, 0xff, 0x7a, 0xce, 0xff, 0x7a, 0xce, 0xff, 0x7a, 0xce, 0xff, 0x7a, 0xce,
    0xff, 0x7a, 0xce, 0xff, 0x7a, 0xce, 0xff, 0x7a, 0xce, 0xff, 0x7a, 0xce, 0xff, 0x7a, 0xce, 0xff,
    0x7a, 0xce, 0xff, 0x7a, 0xce, 0xff, 0x7a, 0xce, 0xff, 0x7a, 0xce, 0xff, 0x7a, 0xc6, 0xff, 0x9b,
    0xce, 0xff, 0xbf, 0xf7, 0xff, 0xdf, 0xf7, 0xff, 0xbf, 0xf7, 0xff, 0xbf, 0xf7, 0xff, 0xbf, 0xf7,
    0xff, 0xbf, 0xf7, 0xff, 0xbf, 0xf7, 0xff, 0xbf, 0xf7, 0xff, 0xbf, 0xf7, 0xff, 0xbf, 0xf7, 0xff,
    0xbf, 0xf7, 0xff, 0xbf, 0xf7, 0xff, 0xbf, 0xf7, 0xff, 0xbf, 0xf7, 0xff, 0xbf, 0xf7, 0xff, 0xbf,
    0xf7, 0xff, 0xbf, 0xf7, 0xff, 0xbf, 0xf7, 0xff, 0xbf, 0xf7, 0xff, 0xbf, 0xf7, 0xff, 0xbf, 0xf7,
    0xff, 0xbf, 0xf7, 0xff, 0xbf, 0xf7, 0xff, 0xbf, 0xf7, 0xff, 0xbf, 0xf7, 0xff, 0xbf, 0xf7, 0xff,
    0xbf, 0xf7, 0xff, 0xbf, 0xf7, 0xff, 0xbf, 0xf7, 0xff, 0xbf, 0xf7, 0xff, 0xbf, 0xf7, 0xff, 0xbf,
    0xf7, 0xff, 0xbf, 0xf7, 0xff, 0xbf, 0xf7, 0xff, 0xbf, 0xf7, 0xff, 0xbf, 0xf7, 0xff, 0xbf, 0xf7,
    0xff, 0xbf, 0xf7, 0xff, 0xbf, 0xf7, 0xff, 0xbf, 0xf7, 0xff, 0xbf, 0xf7, 0xff, 0xbf, 0xf7, 0xff,
    0xbf, 0xf7, 0xff, 0xbf, 0xf7, 0xff, 0xbf, 0xf7, 0xff, 0xbf, 0xf7, 0xff, 0xbf, 0xf7, 0xff, 0xbf,
    0xf7, 0xff, 0xbf, 0xf7, 0xff, 0xbf, 0xf7, 0xff, 0xbf, 0xf7, 0xff, 0xbf, 0xf7, 0xff, 0xbf, 0xf7,
    0xff, 0xbf, 0xf7, 0xff, 0xbf, 0xf7, 0xff, 0xdf, 0xf7, 0xff, 0xdb, 0xd6, 0xff, 0x7a, 0xc6, 0xff,
    0x7a, 0xce, 0xff, 0x7a, 0xce, 0xff, 0x7a, 0xce, 0xff, 0x7a, 0xce, 0xff, 0x7a, 0xce, 0xff, 0x7a,
    0xce, 0xff, 0x7a, 0xce, 0xff, 0x7a, 0xce, 0xff, 0x7a, 0xce, 0xff, 0x7a, 0xce, 0xff, 0x7a, 0xce,
    0xff, 0x7a, 0xce, 0xff, 0x7a, 0xce, 0xff, 0x7a, 0xce, 0xff, 0x7a, 0xce, 0xff, 0x7a, 0xce, 0xff,
    0x7a, 0xce, 0xff, 0x7a, 0xce, 0xff, 0x7a, 0xce, 0xff, 0x7a, 0xce, 0xff, 0x7a, 0xce, 0xff, 0x7a,
    0xce, 0xff, 0x7a, 0xce, 0xff, 0x7a, 0xce, 0xff, 0x7a, 0xce, 0xff, 0x7a, 0xce, 0xff, 0x7a, 0xce,
    0xff, 0x7a, 0xce, 0xff, 0x7a, 0xce, 0xff, 0x7a, 0xce, 0xff, 0x7a, 0xce, 0xff, 0x7a, 0xce, 0xff,
    0x7a, 0xce, 0xff, 0x7a, 0xce, 0xff, 0x7a, 0xce, 0xff, 0x7a, 0xce, 0xff, 0x7a, 0xce, 0xff, 0x7a,
    0xce, 0xff, 0x7a, 0xce, 0xff, 0x7a, 0xce, 0xff, 0x7a, 0xce, 0xff, 0x7a, 0xce, 0xff, 0x7a, 0xce,
    0xff, 0x7a, 0xce, 0xff, 0x7a, 0xce, 0xff, 0x7a, 0xce, 0xff, 0x7a, 0xce, 0xff, 0x7a, 0xce, 0xff,
    0x7a, 0xce, 0xff, 0x7a, 0xce, 0xff, 0x7a, 0xce, 0xff, 0x7a, 0xce, 0xff, 0x7a, 0xce, 0xff, 0x7a,
    0xce, 0xff, 0x7a, 0xce, 0xff, 0x7a, 0xce, 0xff, 0x7a, 0xce, 0xff, 0x7a, 0xce, 0xff, 0x7a, 0xce,
    0xff, 0x7a, 0xce, 0xff, 0x7a, 0xce, 0xff, 0x7a, 0xce, 0xff, 0x7a, 0xce, 0xff, 0x7a, 0xce, 0xff,
    0x7a, 0xce, 0xff, 0x7a, 0xce, 0xff, 0x7a, 0xce, 0xff, 0x7a, 0xce, 0xff, 0x7a, 0xce, 0xff, 0x7a,
    0xce, 0xff, 0x7a, 0xce, 0xff, 0x7a, 0xce, 0xff, 0x7a, 0xce, 0xff, 0x7a, 0xce, 0xff, 0x7a, 0xce,
    0xff, 0x7a, 0xce, 0xff, 0x7a, 0xce, 0xff, 0x7a, 0xce, 0xff, 0x7a, 0xce, 0xff, 0x7a, 0xce, 0xff,
    0x7a, 0xce, 0xff, 0x7a, 0xce, 0xff, 0x7a, 0xce, 0xff, 0x7a, 0xce, 0xff, 0x7a, 0xce, 0xff, 0x7a,
    0xce, 0xff, 0x7a, 0xce, 0xff, 0x7a, 0xce, 0xff, 0x7a, 0xce, 0xff, 0x7a, 0xce, 0xff, 0x7a, 0xce,
    0xff, 0x7a, 0xce, 0xff, 0x7a, 0xce, 0xff, 0x7a, 0xce, 0xff, 0x7a, 0xce, 0xff, 0x7a, 0xce, 0xff,
    0x7a, 0xce, 0xff, 0x7a, 0xce, 0xff, 0x7a, 0xce, 0xff, 0x7a, 0xce, 0xff, 0x7a, 0xce, 0xff, 0x7a,
    0xce, 0xff, 0x7a, 0xce, 0xff, 0x7a, 0xce, 0xff, 0x7a, 0xce, 0xff, 0x7a, 0xce, 0xff, 0x7a, 0xce,
    0xff, 0x7a, 0xce, 0xff, 0x7a, 0xce, 0xff, 0x7a, 0xce, 0xff, 0x7a, 0xce, 0xff, 0x7a, 0xce, 0xff,
    0x7a, 0xce, 0xff, 0x7a, 0xce, 0xff, 0x7a, 0xce, 0xff, 0x7a, 0xce, 0xff, 0x7a, 0xce, 0xff, 0x7a,
    0xce, 0xff, 0x7a, 0xce, 0xff, 0x7a, 0xce, 0xff, 0x7a, 0xc6, 0xff, 0x9b, 0xce, 0xff, 0xbf, 0xf7,
    0xff, 0xdf, 0xf7, 0xff, 0xbf, 0xf7, 0xff, 0xbf, 0xf7, 0xff, 0xbf, 0xf7, 0xff, 0xbf, 0xf7, 0xff,
    0xbf, 0xf7, 0xff, 0xbf, 0xf7, 0xff, 0xbf, 0xf7, 0xff, 0xbf, 0xf7, 0xff, 0xbf, 0xf7, 0xff, 0xbf,
    0xf7, 0xff, 0xbf, 0xf7, 0xff, 0xbf, 0xf7, 0xff, 0xbf, 0xf7, 0xff, 0xbf, 0xf7, 0xff, 0xbf, 0xf7,
    0xff, 0xbf, 0xf7, 0xff, 0xbf, 0xf7, 0xff, 0xbf, 0xf7, 0xff, 0xbf, 0xf7, 0xff, 0xbf, 0xf7, 0xff,
    0xbf, 0xf7, 0xff, 0xbf, 0xf7, 0xff, 0xbf, 0xf7, 0xff, 0xbf, 0xf7, 0xff, 0xbf, 0xf7, 0xff, 0xbf,
    0xf7, 0xff, 0xbf, 0xf7, 0xff, 0xbf, 0xf7, 0xff, 0xbf, 0xf7, 0xff, 0xbf, 0xf7, 0xff, 0xbf, 0xf7,
    0xff, 0xbf, 0xf7, 0xff, 0xbf, 0xf7, 0xff, 0xbf, 0xf7, 0xff, 0xbf, 0xf7, 0xff, 0xbf, 0xf7, 0xff,
    0xbf, 0xf7, 0xff, 0xbf, 0xf7, 0xff, 0xbf, 0xf7, 0xff, 0xbf, 0xf7, 0xff, 0xbf, 0xf7, 0xff, 0xbf,
    0xf7, 0xff, 0xbf, 0xf7, 0xff, 0xbf, 0xf7, 0xff, 0xbf, 0xf7, 0xff, 0xbf, 0xf7, 0xff, 0xbf, 0xf7,
    0xff, 0xbf, 0xf7, 0xff, 0xbf, 0xf7, 0xff, 0xbf, 0xf7, 0xff, 0xbf, 0xf7, 0xff, 0xbf, 0xf7, 0xff,
    0xbf, 0xf7, 0xff, 0xdf, 0xf7, 0xff, 0xdb, 0xd6, 0xff, 0x7a, 0xc6, 0xff, 0x7a, 0xce, 0xff, 0x7a,
    0xce, 0xff, 0x7a, 0xce, 0xff, 0x7a, 0xce, 0xff, 0x7a, 0xce, 0xff, 0x7a, 0xce, 0xff, 0x7a, 0xce,
    0xff, 0x7a, 0xce, 0xff, 0x7a, 0xce, 0xff, 0x7a, 0xce, 0xff, 0x7a, 0xce, 0xff, 0x7a, 0xce, 0xff,
    0x7a, 0xce, 0xff, 0x7a, 0xce, 0xff, 0x7a, 0xce, 0xff, 0x7a, 0xce, 0xff, 0x7a, 0xce, 0xff, 0x7a,
    0xce, 0xff, 0x7a, 0xce, 0xff, 0x7a, 0xce, 0xff, 0x7a, 0xce, 0xff, 0x7a, 0xce, 0xff, 0x7a, 0xce,
    0xff, 0x7a, 0xce, 0xff, 0x7a, 0xce, 0xff, 0x7a, 0xce, 0xff, 0x7a, 0xce, 0xff, 0x7a, 0xce, 0xff,
    0x7a, 0xce, 0xff, 0x7a, 0xce, 0xff, 0x7a, 0xce, 0xff, 0x7a, 0xce, 0xff, 0x7a, 0xce, 0xff, 0x7a,
    0xce, 0xff, 0x7a, 0xce, 0xff, 0x7a, 0xce, 0xff, 0x7a, 0xce, 0xff, 0x7a, 0xce, 0xff, 0x7a, 0xce,
    0xff, 0x7a, 0xce, 0xff, 0x7a, 0xce, 0xff, 0x7a, 0xce, 0xff, 0x7a, 0xce, 0xff, 0x7a, 0xce, 0xff,
    0x7a, 0xce, 0xff, 0x7a, 0xce, 0xff, 0x7a, 0xce, 0xff, 0x7a, 0xce, 0xff, 0x7a, 0xce, 0xff, 0x7a,
    0xce, 0xff, 0x7a, 0xce, 0xff, 0x7a, 0xce, 0xff, 0x7a, 0xce, 0xff, 0x7a, 0xce, 0xff, 0x7a, 0xce,
    0xff, 0x7a, 0xce, 0xff, 0x7a, 0xce, 0xff, 0x7a, 0xce, 0xff, 0x7a, 0xce, 0xff, 0x7a, 0xce, 0xff,
    0x7a, 0xce, 0xff, 0x7a, 0xce, 0xff, 0x7a, 0xce, 0xff, 0x7a, 0xce, 0xff, 0x7a, 0xce, 0xff, 0x7a,
    0xce, 0xff, 0x7a, 0xce, 0xff, 0x7a, 0xce, 0xff, 0x7a, 0xce, 0xff, 0x7a, 0xce, 0xff, 0x7a, 0xce,
    0xff, 0x7a, 0xce, 0xff, 0x7a, 0xce, 0xff, 0x7a, 0xce, 0xff, 0x7a, 0xce, 0xff, 0x7a, 0xce, 0xff,
    0x7a, 0xce, 0xff, 0x7a, 0xce, 0xff, 0x7a, 0xce, 0xff, 0x7a, 0xce, 0xff, 0x7a, 0xce, 0xff, 0x7a,
    0xce, 0xff, 0x7a, 0xce, 0xff, 0x7a, 0xce, 0xff, 0x7a, 0xce, 0xff, 0x7a, 0xce, 0xff, 0x7a, 0xce,
    0xff, 0x7a, 0xce, 0xff, 0x7a, 0xce, 0xff, 0x7a, 0xce, 0xff, 0x7a, 0xce, 0xff, 0x7a, 0xce, 0xff,
    0x7a, 0xce, 0xff, 0x7a, 0xce, 0xff, 0x7a, 0xce, 0xff, 0x7a, 0xce, 0xff, 0x7a, 0xce, 0xff, 0x7a,
    0xce, 0xff, 0x7a, 0xce, 0xff, 0x7a, 0xce, 0xff, 0x7a, 0xce, 0xff, 0x7a, 0xce, 0xff, 0x7a, 0xce,
    0xff, 0x7a, 0xce, 0xff, 0x7a, 0xce, 0xff, 0x7a, 0xce, 0xff, 0x7a, 0xce, 0xff, 0x7a, 0xce, 0xff,
    0x7a, 0xce, 0xff, 0x7a, 0xce, 0xff, 0x7a, 0xce, 0xff, 0x7a, 0xce, 0xff, 0x7a, 0xce, 0xff, 0x7a,
    0xce, 0xff, 0x7a, 0xce, 0xff, 0x7a, 0xce, 0xff, 0x7a, 0xce, 0xff, 0x7a, 0xce, 0xff, 0x7a, 0xce,
    0xff, 0x7a, 0xce, 0xff, 0x7a, 0xc6, 0xff, 0x9a, 0xce, 0xff, 0x9e, 0xf7, 0xff, 0xdf, 0xf7, 0xff,
    0xbf, 0xf7, 0xff, 0xbf, 0xf7, 0xff, 0xbf, 0xf7, 0xff, 0xbf, 0xf7, 0xff, 0xbf, 0xf7, 0xff, 0xbf,
    0xf7, 0xff, 0xbf, 0xf7, 0xff, 0xbf, 0xf7, 0xff, 0xbf, 0xf7, 0xff, 0xbf, 0xf7, 0xff, 0xbf, 0xf7,
    0xff, 0xbf, 0xf7, 0xff, 0xbf, 0xf7, 0xff, 0xbf, 0xf7, 0xff, 0xbf, 0xf7, 0xff, 0xbf, 0xf7, 0xff,
    0xbf, 0xf7, 0xff, 0xbf, 0xf7, 0xff, 0xbf, 0xf7, 0xff, 0xbf, 0xf7, 0xff, 0xbf, 0xf7, 0xff, 0xbf,
    0xf7, 0xff, 0xbf, 0xf7, 0xff, 0xbf, 0xf7, 0xff, 0xbf, 0xf7, 0xff, 0xbf, 0xf7, 0xff, 0xbf, 0xf7,
    0xff, 0xbf, 0xf7, 0xff, 0xbf, 0xf7, 0xff, 0xbf, 0xf7, 0xff, 0xbf, 0xf7, 0xff, 0xbf, 0xf7, 0xff,
    0xbf, 0xf7, 0xff, 0xbf, 0xf7, 0xff, 0xbf, 0xf7, 0xff, 0xbf, 0xf7, 0xff, 0xbf, 0xf7, 0xff, 0xbf,
    0xf7, 0xff, 0xbf, 0xf7, 0xff, 0xbf, 0xf7, 0xff, 0xbf, 0xf7, 0xff, 0xbf, 0xf7, 0xff, 0xbf, 0xf7,
    0xff, 0xbf, 0xf7, 0xff, 0xbf, 0xf7, 0xff, 0xbf, 0xf7, 0xff, 0xbf, 0xf7, 0xff, 0xbf, 0xf7, 0xff,
    0xbf, 0xf7, 0xff, 0xbf, 0xf7, 0xff, 0xbf, 0xf7, 0xff, 0xbf, 0xf7, 0xff, 0xbf, 0xf7, 0xff, 0xdf,
    0xf7, 0xff, 0xbb, 0xd6, 0xff, 0x7a, 0xc6, 0xff, 0x7a, 0xce, 0xff, 0x7a, 0xce, 0xff, 0x7a, 0xce,
    0xff, 0x7a, 0xce, 0xff, 0x7a, 0xce, 0xff, 0x7a, 0xce, 0xff, 0x7a, 0xce, 0xff, 0x7a, 0xce, 0xff,
    0x7a, 0xce, 0xff, 0x7a, 0xce, 0xff, 0x7a, 0xce, 0xff, 0x7a, 0xce, 0xff, 0x7a, 0xce, 0xff, 0x7a,
    0xce, 0xff, 0x7a, 0xce, 0xff, 0x7a, 0xce, 0xff, 0x7a, 0xce, 0xff, 0x7a, 0xce, 0xff, 0x7a, 0xce,
    0xff, 0x7a, 0xce, 0xff, 0x7a, 0xce, 0xff, 0x7a, 0xce, 0xff, 0x7a, 0xce, 0xff, 0x7a, 0xce, 0xff,
    0x7a, 0xce, 0xff, 0x7a, 0xce, 0xff, 0x7a, 0xce, 0xff, 0x7a, 0xce, 0xff, 0x7a, 0xce, 0xff, 0x7a,
    0xce, 0xff, 0x7a, 0xce, 0xff, 0x7a, 0xce, 0xff, 0x7a, 0xce, 0xff, 0x7a, 0xce, 0xff, 0x7a, 0xce,
    0xff, 0x7a, 0xce, 0xff, 0x7a, 0xce, 0xff, 0x7a, 0xce, 0xff, 0x7a, 0xce, 0xff, 0x7a, 0xce, 0xff,
    0x7a, 0xce, 0xff, 0x7a, 0xce, 0xff, 0x7a, 0xce, 0xff, 0x7a, 0xce, 0xff, 0x7a, 0xce, 0xff, 0x7a,
    0xce, 0xff, 0x7a, 0xce, 0xff, 0x7a, 0xce, 0xff, 0x7a, 0xce, 0xff, 0x7a, 0xce, 0xff, 0x7a, 0xce,
    0xff, 0x7a, 0xce, 0xff, 0x7a, 0xce, 0xff, 0x7a, 0xce, 0xff, 0x7a, 0xce, 0xff, 0x7a, 0xce, 0xff,
    0x7a, 0xce, 0xff, 0x7a, 0xce, 0xff, 0x7a, 0xce, 0xff, 0x7a, 0xce, 0xff, 0x7a, 0xce, 0xff, 0x7a,
    0xce, 0xff, 0x7a, 0xce, 0xff, 0x7a, 0xce, 0xff, 0x7a, 0xce, 0xff, 0x7a, 0xce, 0xff, 0x7a, 0xce,
    0xff, 0x7a, 0xce, 0xff, 0x7a, 0xce, 0xff, 0x7a, 0xce, 0xff, 0x7a, 0xce, 0xff, 0x7a, 0xce, 0xff,
    0x7a, 0xce, 0xff, 0x7a, 0xce, 0xff, 0x7a, 0xce, 0xff, 0x7a, 0xce, 0xff, 0x7a, 0xce, 0xff, 0x7a,
    0xce, 0xff, 0x7a, 0xce, 0xff, 0x7a, 0xce, 0xff, 0x7a, 0xce, 0xff, 0x7a, 0xce, 0xff, 0x7a, 0xce,
    0xff, 0x7a, 0xce, 0xff, 0x7a, 0xce, 0xff, 0x7a, 0xce, 0xff, 0x7a, 0xce, 0xff, 0x7a, 0xce, 0xff,
    0x7a, 0xce, 0xff, 0x7a, 0xce, 0xff, 0x7a, 0xce, 0xff, 0x7a, 0xce, 0xff, 0x7a, 0xce, 0xff, 0x7a,
    0xce, 0xff, 0x7a, 0xce, 0xff, 0x7a, 0xce, 0xff, 0x7a, 0xce, 0xff, 0x7a, 0xce, 0xff, 0x7a, 0xce,
    0xff, 0x7a, 0xce, 0xff, 0x7a, 0xce, 0xff, 0x7a, 0xce, 0xff, 0x7a, 0xce, 0xff, 0x7a, 0xce, 0xff,
    0x7a, 0xce, 0xff, 0x7a, 0xce, 0xff, 0x7a, 0xce, 0xff, 0x7a, 0xce, 0xff, 0x7a, 0xce, 0xff, 0x7a,
    0xce, 0xff, 0x7a, 0xce, 0xff, 0x7a, 0xce, 0xff, 0x7a, 0xce, 0xff, 0x7a, 0xce, 0xff, 0x7a, 0xce,
    0xff, 0x7a, 0xce, 0xff, 0x7a, 0xce, 0xff, 0x7a, 0xce, 0xff, 0x7a, 0xce, 0xff, 0x7a, 0xce, 0xff,
    0x7a, 0xce, 0xff, 0x7a, 0xc6, 0xff, 0x7e, 0xef, 0xff, 0xdf, 0xf7, 0xff, 0xbf, 0xf7, 0xff, 0xbf,
    0xf7, 0xff, 0xbf, 0xf7, 0xff, 0xbf, 0xf7, 0xff, 0xbf, 0xf7, 0xff, 0xbf, 0xf7, 0xff, 0xbf, 0xf7,
    0xff, 0xbf, 0xf7, 0xff, 0xbf, 0xf7, 0xff, 0xbf, 0xf7, 0xff, 0xbf, 0xf7, 0xff, 0xbf, 0xf7, 0xff,
    0xbf, 0xf7, 0xff, 0xbf, 0xf7, 0xff, 0xbf, 0xf7, 0xff, 0xbf, 0xf7, 0xff, 0xbf, 0xf7, 0xff, 0xbf,
    0xf7, 0xff, 0xbf, 0xf7, 0xff, 0xbf, 0xf7, 0xff, 0xbf, 0xf7, 0xff, 0xbf, 0xf7, 0xff, 0xbf, 0xf7,
    0xff, 0xbf, 0xf7, 0xff, 0xbf, 0xf7, 0xff, 0xbf, 0xf7, 0xff, 0xbf, 0xf7, 0xff, 0xbf, 0xf7, 0xff,
    0xbf, 0xf7, 0xff, 0xbf, 0xf7, 0xff, 0xbf, 0xf7, 0xff, 0xbf, 0xf7, 0xff, 0xbf, 0xf7, 0xff, 0xbf,
    0xf7, 0xff, 0xbf, 0xf7, 0xff, 0xbf, 0xf7, 0xff, 0xbf, 0xf7, 0xff, 0xbf, 0xf7, 0xff, 0xbf, 0xf7,
    0xff, 0xbf, 0xf7, 0xff, 0xbf, 0xf7, 0xff, 0xbf, 0xf7, 0xff, 0xbf, 0xf7, 0xff, 0xbf, 0xf7, 0xff,
    0xbf, 0xf7, 0xff, 0xbf, 0xf7, 0xff, 0xbf, 0xf7, 0xff, 0xbf, 0xf7, 0xff, 0xbf, 0xf7, 0xff, 0xbf,
    0xf7, 0xff, 0xbf, 0xf7, 0xff, 0xbf, 0xf7, 0xff, 0xdf, 0xf7, 0xff, 0xbf, 0xf7, 0xff, 0x9b, 0xce,
    0xff, 0x7a, 0xc6, 0xff, 0x7a, 0xce, 0xff, 0x7a, 0xce, 0xff, 0x7a, 0xce, 0xff, 0x7a, 0xce, 0xff,
    0x7a, 0xce, 0xff, 0x7a, 0xce, 0xff, 0x7a, 0xce, 0xff, 0x7a, 0xce, 0xff, 0x7a, 0xce, 0xff, 0x7a,
    0xce, 0xff, 0x7a, 0xce, 0xff, 0x7a, 0xce, 0xff, 0x7a, 0xce, 0xff, 0x7a, 0xce, 0xff, 0x7a, 0xce,
    0xff, 0x7a, 0xce, 0xff, 0x7a, 0xce, 0xff, 0x7a, 0xce, 0xff, 0x7a, 0xce, 0xff, 0x7a, 0xce, 0xff,
    0x7a, 0xce, 0xff, 0x7a, 0xce, 0xff, 0x7a, 0xce, 0xff, 0x7a, 0xce, 0xff, 0x7a, 0xce, 0xff, 0x7a,
    0xce, 0xff, 0x7a, 0xce, 0xff, 0x7a, 0xce, 0xff, 0x7a, 0xce, 0xff, 0x7a, 0xce, 0xff, 0x7a, 0xce,
    0xff, 0x7a, 0xce, 0xff, 0x7a, 0xce, 0xff, 0x7a, 0xce, 0xff, 0x7a, 0xce, 0xff, 0x7a, 0xce, 0xff,
    0x7a, 0xce, 0xff, 0x7a, 0xce, 0xff, 0x7a, 0xce, 0xff, 0x7a, 0xce, 0xff, 0x7a, 0xce, 0xff, 0x7a,
    0xce, 0xff, 0x7a, 0xce, 0xff, 0x7a, 0xce, 0xff, 0x7a, 0xce, 0xff, 0x7a, 0xce, 0xff, 0x7a, 0xce,
    0xff, 0x7a, 0xce, 0xff, 0x7a, 0xce, 0xff, 0x7a, 0xce, 0xff, 0x7a, 0xce, 0xff, 0x7a, 0xce, 0xff,
    0x7a, 0xce, 0xff, 0x7a, 0xce, 0xff, 0x7a, 0xce, 0xff, 0x7a, 0xce, 0xff, 0x7a, 0xce, 0xff, 0x7a,
    0xce, 0xff, 0x7a, 0xce, 0xff, 0x7a, 0xce, 0xff, 0x7a, 0xce, 0xff, 0x7a, 0xce, 0xff, 0x7a, 0xce,
    0xff, 0x7a, 0xce, 0xff, 0x7a, 0xce, 0xff, 0x7a, 0xce, 0xff, 0x7a, 0xce, 0xff, 0x7a, 0xce, 0xff,
    0x7a, 0xce, 0xff, 0x7a, 0xce, 0xff, 0x7a, 0xce, 0xff, 0x7a, 0xce, 0xff, 0x7a, 0xce, 0xff, 0x7a,
    0xce, 0xff, 0x7a, 0xce, 0xff, 0x7a, 0xce, 0xff, 0x7a, 0xce, 0xff, 0x7a, 0xce, 0xff, 0x7a, 0xce,
    0xff, 0x7a, 0xce, 0xff, 0x7a, 0xce, 0xff, 0x7a, 0xce, 0xff, 0x7a, 0xce, 0xff, 0x7a, 0xce, 0xff,
    0x7a, 0xce, 0xff, 0x7a, 0xce, 0xff, 0x7a, 0xce, 0xff, 0x7a, 0xce, 0xff, 0x7a, 0xce, 0xff, 0x7a,
    0xce, 0xff, 0x7a, 0xce, 0xff, 0x7a, 0xce, 0xff, 0x7a, 0xce, 0xff, 0x7a, 0xce, 0xff, 0x7a, 0xce,
    0xff, 0x7a, 0xce, 0xff, 0x7a, 0xce, 0xff, 0x7a, 0xce, 0xff, 0x7a, 0xce, 0xff, 0x7a, 0xce, 0xff,
    0x7a, 0xce, 0xff, 0x7a, 0xce, 0xff, 0x7a, 0xce, 0xff, 0x7a, 0xce, 0xff, 0x7a, 0xce, 0xff, 0x7a,
    0xce, 0xff, 0x7a, 0xce, 0xff, 0x7a, 0xce, 0xff, 0x7a, 0xce, 0xff, 0x7a, 0xce, 0xff, 0x7a, 0xce,
    0xff, 0x7a, 0xce, 0xff, 0x7a, 0xce, 0xff, 0x7a, 0xce, 0xff, 0x7a, 0xce, 0xff, 0x7a, 0xce, 0xff,
    0x7a, 0xce, 0xff, 0x7a, 0xce, 0xff, 0x7a, 0xce, 0xff, 0x7a, 0xce, 0xff, 0x7a, 0xce, 0xff, 0x7a,
    0xc6, 0xff, 0x5d, 0xe7, 0xff, 0xdf, 0xf7, 0xff, 0xbf, 0xf7, 0xff, 0xbf, 0xf7, 0xff, 0xbf, 0xf7,
    0xff, 0xbf, 0xf7, 0xff, 0xbf, 0xf7, 0xff, 0xbf, 0xf7, 0xff, 0xbf, 0xf7, 0xff, 0xbf, 0xf7, 0xff,
    0xbf, 0xf7, 0xff, 0xbf, 0xf7, 0xff, 0xbf, 0xf7, 0xff, 0xbf, 0xf7, 0xff, 0xbf, 0xf7, 0xff, 0xbf,
    0xf7, 0xff, 0xbf, 0xf7, 0xff, 0xbf, 0xf7, 0xff, 0xbf, 0xf7, 0xff, 0xbf, 0xf7, 0xff, 0xbf, 0xf7,
    0xff, 0xbf, 0xf7, 0xff, 0xbf, 0xf7, 0xff, 0xbf, 0xf7, 0xff, 0xbf, 0xf7, 0xff, 0xbf, 0xf7, 0xff,
    0xbf, 0xf7, 0xff, 0xbf, 0xf7, 0xff, 0xbf, 0xf7, 0xff, 0xbf, 0xf7, 0xff, 0xbf, 0xf7, 0xff, 0xbf,
    0xf7, 0xff, 0xbf, 0xf7, 0xff, 0xbf, 0xf7, 0xff, 0xbf, 0xf7, 0xff, 0xbf, 0xf7, 0xff, 0xbf, 0xf7,
    0xff, 0xbf, 0xf7, 0xff, 0xbf, 0xf7, 0xff, 0xbf, 0xf7, 0xff, 0xbf, 0xf7, 0xff, 0xbf, 0xf7, 0xff,
    0xbf, 0xf7, 0xff, 0xbf, 0xf7, 0xff, 0xbf, 0xf7, 0xff, 0xbf, 0xf7, 0xff, 0xbf, 0xf7, 0xff, 0xbf,
    0xf7, 0xff, 0xbf, 0xf7, 0xff, 0xbf, 0xf7, 0xff, 0xbf, 0xf7, 0xff, 0xbf, 0xf7, 0xff, 0xbf, 0xf7,
    0xff, 0xbf, 0xf7, 0xff, 0xdf, 0xf7, 0xff, 0x9e, 0xf7, 0xff, 0x9a, 0xce, 0xff, 0x7a, 0xc6, 0xff,
    0x7a, 0xce, 0xff, 0x7a, 0xce, 0xff, 0x7a, 0xce, 0xff, 0x7a, 0xce, 0xff, 0x7a, 0xce, 0xff, 0x7a,
    0xce, 0xff, 0x7a, 0xce, 0xff, 0x7a, 0xce, 0xff, 0x7a, 0xce, 0xff, 0x7a, 0xce, 0xff, 0x7a, 0xce,
    0xff, 0x7a, 0xce, 0xff, 0x7a, 0xce, 0xff, 0x7a, 0xce, 0xff, 0x7a, 0xce, 0xff, 0x7a, 0xce, 0xff,
    0x7a, 0xce, 0xff, 0x7a, 0xce, 0xff, 0x7a, 0xce, 0xff, 0x7a, 0xce, 0xff, 0x7a, 0xce, 0xff, 0x7a,
    0xce, 0xff, 0x7a, 0xce, 0xff, 0x7a, 0xce, 0xff, 0x7a, 0xce, 0xff, 0x7a, 0xce, 0xff, 0x7a, 0xce,
    0xff, 0x7a, 0xce, 0xff, 0x7a, 0xce, 0xff, 0x7a, 0xce, 0xff, 0x7a, 0xce, 0xff, 0x7a, 0xce, 0xff,
    0x7a, 0xce, 0xff, 0x7a, 0xce, 0xff, 0x7a, 0xce, 0xff, 0x7a, 0xce, 0xff, 0x7a, 0xce, 0xff, 0x7a,
    0xce, 0xff, 0x7a, 0xce, 0xff, 0x7a, 0xce, 0xff, 0x7a, 0xce, 0xff, 0x7a, 0xce, 0xff, 0x7a, 0xce,
    0xff, 0x7a, 0xce, 0xff, 0x7a, 0xce, 0xff, 0x7a, 0xce, 0xff, 0x7a, 0xce, 0xff, 0x7a, 0xce, 0xff,
    0x7a, 0xce, 0xff, 0x7a, 0xce, 0xff, 0x7a, 0xce, 0xff, 0x7a, 0xce, 0xff, 0x7a, 0xce, 0xff, 0x7a,
    0xce, 0xff, 0x7a, 0xce, 0xff, 0x7a, 0xce, 0xff, 0x7a, 0xce, 0xff, 0x7a, 0xce, 0xff, 0x7a, 0xce,
    0xff, 0x7a, 0xce, 0xff, 0x7a, 0xce, 0xff, 0x7a, 0xce, 0xff, 0x7a, 0xce, 0xff, 0x7a, 0xce, 0xff,
    0x7a, 0xce, 0xff, 0x7a, 0xce, 0xff, 0x7a, 0xce, 0xff, 0x7a, 0xce, 0xff, 0x7a, 0xce, 0xff, 0x7a,
    0xce, 0xff, 0x7a, 0xce, 0xff, 0x7a, 0xce, 0xff, 0x7a, 0xce, 0xff, 0x7a, 0xce, 0xff, 0x7a, 0xce,
    0xff, 0x7a, 0xce, 0xff, 0x7a, 0xce, 0xff, 0x7a, 0xce, 0xff, 0x7a, 0xce, 0xff, 0x7a, 0xce, 0xff,
    0x7a, 0xce, 0xff, 0x7a, 0xce, 0xff, 0x7a, 0xce, 0xff, 0x7a, 0xce, 0xff, 0x7a, 0xce, 0xff, 0x7a,
    0xce, 0xff, 0x7a, 0xce, 0xff, 0x7a, 0xce, 0xff, 0x7a, 0xce, 0xff, 0x7a, 0xce, 0xff, 0x7a, 0xce,
    0xff, 0x7a, 0xce, 0xff, 0x7a, 0xce, 0xff, 0x7a, 0xce, 0xff, 0x7a, 0xce, 0xff, 0x7a, 0xce, 0xff,
    0x7a, 0xce, 0xff, 0x7a, 0xce, 0xff, 0x7a, 0xce, 0xff, 0x7a, 0xce, 0xff, 0x7a, 0xce, 0xff, 0x7a,
    0xce, 0xff, 0x7a, 0xce, 0xff, 0x7a, 0xce, 0xff, 0x7a, 0xce, 0xff, 0x7a, 0xce, 0xff, 0x7a, 0xce,
    0xff, 0x7a, 0xce, 0xff, 0x7a, 0xce, 0xff, 0x7a, 0xce, 0xff, 0x7a, 0xce, 0xff, 0x7a, 0xce, 0xff,
    0x7a, 0xce, 0xff, 0x7a, 0xce, 0xff, 0x7a, 0xce, 0xff, 0x7a, 0xce, 0xff, 0x7a, 0xce, 0xff, 0x7a,
    0xce, 0xff, 0x7a, 0xce, 0xff, 0x7a, 0xce, 0xff, 0x7a, 0xce, 0xff, 0x5a, 0xc6, 0xff, 0x1c, 0xdf,
    0xff, 0xdf, 0xff, 0xff, 0xbf, 0xf7, 0xff, 0xbf, 0xf7, 0xff, 0xbf, 0xf7, 0xff, 0xbf, 0xf7, 0xff,
    0xbf, 0xf7, 0xff, 0xbf, 0xf7, 0xff, 0xbf, 0xf7, 0xff, 0xbf, 0xf7, 0xff, 0xbf, 0xf7, 0xff, 0xbf,
    0xf7, 0xff, 0xbf, 0xf7, 0xff, 0xbf, 0xf7, 0xff, 0xbf, 0xf7, 0xff, 0xbf, 0xf7, 0xff, 0xbf, 0xf7,
    0xff, 0xbf, 0xf7, 0xff, 0xbf, 0xf7, 0xff, 0xbf, 0xf7, 0xff, 0xbf, 0xf7, 0xff, 0xbf, 0xf7, 0xff,
    0xbf, 0xf7, 0xff, 0xbf, 0xf7, 0xff, 0xbf, 0xf7, 0xff, 0xbf, 0xf7, 0xff, 0xbf, 0xf7, 0xff, 0xbf,
    0xf7, 0xff, 0xbf, 0xf7, 0xff, 0xbf, 0xf7, 0xff, 0xbf, 0xf7, 0xff, 0xbf, 0xf7, 0xff, 0xbf, 0xf7,
    0xff, 0xbf, 0xf7, 0xff, 0xbf, 0xf7, 0xff, 0xbf, 0xf7, 0xff, 0xbf, 0xf7, 0xff, 0xbf, 0xf7, 0xff,
    0xbf, 0xf7, 0xff, 0xbf, 0xf7, 0xff, 0xbf, 0xf7, 0xff, 0xbf, 0xf7, 0xff, 0xbf, 0xf7, 0xff, 0xbf,
    0xf7, 0xff, 0xbf, 0xf7, 0xff, 0xbf, 0xf7, 0xff, 0xbf, 0xf7, 0xff, 0xbf, 0xf7, 0xff, 0xbf, 0xf7,
    0xff, 0xbf, 0xf7, 0xff, 0xbf, 0xf7, 0xff, 0xbf, 0xf7, 0xff, 0xbf, 0xf7, 0xff, 0xbf, 0xf7, 0xff,
    0xdf, 0xf7, 0xff, 0x5e, 0xef, 0xff, 0x7a, 0xc6, 0xff, 0x7a, 0xce, 0xff, 0x7a, 0xce, 0xff, 0x7a,
    0xce, 0xff, 0x7a, 0xce, 0xff, 0x7a, 0xce, 0xff, 0x7a, 0xce, 0xff, 0x7a, 0xce, 0xff, 0x7a, 0xce,
    0xff, 0x7a, 0xce, 0xff, 0x7a, 0xce, 0xff, 0x7a, 0xce, 0xff, 0x7a, 0xce, 0xff, 0x7a, 0xce, 0xff,
    0x7a, 0xce, 0xff, 0x7a, 0xce, 0xff, 0x7a, 0xce, 0xff, 0x7a, 0xce, 0xff, 0x7a, 0xce, 0xff, 0x7a,
    0xce, 0xff, 0x7a, 0xce, 0xff, 0x7a, 0xce, 0xff, 0x7a, 0xce, 0xff, 0x7a, 0xce, 0xff, 0x7a, 0xce,
    0xff, 0x7a, 0xce, 0xff, 0x7a, 0xce, 0xff, 0x7a, 0xce, 0xff, 0x7a, 0xce, 0xff, 0x7a, 0xce, 0xff,
    0x7a, 0xce, 0xff, 0x7a, 0xce, 0xff, 0x7a, 0xce, 0xff, 0x7a, 0xce, 0xff, 0x7a, 0xce, 0xff, 0x7a,
    0xce, 0xff, 0x7a, 0xce, 0xff, 0x7a, 0xce, 0xff, 0x7a, 0xce, 0xff, 0x7a, 0xce, 0xff, 0x7a, 0xce,
    0xff, 0x7a, 0xce, 0xff, 0x7a, 0xce, 0xff, 0x7a, 0xce, 0xff, 0x7a, 0xce, 0xff, 0x7a, 0xce, 0xff,
    0x7a, 0xce, 0xff, 0x7a, 0xce, 0xff, 0x7a, 0xce, 0xff, 0x7a, 0xce, 0xff, 0x7a, 0xce, 0xff, 0x7a,
    0xce, 0xff, 0x7a, 0xce, 0xff, 0x7a, 0xce, 0xff, 0x7a, 0xce, 0xff, 0x7a, 0xce, 0xff, 0x7a, 0xce,
    0xff, 0x7a, 0xce, 0xff, 0x7a, 0xce, 0xff, 0x7a, 0xce, 0xff, 0x7a, 0xce, 0xff, 0x7a, 0xce, 0xff,
    0x7a, 0xce, 0xff, 0x7a, 0xce, 0xff, 0x7a, 0xce, 0xff, 0x7a, 0xce, 0xff, 0x7a, 0xce, 0xff, 0x7a,
    0xce, 0xff, 0x7a, 0xce, 0xff, 0x7a, 0xce, 0xff, 0x7a, 0xce, 0xff, 0x7a, 0xce, 0xff, 0x7a, 0xce,
    0xff, 0x7a, 0xce, 0xff, 0x7a, 0xce, 0xff, 0x7a, 0xce, 0xff, 0x7a, 0xce, 0xff, 0x7a, 0xce, 0xff,
    0x7a, 0xce, 0xff, 0x7a, 0xce, 0xff, 0x7a, 0xce, 0xff, 0x7a, 0xce, 0xff, 0x7a, 0xce, 0xff, 0x7a,
    0xce, 0xff, 0x7a, 0xce, 0xff, 0x7a, 0xce, 0xff, 0x7a, 0xce, 0xff, 0x7a, 0xce, 0xff, 0x7a, 0xce,
    0xff, 0x7a, 0xce, 0xff, 0x7a, 0xce, 0xff, 0x7a, 0xce, 0xff, 0x7a, 0xce, 0xff, 0x7a, 0xce, 0xff,
    0x7a, 0xce, 0xff, 0x7a, 0xce, 0xff, 0x7a, 0xce, 0xff, 0x7a, 0xce, 0xff, 0x7a, 0xce, 0xff, 0x7a,
    0xce, 0xff, 0x7a, 0xce, 0xff, 0x7a, 0xce, 0xff, 0x7a, 0xce, 0xff, 0x7a, 0xce, 0xff, 0x7a, 0xce,
    0xff, 0x7a, 0xce, 0xff, 0x7a, 0xce, 0xff, 0x7a, 0xce, 0xff, 0x7a, 0xce, 0xff, 0x7a, 0xce, 0xff,
    0x7a, 0xce, 0xff, 0x7a, 0xce, 0xff, 0x7a, 0xce, 0xff, 0x7a, 0xce, 0xff, 0x7a, 0xce, 0xff, 0x7a,
    0xce, 0xff, 0x7a, 0xce, 0xff, 0x7a, 0xce, 0xff, 0x7a, 0xce, 0xff, 0x7a, 0xce, 0xff, 0x7a, 0xce,
    0xff, 0x7a, 0xce, 0xff, 0x7a, 0xce, 0xff, 0x7a, 0xc6, 0xff, 0xdb, 0xd6, 0xff, 0xdf, 0xf7, 0xff,
    0xbf, 0xf7, 0xff, 0xbf, 0xf7, 0xff, 0xbf, 0xf7, 0xff, 0xbf, 0xf7, 0xff, 0xbf, 0xf7, 0xff, 0xbf,
    0xf7, 0xff, 0xbf, 0xf7, 0xff, 0xbf, 0xf7, 0xff, 0xbf, 0xf7, 0xff, 0xbf, 0xf7, 0xff, 0xbf, 0xf7,
    0xff, 0xbf, 0xf7, 0xff, 0xbf, 0xf7, 0xff, 0xbf, 0xf7, 0xff, 0xbf, 0xf7, 0xff, 0xbf, 0xf7, 0xff,
    0xbf, 0xf7, 0xff, 0xbf, 0xf7, 0xff, 0xbf, 0xf7, 0xff, 0xbf, 0xf7, 0xff, 0xbf, 0xf7, 0xff, 0xbf,
    0xf7, 0xff, 0xbf, 0xf7, 0xff, 0xbf, 0xf7, 0xff, 0xbf, 0xf7, 0xff, 0xbf, 0xf7, 0xff, 0xbf, 0xf7,
    0xff, 0xbf, 0xf7, 0xff, 0xbf, 0xf7, 0xff, 0xbf, 0xf7, 0xff, 0xbf, 0xf7, 0xff, 0xbf, 0xf7, 0xff,
    0xbf, 0xf7, 0xff, 0xbf, 0xf7, 0xff, 0xbf, 0xf7, 0xff, 0xbf, 0xf7, 0xff, 0xbf, 0xf7, 0xff, 0xbf,
    0xf7, 0xff, 0xbf, 0xf7, 0xff, 0xbf, 0xf7, 0xff, 0xbf, 0xf7, 0xff, 0xbf, 0xf7, 0xff, 0xbf, 0xf7,
    0xff, 0xbf, 0xf7, 0xff, 0xbf, 0xf7, 0xff, 0xbf, 0xf7, 0xff, 0xbf, 0xf7, 0xff, 0xbf, 0xf7, 0xff,
    0xbf, 0xf7, 0xff, 0xbf, 0xf7, 0xff, 0xbf, 0xf7, 0xff, 0xbf, 0xf7, 0xff, 0xdf, 0xff, 0xff, 0x1d,
    0xdf, 0xff, 0x5a, 0xc6, 0xff, 0x7a, 0xce, 0xff, 0x7a, 0xce, 0xff, 0x7a, 0xce, 0xff, 0x7a, 0xce,
    0xff, 0x7a, 0xce, 0xff, 0x7a, 0xce, 0xff, 0x7a, 0xce, 0xff, 0x7a, 0xce, 0xff, 0x7a, 0xce, 0xff,
    0x7a, 0xce, 0xff, 0x7a, 0xce, 0xff, 0x7a, 0xce, 0xff, 0x7a, 0xce, 0xff, 0x7a, 0xce, 0xff, 0x7a,
    0xce, 0xff, 0x7a, 0xce, 0xff, 0x7a, 0xce, 0xff, 0x7a, 0xce, 0xff, 0x7a, 0xce, 0xff, 0x7a, 0xce,
    0xff, 0x7a, 0xce, 0xff, 0x7a, 0xce, 0xff, 0x7a, 0xce, 0xff, 0x7a, 0xce, 0xff, 0x7a, 0xce, 0xff,
    0x7a, 0xce, 0xff, 0x7a, 0xce, 0xff, 0x7a, 0xce, 0xff, 0x7a, 0xce, 0xff, 0x7a, 0xce, 0xff, 0x7a,
    0xce, 0xff, 0x7a, 0xce, 0xff, 0x7a, 0xce, 0xff, 0x7a, 0xce, 0xff, 0x7a, 0xce, 0xff, 0x7a, 0xce,
    0xff, 0x7a, 0xce, 0xff, 0x7a, 0xce, 0xff, 0x7a, 0xce, 0xff, 0x7a, 0xce, 0xff, 0x7a, 0xce, 0xff,
    0x7a, 0xce, 0xff, 0x7a, 0xce, 0xff, 0x7a, 0xce, 0xff, 0x7a, 0xce, 0xff, 0x7a, 0xce, 0xff, 0x7a,
    0xce, 0xff, 0x7a, 0xce, 0xff, 0x7a, 0xce, 0xff, 0x7a, 0xce, 0xff, 0x7a, 0xce, 0xff, 0x7a, 0xce,
    0xff, 0x7a, 0xce, 0xff, 0x7a, 0xce, 0xff, 0x7a, 0xce, 0xff, 0x7a, 0xce, 0xff, 0x7a, 0xce, 0xff,
    0x7a, 0xce, 0xff, 0x7a, 0xce, 0xff, 0x7a, 0xce, 0xff, 0x7a, 0xce, 0xff, 0x7a, 0xce, 0xff, 0x7a,
    0xce, 0xff, 0x7a, 0xce, 0xff, 0x7a, 0xce, 0xff, 0x7a, 0xce, 0xff, 0x7a, 0xce, 0xff, 0x7a, 0xce,
    0xff, 0x7a, 0xce, 0xff, 0x7a, 0xce, 0xff, 0x7a, 0xce, 0xff, 0x7a, 0xce, 0xff, 0x7a, 0xce, 0xff,
    0x7a, 0xce, 0xff, 0x7a, 0xce, 0xff, 0x7a, 0xce, 0xff, 0x7a, 0xce, 0xff, 0x7a, 0xce, 0xff, 0x7a,
    0xce, 0xff, 0x7a, 0xce, 0xff, 0x7a, 0xce, 0xff, 0x7a, 0xce, 0xff, 0x7a, 0xce, 0xff, 0x7a, 0xce,
    0xff, 0x7a, 0xce, 0xff, 0x7a, 0xce, 0xff, 0x7a, 0xce, 0xff, 0x7a, 0xce, 0xff, 0x7a, 0xce, 0xff,
    0x7a, 0xce, 0xff, 0x7a, 0xce, 0xff, 0x7a, 0xce, 0xff, 0x7a, 0xce, 0xff, 0x7a, 0xce, 0xff, 0x7a,
    0xce, 0xff, 0x7a, 0xce, 0xff, 0x7a, 0xce, 0xff, 0x7a, 0xce, 0xff, 0x7a, 0xce, 0xff, 0x7a, 0xce,
    0xff, 0x7a, 0xce, 0xff, 0x7a, 0xce, 0xff, 0x7a, 0xce, 0xff, 0x7a, 0xce, 0xff, 0x7a, 0xce, 0xff,
    0x7a, 0xce, 0xff, 0x7a, 0xce, 0xff, 0x7a, 0xce, 0xff, 0x7a, 0xce, 0xff, 0x7a, 0xce, 0xff, 0x7a,
    0xce, 0xff, 0x7a, 0xce, 0xff, 0x7a, 0xce, 0xff, 0x7a, 0xce, 0xff, 0x7a, 0xce, 0xff, 0x7a, 0xce,
    0xff, 0x7a, 0xce, 0xff, 0x7a, 0xce, 0xff, 0x7a, 0xce, 0xff, 0x7a, 0xce, 0xff, 0x7a, 0xce, 0xff,
    0x7a, 0xce, 0xff, 0x7a, 0xc6, 0xff, 0x9b, 0xce, 0xff, 0xbf, 0xf7, 0xff, 0xdf, 0xf7, 0xff, 0xbf,
    0xf7, 0xff, 0xbf, 0xf7, 0xff, 0xbf, 0xf7, 0xff, 0xbf, 0xf7, 0xff, 0xbf, 0xf7, 0xff, 0xbf, 0xf7,
    0xff, 0xbf, 0xf7, 0xff, 0xbf, 0xf7, 0xff, 0xbf, 0xf7, 0xff, 0xbf, 0xf7, 0xff, 0xbf, 0xf7, 0xff,
    0xbf, 0xf7, 0xff, 0xbf, 0xf7, 0xff, 0xbf, 0xf7, 0xff, 0xbf, 0xf7, 0xff, 0xbf, 0xf7, 0xff, 0xbf,
    0xf7, 0xff, 0xbf, 0xf7, 0xff, 0xbf, 0xf7, 0xff, 0xbf, 0xf7, 0xff, 0xbf, 0xf7, 0xff, 0xbf, 0xf7,
    0xff, 0xbf, 0xf7, 0xff, 0xbf, 0xf7, 0xff, 0xbf, 0xf7, 0xff, 0xbf, 0xf7, 0xff, 0xbf, 0xf7, 0xff,
    0xbf, 0xf7, 0xff, 0xbf, 0xf7, 0xff, 0xbf, 0xf7, 0xff, 0xbf, 0xf7, 0xff, 0xbf, 0xf7, 0xff, 0xbf,
    0xf7, 0xff, 0xbf, 0xf7, 0xff, 0xbf, 0xf7, 0xff, 0xbf, 0xf7, 0xff, 0xbf, 0xf7, 0xff, 0xbf, 0xf7,
    0xff, 0xbf, 0xf7, 0xff, 0xbf, 0xf7, 0xff, 0xbf, 0xf7, 0xff, 0xbf, 0xf7, 0xff, 0xbf, 0xf7, 0xff,
    0xbf, 0xf7, 0xff, 0xbf, 0xf7, 0xff, 0xbf, 0xf7, 0xff, 0xbf, 0xf7, 0xff, 0xbf, 0xf7, 0xff, 0xbf,
    0xf7, 0xff, 0xbf, 0xf7, 0xff, 0xbf, 0xf7, 0xff, 0xdf, 0xf7, 0xff, 0xdb, 0xd6, 0xff, 0x7a, 0xc6,
    0xff, 0x7a, 0xce, 0xff, 0x7a, 0xce, 0xff, 0x7a, 0xce, 0xff, 0x7a, 0xce, 0xff, 0x7a, 0xce, 0xff,
    0x7a, 0xce, 0xff, 0x7a, 0xce, 0xff, 0x7a, 0xce, 0xff, 0x7a, 0xce, 0xff, 0x7a, 0xce, 0xff, 0x7a,
    0xce, 0xff, 0x7a, 0xce, 0xff, 0x7a, 0xce, 0xff, 0x7a, 0xce, 0xff, 0x7a, 0xce, 0xff, 0x7a, 0xce,
    0xff, 0x7a, 0xce, 0xff, 0x7a, 0xce, 0xff, 0x7a, 0xce, 0xff, 0x7a, 0xce, 0xff, 0x7a, 0xce, 0xff,
    0x7a, 0xce, 0xff, 0x7a, 0xce, 0xff, 0x7a, 0xce, 0xff, 0x7a, 0xce, 0xff, 0x7a, 0xce, 0xff, 0x7a,
    0xce, 0xff, 0x7a, 0xce, 0xff, 0x7a, 0xce, 0xff, 0x7a, 0xce, 0xff, 0x7a, 0xce, 0xff, 0x7a, 0xce,
    0xff, 0x7a, 0xce, 0xff, 0x7a, 0xce, 0xff, 0x7a, 0xce, 0xff, 0x7a, 0xce, 0xff, 0x7a, 0xce, 0xff,
    0x7a, 0xce, 0xff, 0x7a, 0xce, 0xff, 0x7a, 0xce, 0xff, 0x7a, 0xce, 0xff, 0x7a, 0xce, 0xff, 0x7a,
    0xce, 0xff, 0x7a, 0xce, 0xff, 0x7a, 0xce, 0xff, 0x7a, 0xce, 0xff, 0x7a, 0xce, 0xff, 0x7a, 0xce,
    0xff, 0x7a, 0xce, 0xff, 0x7a, 0xce, 0xff, 0x7a, 0xce, 0xff, 0x7a, 0xce, 0xff, 0x7a, 0xce, 0xff,
    0x7a, 0xce, 0xff, 0x7a, 0xce, 0xff, 0x7a, 0xce, 0xff, 0x7a, 0xce, 0xff, 0x7a, 0xce, 0xff, 0x7a,
    0xce, 0xff, 0x7a, 0xce, 0xff, 0x7a, 0xce, 0xff, 0x7a, 0xce, 0xff, 0x7a, 0xce, 0xff, 0x7a, 0xce,
    0xff, 0x7a, 0xce, 0xff, 0x7a, 0xce, 0xff, 0x7a, 0xce, 0xff, 0x7a, 0xce, 0xff, 0x7a, 0xce, 0xff,
    0x7a, 0xce, 0xff, 0x7a, 0xce, 0xff, 0x7a, 0xce, 0xff, 0x7a, 0xce, 0xff, 0x7a, 0xce, 0xff, 0x7a,
    0xce, 0xff, 0x7a, 0xce, 0xff, 0x7a, 0xce, 0xff, 0x7a, 0xce, 0xff, 0x7a, 0xce, 0xff, 0x7a, 0xce,
    0xff, 0x7a, 0xce, 0xff, 0x7a, 0xce, 0xff, 0x7a, 0xce, 0xff, 0x7a, 0xce, 0xff, 0x7a, 0xce, 0xff,
    0x7a, 0xce, 0xff, 0x7a, 0xce, 0xff, 0x7a, 0xce, 0xff, 0x7a, 0xce, 0xff, 0x7a, 0xce, 0xff, 0x7a,
    0xce, 0xff, 0x7a, 0xce, 0xff, 0x7a, 0xce, 0xff, 0x7a, 0xce, 0xff, 0x7a, 0xce, 0xff, 0x7a, 0xce,
    0xff, 0x7a, 0xce, 0xff, 0x7a, 0xce, 0xff, 0x7a, 0xce, 0xff, 0x7a, 0xce, 0xff, 0x7a, 0xce, 0xff,
    0x7a, 0xce, 0xff, 0x7a, 0xce, 0xff, 0x7a, 0xce, 0xff, 0x7a, 0xce, 0xff, 0x7a, 0xce, 0xff, 0x7a,
    0xce, 0xff, 0x7a, 0xce, 0xff, 0x7a, 0xce, 0xff, 0x7a, 0xce, 0xff, 0x7a, 0xce, 0xff, 0x7a, 0xce,
    0xff, 0x7a, 0xce, 0xff, 0x7a, 0xce, 0xff, 0x7a, 0xce, 0xff, 0x7a, 0xce, 0xff, 0x7a, 0xce, 0xff,
    0x7a, 0xce, 0xff, 0x7a, 0xce, 0xff, 0x7a, 0xce, 0xff, 0x7a, 0xce, 0xff, 0x7a, 0xce, 0xff, 0x7a,
    0xce, 0xff, 0x7a, 0xc6, 0xff, 0x5e, 0xef, 0xff, 0xdf, 0xf7, 0xff, 0xbf, 0xf7, 0xff, 0xbf, 0xf7,
    0xff, 0xbf, 0xf7, 0xff, 0xbf, 0xf7, 0xff, 0xbf, 0xf7, 0xff, 0xbf, 0xf7, 0xff, 0xbf, 0xf7, 0xff,
    0xbf, 0xf7, 0xff, 0xbf, 0xf7, 0xff, 0xbf, 0xf7, 0xff, 0xbf, 0xf7, 0xff, 0xbf, 0xf7, 0xff, 0xbf,
    0xf7, 0xff, 0xbf, 0xf7, 0xff, 0xbf, 0xf7, 0xff, 0xbf, 0xf7, 0xff, 0xbf, 0xf7, 0xff, 0xbf, 0xf7,
    0xff, 0xbf, 0xf7, 0xff, 0xbf, 0xf7, 0xff, 0xbf, 0xf7, 0xff, 0xbf, 0xf7, 0xff, 0xbf, 0xf7, 0xff,
    0xbf, 0xf7, 0xff, 0xbf, 0xf7, 0xff, 0xbf, 0xf7, 0xff, 0xbf, 0xf7, 0xff, 0xbf, 0xf7, 0xff, 0xbf,
    0xf7, 0xff, 0xbf, 0xf7, 0xff, 0xbf, 0xf7, 0xff, 0xbf, 0xf7, 0xff, 0xbf, 0xf7, 0xff, 0xbf, 0xf7,
    0xff, 0xbf, 0xf7, 0xff, 0xbf, 0xf7, 0xff, 0xbf, 0xf7, 0xff, 0xbf, 0xf7, 0xff, 0xbf, 0xf7, 0xff,
    0xbf, 0xf7, 0xff, 0xbf, 0xf7, 0xff, 0xbf, 0xf7, 0xff, 0xbf, 0xf7, 0xff, 0xbf, 0xf7, 0xff, 0xbf,
    0xf7, 0xff, 0xbf, 0xf7, 0xff, 0xbf, 0xf7, 0xff, 0xbf, 0xf7, 0xff, 0xbf, 0xf7, 0xff, 0xbf, 0xf7,
    0xff, 0xdf, 0xf7, 0xff, 0x9e, 0xf7, 0xff, 0x9a, 0xce, 0xff, 0x7a, 0xc6, 0xff, 0x7a, 0xce, 0xff,
    0x7a, 0xce, 0xff, 0x7a, 0xce, 0xff, 0x7a, 0xce, 0xff, 0x7a, 0xce, 0xff, 0x7a, 0xce, 0xff, 0x7a,
    0xce, 0xff, 0x7a, 0xce, 0xff, 0x7a, 0xce, 0xff, 0x7a, 0xce, 0xff, 0x7a, 0xce, 0xff, 0x7a, 0xce,
    0xff, 0x7a, 0xce, 0xff, 0x7a, 0xce, 0xff, 0x7a, 0xce, 0xff, 0x7a, 0xce, 0xff, 0x7a, 0xce, 0xff,
    0x7a, 0xce, 0xff, 0x7a, 0xce, 0xff, 0x7a, 0xce, 0xff, 0x7a, 0xce, 0xff, 0x7a, 0xce, 0xff, 0x7a,
    0xce, 0xff, 0x7a, 0xce, 0xff, 0x7a, 0xce, 0xff, 0x7a, 0xce, 0xff, 0x7a, 0xce, 0xff, 0x7a, 0xce,
    0xff, 0x7a, 0xce, 0xff, 0x7a, 0xce, 0xff, 0x7a, 0xce, 0xff, 0x7a, 0xce, 0xff, 0x7a, 0xce, 0xff,
    0x7a, 0xce, 0xff, 0x7a, 0xce, 0xff, 0x7a, 0xce, 0xff, 0x7a, 0xce, 0xff, 0x7a, 0xce, 0xff, 0x7a,
    0xce, 0xff, 0x7a, 0xce, 0xff, 0x7a, 0xce, 0xff, 0x7a, 0xce, 0xff, 0x7a, 0xce, 0xff, 0x7a, 0xce,
    0xff, 0x7a, 0xce, 0xff, 0x7a, 0xce, 0xff, 0x7a, 0xce, 0xff, 0x7a, 0xce, 0xff, 0x7a, 0xce, 0xff,
    0x7a, 0xce, 0xff, 0x7a, 0xce, 0xff, 0x7a, 0xce, 0xff, 0x7a, 0xce, 0xff, 0x7a, 0xce, 0xff, 0x7a,
    0xce, 0xff, 0x7a, 0xce, 0xff, 0x7a, 0xce, 0xff, 0x7a, 0xce, 0xff, 0x7a, 0xce, 0xff, 0x7a, 0xce,
    0xff, 0x7a, 0xce, 0xff, 0x7a, 0xce, 0xff, 0x7a, 0xce, 0xff, 0x7a, 0xce, 0xff, 0x7a, 0xce, 0xff,
    0x7a, 0xce, 0xff, 0x7a, 0xce, 0xff, 0x7a, 0xce, 0xff, 0x7a, 0xce, 0xff, 0x7a, 0xce, 0xff, 0x7a,
    0xce, 0xff, 0x7a, 0xce, 0xff, 0x7a, 0xce, 0xff, 0x7a, 0xce, 0xff, 0x7a, 0xce, 0xff, 0x7a, 0xce,
    0xff, 0x7a, 0xce, 0xff, 0x7a, 0xce, 0xff, 0x7a, 0xce, 0xff, 0x7a, 0xce, 0xff, 0x7a, 0xce, 0xff,
    0x7a, 0xce, 0xff, 0x7a, 0xce, 0xff, 0x7a, 0xce, 0xff, 0x7a, 0xce, 0xff, 0x7a, 0xce, 0xff, 0x7a,
    0xce, 0xff, 0x7a, 0xce, 0xff, 0x7a, 0xce, 0xff, 0x7a, 0xce, 0xff, 0x7a, 0xce, 0xff, 0x7a, 0xce,
    0xff, 0x7a, 0xce, 0xff, 0x7a, 0xce, 0xff, 0x7a, 0xce, 0xff, 0x7a, 0xce, 0xff, 0x7a, 0xce, 0xff,
    0x7a, 0xce, 0xff, 0x7a, 0xce, 0xff, 0x7a, 0xce, 0xff, 0x7a, 0xce, 0xff, 0x7a, 0xce, 0xff, 0x7a,
    0xce, 0xff, 0x7a, 0xce, 0xff, 0x7a, 0xce, 0xff, 0x7a, 0xce, 0xff, 0x7a, 0xce, 0xff, 0x7a, 0xce,
    0xff, 0x7a, 0xce, 0xff, 0x7a, 0xce, 0xff, 0x7a, 0xce, 0xff, 0x7a, 0xce, 0xff, 0x7a, 0xce, 0xff,
    0x7a, 0xce, 0xff, 0x7a, 0xce, 0xff, 0x7a, 0xce, 0xff, 0x7a, 0xce, 0xff, 0x7a, 0xce, 0xff, 0x7a,
    0xce, 0xff, 0x7a, 0xce, 0xff, 0x7a, 0xce, 0xff, 0x7a, 0xce, 0xff, 0x7a, 0xce, 0xff, 0x5a, 0xc6,
    0xff, 0xfc, 0xde, 0xff, 0xdf, 0xff, 0xff, 0xbf, 0xf7, 0xff, 0xbf, 0xf7, 0xff, 0xbf, 0xf7, 0xff,
    0xbf, 0xf7, 0xff, 0xbf, 0xf7, 0xff, 0xbf, 0xf7, 0xff, 0xbf, 0xf7, 0xff, 0xbf, 0xf7, 0xff, 0xbf,
    0xf7, 0xff, 0xbf, 0xf7, 0xff, 0xbf, 0xf7, 0xff, 0xbf, 0xf7, 0xff, 0xbf, 0xf7, 0xff, 0xbf, 0xf7,
    0xff, 0xbf, 0xf7, 0xff, 0xbf, 0xf7, 0xff, 0xbf, 0xf7, 0xff, 0xbf, 0xf7, 0xff, 0xbf, 0xf7, 0xff,
    0xbf, 0xf7, 0xff, 0xbf, 0xf7, 0xff, 0xbf, 0xf7, 0xff, 0xbf, 0xf7, 0xff, 0xbf, 0xf7, 0xff, 0xbf,
    0xf7, 0xff, 0xbf, 0xf7, 0xff, 0xbf, 0xf7, 0xff, 0xbf, 0xf7, 0xff, 0xbf, 0xf7, 0xff, 0xbf, 0xf7,
    0xff, 0xbf, 0xf7, 0xff, 0xbf, 0xf7, 0xff, 0xbf, 0xf7, 0xff, 0xbf, 0xf7, 0xff, 0xbf, 0xf7, 0xff,
    0xbf, 0xf7, 0xff, 0xbf, 0xf7, 0xff, 0xbf, 0xf7, 0xff, 0xbf, 0xf7, 0xff, 0xbf, 0xf7, 0xff, 0xbf,
    0xf7, 0xff, 0xbf, 0xf7, 0xff, 0xbf, 0xf7, 0xff, 0xbf, 0xf7, 0xff, 0xbf, 0xf7, 0xff, 0xbf, 0xf7,
    0xff, 0xbf, 0xf7, 0xff, 0xbf, 0xf7, 0xff, 0xbf, 0xf7, 0xff, 0xbf, 0xf7, 0xff, 0xdf, 0xff, 0xff,
    0x5d, 0xe7, 0xff, 0x5a, 0xc6, 0xff, 0x7a, 0xce, 0xff, 0x7a, 0xce, 0xff, 0x7a, 0xce, 0xff, 0x7a,
    0xce, 0xff, 0x7a, 0xce, 0xff, 0x7a, 0xce, 0xff, 0x7a, 0xce, 0xff, 0x7a, 0xce, 0xff, 0x7a, 0xce,
    0xff, 0x7a, 0xce, 0xff, 0x7a, 0xce, 0xff, 0x7a, 0xce, 0xff, 0x7a, 0xce, 0xff, 0x7a, 0xce, 0xff,
    0x7a, 0xce, 0xff, 0x7a, 0xce, 0xff, 0x7a, 0xce, 0xff, 0x7a, 0xce, 0xff, 0x7a, 0xce, 0xff, 0x7a,
    0xce, 0xff, 0x7a, 0xce, 0xff, 0x7a, 0xce, 0xff, 0x7a, 0xce, 0xff, 0x7a, 0xce, 0xff, 0x7a, 0xce,
    0xff, 0x7a, 0xce, 0xff, 0x7a, 0xce, 0xff, 0x7a, 0xce, 0xff, 0x7a, 0xce, 0xff, 0x7a, 0xce, 0xff,
    0x7a, 0xce, 0xff, 0x7a, 0xce, 0xff, 0x7a, 0xce, 0xff, 0x7a, 0xce, 0xff, 0x7a, 0xce, 0xff, 0x7a,
    0xce, 0xff, 0x7a, 0xce, 0xff, 0x7a, 0xce, 0xff, 0x7a, 0xce, 0xff, 0x7a, 0xce, 0xff, 0x7a, 0xce,
    0xff, 0x7a, 0xce, 0xff, 0x7a, 0xce, 0xff, 0x7a, 0xce, 0xff, 0x7a, 0xce, 0xff, 0x7a, 0xce, 0xff,
    0x7a, 0xce, 0xff, 0x7a, 0xce, 0xff, 0x7a, 0xce, 0xff, 0x7a, 0xce, 0xff, 0x7a, 0xce, 0xff, 0x7a,
    0xce, 0xff, 0x7a, 0xce, 0xff, 0x7a, 0xce, 0xff, 0x7a, 0xce, 0xff, 0x7a, 0xce, 0xff, 0x7a, 0xce,
    0xff, 0x7a, 0xce, 0xff, 0x7a, 0xce, 0xff, 0x7a, 0xce, 0xff, 0x7a, 0xce, 0xff, 0x7a, 0xce, 0xff,
    0x7a, 0xce, 0xff, 0x7a, 0xce, 0xff, 0x7a, 0xce, 0xff, 0x7a, 0xce, 0xff, 0x7a, 0xce, 0xff, 0x7a,
    0xce, 0xff, 0x7a, 0xce, 0xff, 0x7a, 0xce, 0xff, 0x7a, 0xce, 0xff, 0x7a, 0xce, 0xff, 0x7a, 0xce,
    0xff, 0x7a, 0xce, 0xff, 0x7a, 0xce, 0xff, 0x7a, 0xce, 0xff, 0x7a, 0xce, 0xff, 0x7a, 0xce, 0xff,
    0x7a, 0xce, 0xff, 0x7a, 0xce, 0xff, 0x7a, 0xce, 0xff, 0x7a, 0xce, 0xff, 0x7a, 0xce, 0xff, 0x7a,
    0xce, 0xff, 0x7a, 0xce, 0xff, 0x7a, 0xce, 0xff, 0x7a, 0xce, 0xff, 0x7a, 0xce, 0xff, 0x7a, 0xce,
    0xff, 0x7a, 0xce, 0xff, 0x7a, 0xce, 0xff, 0x7a, 0xce, 0xff, 0x7a, 0xce, 0xff, 0x7a, 0xce, 0xff,
    0x7a, 0xce, 0xff, 0x7a, 0xce, 0xff, 0x7a, 0xce, 0xff, 0x7a, 0xce, 0xff, 0x7a, 0xce, 0xff, 0x7a,
    0xce, 0xff, 0x7a, 0xce, 0xff, 0x7a, 0xce, 0xff, 0x7a, 0xce, 0xff, 0x7a, 0xce, 0xff, 0x7a, 0xce,
    0xff, 0x7a, 0xce, 0xff, 0x7a, 0xce, 0xff, 0x7a, 0xce, 0xff, 0x7a, 0xce, 0xff, 0x7a, 0xce, 0xff,
    0x7a, 0xce, 0xff, 0x7a, 0xce, 0xff, 0x7a, 0xce, 0xff, 0x7a, 0xce, 0xff, 0x7a, 0xce, 0xff, 0x7a,
    0xce, 0xff, 0x7a, 0xce, 0xff, 0x7a, 0xce, 0xff, 0x7a, 0xce, 0xff, 0x7a, 0xce, 0xff, 0x7a, 0xce,
    0xff, 0x7a, 0xce, 0xff, 0x7a, 0xce, 0xff, 0x7a, 0xce, 0xff, 0x7a, 0xc6, 0xff, 0x9b, 0xce, 0xff,
    0xbf, 0xf7, 0xff, 0xdf, 0xf7, 0xff, 0xbf, 0xf7, 0xff, 0xbf, 0xf7, 0xff, 0xbf, 0xf7, 0xff, 0xbf,
    0xf7, 0xff, 0xbf, 0xf7, 0xff, 0xbf, 0xf7, 0xff, 0xbf, 0xf7, 0xff, 0xbf, 0xf7, 0xff, 0xbf, 0xf7,
    0xff, 0xbf, 0xf7, 0xff, 0xbf, 0xf7, 0xff, 0xbf, 0xf7, 0xff, 0xbf, 0xf7, 0xff, 0xbf, 0xf7, 0xff,
    0xbf, 0xf7, 0xff, 0xbf, 0xf7, 0xff, 0xbf, 0xf7, 0xff, 0xbf, 0xf7, 0xff, 0xbf, 0xf7, 0xff, 0xbf,
    0xf7, 0xff, 0xbf, 0xf7, 0xff, 0xbf, 0xf7, 0xff, 0xbf, 0xf7, 0xff, 0xbf, 0xf7, 0xff, 0xbf, 0xf7,
    0xff, 0xbf, 0xf7, 0xff, 0xbf, 0xf7, 0xff, 0xbf, 0xf7, 0xff, 0xbf, 0xf7, 0xff, 0xbf, 0xf7, 0xff,
    0xbf, 0xf7, 0xff, 0xbf, 0xf7, 0xff, 0xbf, 0xf7, 0xff, 0xbf, 0xf7, 0xff, 0xbf, 0xf7, 0xff, 0xbf,
    0xf7, 0xff, 0xbf, 0xf7, 0xff, 0xbf, 0xf7, 0xff, 0xbf, 0xf7, 0xff, 0xbf, 0xf7, 0xff, 0xbf, 0xf7,
    0xff, 0xbf, 0xf7, 0xff, 0xbf, 0xf7, 0xff, 0xbf, 0xf7, 0xff, 0xbf, 0xf7, 0xff, 0xbf, 0xf7, 0xff,
    0xbf, 0xf7, 0xff, 0xbf, 0xf7, 0xff, 0xbf, 0xf7, 0xff, 0xdf, 0xf7, 0xff, 0xdb, 0xd6, 0xff, 0x7a,
    0xc6, 0xff, 0x7a, 0xce, 0xff, 0x7a, 0xce, 0xff, 0x7a, 0xce, 0xff, 0x7a, 0xce, 0xff, 0x7a, 0xce,
    0xff, 0x7a, 0xce, 0xff, 0x7a, 0xce, 0xff, 0x7a, 0xce, 0xff, 0x7a, 0xce, 0xff, 0x7a, 0xce, 0xff,
    0x7a, 0xce, 0xff, 0x7a, 0xce, 0xff, 0x7a, 0xce, 0xff, 0x7a, 0xce, 0xff, 0x7a, 0xce, 0xff, 0x7a,
    0xce, 0xff, 0x7a, 0xce, 0xff, 0x7a, 0xce, 0xff, 0x7a, 0xce, 0xff, 0x7a, 0xce, 0xff, 0x7a, 0xce,
    0xff, 0x7a, 0xce, 0xff, 0x7a, 0xce, 0xff, 0x7a, 0xce, 0xff, 0x7a, 0xce, 0xff, 0x7a, 0xce, 0xff,
    0x7a, 0xce, 0xff, 0x7a, 0xce, 0xff, 0x7a, 0xce, 0xff, 0x7a, 0xce, 0xff, 0x7a, 0xce, 0xff, 0x7a,
    0xce, 0xff, 0x7a, 0xce, 0xff, 0x7a, 0xce, 0xff, 0x7a, 0xce, 0xff, 0x7a, 0xce, 0xff, 0x7a, 0xce,
    0xff, 0x7a, 0xce, 0xff, 0x7a, 0xce, 0xff, 0x7a, 0xce, 0xff, 0x7a, 0xce, 0xff, 0x7a, 0xce, 0xff,
    0x7a, 0xce, 0xff, 0x7a, 0xce, 0xff, 0x7a, 0xce, 0xff, 0x7a, 0xce, 0xff, 0x7a, 0xce, 0xff, 0x7a,
    0xce, 0xff, 0x7a, 0xce, 0xff, 0x7a, 0xce, 0xff, 0x7a, 0xce, 0xff, 0x7a, 0xce, 0xff, 0x7a, 0xce,
    0xff, 0x7a, 0xce, 0xff, 0x7a, 0xce, 0xff, 0x7a, 0xce, 0xff, 0x7a, 0xce, 0xff, 0x7a, 0xce, 0xff,
    0x7a, 0xce, 0xff, 0x7a, 0xce, 0xff, 0x7a, 0xce, 0xff, 0x7a, 0xce, 0xff, 0x7a, 0xce, 0xff, 0x7a,
    0xce, 0xff, 0x7a, 0xce, 0xff, 0x7a, 0xce, 0xff, 0x7a, 0xce, 0xff, 0x7a, 0xce, 0xff, 0x7a, 0xce,
    0xff, 0x7a, 0xce, 0xff, 0x7a, 0xce, 0xff, 0x7a, 0xce, 0xff, 0x7a, 0xce, 0xff, 0x7a, 0xce, 0xff,
    0x7a, 0xce, 0xff, 0x7a, 0xce, 0xff, 0x7a, 0xce, 0xff, 0x7a, 0xce, 0xff, 0x7a, 0xce, 0xff, 0x7a,
    0xce, 0xff, 0x7a, 0xce, 0xff, 0x7a, 0xce, 0xff, 0x7a, 0xce, 0xff, 0x7a, 0xce, 0xff, 0x7a, 0xce,
    0xff, 0x7a, 0xce, 0xff, 0x7a, 0xce, 0xff, 0x7a, 0xce, 0xff, 0x7a, 0xce, 0xff, 0x7a, 0xce, 0xff,
    0x7a, 0xce, 0xff, 0x7a, 0xce, 0xff, 0x7a, 0xce, 0xff, 0x7a, 0xce, 0xff, 0x7a, 0xce, 0xff, 0x7a,
    0xce, 0xff, 0x7a, 0xce, 0xff, 0x7a, 0xce, 0xff, 0x7a, 0xce, 0xff, 0x7a, 0xce, 0xff, 0x7a, 0xce,
    0xff, 0x7a, 0xce, 0xff, 0x7a, 0xce, 0xff, 0x7a, 0xce, 0xff, 0x7a, 0xce, 0xff, 0x7a, 0xce, 0xff,
    0x7a, 0xce, 0xff, 0x7a, 0xce, 0xff, 0x7a, 0xce, 0xff, 0x7a, 0xce, 0xff, 0x7a, 0xce, 0xff, 0x7a,
    0xce, 0xff, 0x7a, 0xce, 0xff, 0x7a, 0xce, 0xff, 0x7a, 0xce, 0xff, 0x7a, 0xce, 0xff, 0x7a, 0xce,
    0xff, 0x7a, 0xce, 0xff, 0x7a, 0xce, 0xff, 0x7a, 0xce, 0xff, 0x7a, 0xce, 0xff, 0x7a, 0xce, 0xff,
    0x7a, 0xce, 0xff, 0x7a, 0xce, 0xff, 0x7a, 0xce, 0xff, 0x5a, 0xc6, 0xff, 0x3d, 0xe7, 0xff, 0xdf,
    0xff, 0xff, 0xbf, 0xf7, 0xff, 0xbf, 0xf7, 0xff, 0xbf, 0xf7, 0xff, 0xbf, 0xf7, 0xff, 0xbf, 0xf7,
    0xff, 0xbf, 0xf7, 0xff, 0xbf, 0xf7, 0xff, 0xbf, 0xf7, 0xff, 0xbf, 0xf7, 0xff, 0xbf, 0xf7, 0xff,
    0xbf, 0xf7, 0xff, 0xbf, 0xf7, 0xff, 0xbf, 0xf7, 0xff, 0xbf, 0xf7, 0xff, 0xbf, 0xf7, 0xff, 0xbf,
    0xf7, 0xff, 0xbf, 0xf7, 0xff, 0xbf, 0xf7, 0xff, 0xbf, 0xf7, 0xff, 0xbf, 0xf7, 0xff, 0xbf, 0xf7,
    0xff, 0xbf, 0xf7, 0xff, 0xbf, 0xf7, 0xff, 0xbf, 0xf7, 0xff, 0xbf, 0xf7, 0xff, 0xbf, 0xf7, 0xff,
    0xbf, 0xf7, 0xff, 0xbf, 0xf7, 0xff, 0xbf, 0xf7, 0xff, 0xbf, 0xf7, 0xff, 0xbf, 0xf7, 0xff, 0xbf,
    0xf7, 0xff, 0xbf, 0xf7, 0xff, 0xbf, 0xf7, 0xff, 0xbf, 0xf7, 0xff, 0xbf, 0xf7, 0xff, 0xbf, 0xf7,
    0xff, 0xbf, 0xf7, 0xff, 0xbf, 0xf7, 0xff, 0xbf, 0xf7, 0xff, 0xbf, 0xf7, 0xff, 0xbf, 0xf7, 0xff,
    0xbf, 0xf7, 0xff, 0xbf, 0xf7, 0xff, 0xbf, 0xf7, 0xff, 0xbf, 0xf7, 0xff, 0xbf, 0xf7, 0xff, 0xbf,
    0xf7, 0xff, 0xdf, 0xf7, 0xff, 0x9e, 0xef, 0xff, 0x7a, 0xce, 0xff, 0x7a, 0xce, 0xff, 0x7a, 0xce,
    0xff, 0x7a, 0xce, 0xff, 0x7a, 0xce, 0xff, 0x7a, 0xce, 0xff, 0x7a, 0xce, 0xff, 0x7a, 0xce, 0xff,
    0x7a, 0xce, 0xff, 0x7a, 0xce, 0xff, 0x7a, 0xce, 0xff, 0x7a, 0xce, 0xff, 0x7a, 0xce, 0xff, 0x7a,
    0xce, 0xff, 0x7a, 0xce, 0xff, 0x7a, 0xce, 0xff, 0x7a, 0xce, 0xff, 0x7a, 0xce, 0xff, 0x7a, 0xce,
    0xff, 0x7a, 0xce, 0xff, 0x7a, 0xce, 0xff, 0x7a, 0xce, 0xff, 0x7a, 0xce, 0xff, 0x7a, 0xce, 0xff,
    0x7a, 0xce, 0xff, 0x7a, 0xce, 0xff, 0x7a, 0xce, 0xff, 0x7a, 0xce, 0xff, 0x7a, 0xce, 0xff, 0x7a,
    0xce, 0xff, 0x7a, 0xce, 0xff, 0x7a, 0xce, 0xff, 0x7a, 0xce, 0xff, 0x7a, 0xce, 0xff, 0x7a, 0xce,
    0xff, 0x7a, 0xce, 0xff, 0x7a, 0xce, 0xff, 0x7a, 0xce, 0xff, 0x7a, 0xce, 0xff, 0x7a, 0xce, 0xff,
    0x7a, 0xce, 0xff, 0x7a, 0xce, 0xff, 0x7a, 0xce, 0xff, 0x7a, 0xce, 0xff, 0x7a, 0xce, 0xff, 0x7a,
    0xce, 0xff, 0x7a, 0xce, 0xff, 0x7a, 0xce, 0xff, 0x7a, 0xce, 0xff, 0x7a, 0xce, 0xff, 0x7a, 0xce,
    0xff, 0x7a, 0xce, 0xff, 0x7a, 0xce, 0xff, 0x7a, 0xce, 0xff, 0x7a, 0xce, 0xff, 0x7a, 0xce, 0xff,
    0x7a, 0xce, 0xff, 0x7a, 0xce, 0xff, 0x7a, 0xce, 0xff, 0x7a, 0xce, 0xff, 0x7a, 0xce, 0xff, 0x7a,
    0xce, 0xff, 0x7a, 0xce, 0xff, 0x7a, 0xce, 0xff, 0x7a, 0xce, 0xff, 0x7a, 0xce, 0xff, 0x7a, 0xce,
    0xff, 0x7a, 0xce, 0xff, 0x7a, 0xce, 0xff, 0x7a, 0xce, 0xff, 0x7a, 0xce, 0xff, 0x7a, 0xce, 0xff,
    0x7a, 0xce, 0xff, 0x7a, 0xce, 0xff, 0x7a, 0xce, 0xff, 0x7a, 0xce, 0xff, 0x7a, 0xce, 0xff, 0x7a,
    0xce, 0xff, 0x7a, 0xce, 0xff, 0x7a, 0xce, 0xff, 0x7a, 0xce, 0xff, 0x7a, 0xce, 0xff, 0x7a, 0xce,
    0xff, 0x7a, 0xce, 0xff, 0x7a, 0xce, 0xff, 0x7a, 0xce, 0xff, 0x7a, 0xce, 0xff, 0x7a, 0xce, 0xff,
    0x7a, 0xce, 0xff, 0x7a, 0xce, 0xff, 0x7a, 0xce, 0xff, 0x7a, 0xce, 0xff, 0x7a, 0xce, 0xff, 0x7a,
    0xce, 0xff, 0x7a, 0xce, 0xff, 0x7a, 0xce, 0xff, 0x7a, 0xce, 0xff, 0x7a, 0xce, 0xff, 0x7a, 0xce,
    0xff, 0x7a, 0xce, 0xff, 0x7a, 0xce, 0xff, 0x7a, 0xce, 0xff, 0x7a, 0xce, 0xff, 0x7a, 0xce, 0xff,
    0x7a, 0xce, 0xff, 0x7a, 0xce, 0xff, 0x7a, 0xce, 0xff, 0x7a, 0xce, 0xff, 0x7a, 0xce, 0xff, 0x7a,
    0xce, 0xff, 0x7a, 0xce, 0xff, 0x7a, 0xce, 0xff, 0x7a, 0xce, 0xff, 0x7a, 0xce, 0xff, 0x7a, 0xce,
    0xff, 0x7a, 0xce, 0xff, 0x7a, 0xce, 0xff, 0x7a, 0xce, 0xff, 0x7a, 0xce, 0xff, 0x7a, 0xce, 0xff,
    0x7a, 0xce, 0xff, 0x7a, 0xce, 0xff, 0x7a, 0xce, 0xff, 0x7a, 0xce, 0xff, 0x7a, 0xce, 0xff, 0x7a,
    0xce, 0xff, 0x7a, 0xce, 0xff, 0x7a, 0xc6, 0xff, 0xbb, 0xce, 0xff, 0xbf, 0xf7, 0xff, 0xbf, 0xf7,
    0xff, 0xbf, 0xf7, 0xff, 0xbf, 0xf7, 0xff, 0xbf, 0xf7, 0xff, 0xbf, 0xf7, 0xff, 0xbf, 0xf7, 0xff,
    0xbf, 0xf7, 0xff, 0xbf, 0xf7, 0xff, 0xbf, 0xf7, 0xff, 0xbf, 0xf7, 0xff, 0xbf, 0xf7, 0xff, 0xbf,
    0xf7, 0xff, 0xbf, 0xf7, 0xff, 0xbf, 0xf7, 0xff, 0xbf, 0xf7, 0xff, 0xbf, 0xf7, 0xff, 0xbf, 0xf7,
    0xff, 0xbf, 0xf7, 0xff, 0xbf, 0xf7, 0xff, 0xbf, 0xf7, 0xff, 0xbf, 0xf7, 0xff, 0xbf, 0xf7, 0xff,
    0xbf, 0xf7, 0xff, 0xbf, 0xf7, 0xff, 0xbf, 0xf7, 0xff, 0xbf, 0xf7, 0xff, 0xbf, 0xf7, 0xff, 0xbf,
    0xf7, 0xff, 0xbf, 0xf7, 0xff, 0xbf, 0xf7, 0xff, 0xbf, 0xf7, 0xff, 0xbf, 0xf7, 0xff, 0xbf, 0xf7,
    0xff, 0xbf, 0xf7, 0xff, 0xbf, 0xf7, 0xff, 0xbf, 0xf7, 0xff, 0xbf, 0xf7, 0xff, 0xbf, 0xf7, 0xff,
    0xbf, 0xf7, 0xff, 0xbf, 0xf7, 0xff, 0xbf, 0xf7, 0xff, 0xbf, 0xf7, 0xff, 0xbf, 0xf7, 0xff, 0xbf,
    0xf7, 0xff, 0xbf, 0xf7, 0xff, 0xbf, 0xf7, 0xff, 0xbf, 0xf7, 0xff, 0xbf, 0xf7, 0xff, 0xdf, 0xff,
    0xff, 0xfc, 0xde, 0xff, 0x5a, 0xc6, 0xff, 0x7a, 0xce, 0xff, 0x7a, 0xce, 0xff, 0x7a, 0xce, 0xff,
    0x7a, 0xce, 0xff, 0x7a, 0xce, 0xff, 0x7a, 0xce, 0xff, 0x7a, 0xce, 0xff, 0x7a, 0xce, 0xff, 0x7a,
    0xce, 0xff, 0x7a, 0xce, 0xff, 0x7a, 0xce, 0xff, 0x7a, 0xce, 0xff, 0x7a, 0xce, 0xff, 0x7a, 0xce,
    0xff, 0x7a, 0xce, 0xff, 0x7a, 0xce, 0xff, 0x7a, 0xce, 0xff, 0x7a, 0xce, 0xff, 0x7a, 0xce, 0xff,
    0x7a, 0xce, 0xff, 0x7a, 0xce, 0xff, 0x7a, 0xce, 0xff, 0x7a, 0xce, 0xff, 0x7a, 0xce, 0xff, 0x7a,
    0xce, 0xff, 0x7a, 0xce, 0xff, 0x7a, 0xce, 0xff, 0x7a, 0xce, 0xff, 0x7a, 0xce, 0xff, 0x7a, 0xce,
    0xff, 0x7a, 0xce, 0xff, 0x7a, 0xce, 0xff, 0x7a, 0xce, 0xff, 0x7a, 0xce, 0xff, 0x7a, 0xce, 0xff,
    0x7a, 0xce, 0xff, 0x7a, 0xce, 0xff, 0x7a, 0xce, 0xff, 0x7a, 0xce, 0xff, 0x7a, 0xce, 0xff, 0x7a,
    0xce, 0xff, 0x7a, 0xce, 0xff, 0x7a, 0xce, 0xff, 0x7a, 0xce, 0xff, 0x7a, 0xce, 0xff, 0x7a, 0xce,
    0xff, 0x7a, 0xce, 0xff, 0x7a, 0xce, 0xff, 0x7a, 0xce, 0xff, 0x7a, 0xce, 0xff, 0x7a, 0xce, 0xff,
    0x7a, 0xce, 0xff, 0x7a, 0xce, 0xff, 0x7a, 0xce, 0xff, 0x7a, 0xce, 0xff, 0x7a, 0xce, 0xff, 0x7a,
    0xce, 0xff, 0x7a, 0xce, 0xff, 0x7a, 0xce, 0xff, 0x7a, 0xce, 0xff, 0x7a, 0xce, 0xff, 0x7a, 0xce,
    0xff, 0x7a, 0xce, 0xff, 0x7a, 0xce, 0xff, 0x7a, 0xce, 0xff, 0x7a, 0xce, 0xff, 0x7a, 0xce, 0xff,
    0x7a, 0xce, 0xff, 0x7a, 0xce, 0xff, 0x7a, 0xce, 0xff, 0x7a, 0xce, 0xff, 0x7a, 0xce, 0xff, 0x7a,
    0xce, 0xff, 0x7a, 0xce, 0xff, 0x7a, 0xce, 0xff, 0x7a, 0xce, 0xff, 0x7a, 0xce, 0xff, 0x7a, 0xce,
    0xff, 0x7a, 0xce, 0xff, 0x7a, 0xce, 0xff, 0x7a, 0xce, 0xff, 0x7a, 0xce, 0xff, 0x7a, 0xce, 0xff,
    0x7a, 0xce, 0xff, 0x7a, 0xce, 0xff, 0x7a, 0xce, 0xff, 0x7a, 0xce, 0xff, 0x7a, 0xce, 0xff, 0x7a,
    0xce, 0xff, 0x7a, 0xce, 0xff, 0x7a, 0xce, 0xff, 0x7a, 0xce, 0xff, 0x7a, 0xce, 0xff, 0x7a, 0xce,
    0xff, 0x7a, 0xce, 0xff, 0x7a, 0xce, 0xff, 0x7a, 0xce, 0xff, 0x7a, 0xce, 0xff, 0x7a, 0xce, 0xff,
    0x7a, 0xce, 0xff, 0x7a, 0xce, 0xff, 0x7a, 0xce, 0xff, 0x7a, 0xce, 0xff, 0x7a, 0xce, 0xff, 0x7a,
    0xce, 0xff, 0x7a, 0xce, 0xff, 0x7a, 0xce, 0xff, 0x7a, 0xce, 0xff, 0x7a, 0xce, 0xff, 0x7a, 0xce,
    0xff, 0x7a, 0xce, 0xff, 0x7a, 0xce, 0xff, 0x7a, 0xce, 0xff, 0x7a, 0xce, 0xff, 0x7a, 0xce, 0xff,
    0x7a, 0xce, 0xff, 0x7a, 0xce, 0xff, 0x7a, 0xce, 0xff, 0x7a, 0xce, 0xff, 0x7a, 0xce, 0xff, 0x7a,
    0xce, 0xff, 0x7a, 0xce, 0xff, 0x7a, 0xce, 0xff, 0x7a, 0xce, 0xff, 0x7a, 0xce, 0xff, 0x7a, 0xce,
    0xff, 0x7a, 0xce, 0xff, 0x5a, 0xc6, 0xff, 0x5d, 0xe7, 0xff, 0xdf, 0xff, 0xff, 0xbf, 0xf7, 0xff,
    0xbf, 0xf7, 0xff, 0xbf, 0xf7, 0xff, 0xbf, 0xf7, 0xff, 0xbf, 0xf7, 0xff, 0xbf, 0xf7, 0xff, 0xbf,
    0xf7, 0xff, 0xbf, 0xf7, 0xff, 0xbf, 0xf7, 0xff, 0xbf, 0xf7, 0xff, 0xbf, 0xf7, 0xff, 0xbf, 0xf7,
    0xff, 0xbf, 0xf7, 0xff, 0xbf, 0xf7, 0xff, 0xbf, 0xf7, 0xff, 0xbf, 0xf7, 0xff, 0xbf, 0xf7, 0xff,
    0xbf, 0xf7, 0xff, 0xbf, 0xf7, 0xff, 0xbf, 0xf7, 0xff, 0xbf, 0xf7, 0xff, 0xbf, 0xf7, 0xff, 0xbf,
    0xf7, 0xff, 0xbf, 0xf7, 0xff, 0xbf, 0xf7, 0xff, 0xbf, 0xf7, 0xff, 0xbf, 0xf7, 0xff, 0xbf, 0xf7,
    0xff, 0xbf, 0xf7, 0xff, 0xbf, 0xf7, 0xff, 0xbf, 0xf7, 0xff, 0xbf, 0xf7, 0xff, 0xbf, 0xf7, 0xff,
    0xbf, 0xf7, 0xff, 0xbf, 0xf7, 0xff, 0xbf, 0xf7, 0xff, 0xbf, 0xf7, 0xff, 0xbf, 0xf7, 0xff, 0xbf,
    0xf7, 0xff, 0xbf, 0xf7, 0xff, 0xbf, 0xf7, 0xff, 0xbf, 0xf7, 0xff, 0xbf, 0xf7, 0xff, 0xbf, 0xf7,
    0xff, 0xbf, 0xf7, 0xff, 0xbf, 0xf7, 0xff, 0xdf, 0xf7, 0xff, 0x9e, 0xef, 0xff, 0x7a, 0xce, 0xff,
    0x7a, 0xce, 0xff, 0x7a, 0xce, 0xff, 0x7a, 0xce, 0xff, 0x7a, 0xce, 0xff, 0x7a, 0xce, 0xff, 0x7a,
    0xce, 0xff, 0x7a, 0xce, 0xff, 0x7a, 0xce, 0xff, 0x7a, 0xce, 0xff, 0x7a, 0xce, 0xff, 0x7a, 0xce,
    0xff, 0x7a, 0xce, 0xff, 0x7a, 0xce, 0xff, 0x7a, 0xce, 0xff, 0x7a, 0xce, 0xff, 0x7a, 0xce, 0xff,
    0x7a, 0xce, 0xff, 0x7a, 0xce, 0xff, 0x7a, 0xce, 0xff, 0x7a, 0xce, 0xff, 0x7a, 0xce, 0xff, 0x7a,
    0xce, 0xff, 0x7a, 0xce, 0xff, 0x7a, 0xce, 0xff, 0x7a, 0xce, 0xff, 0x7a, 0xce, 0xff, 0x7a, 0xce,
    0xff, 0x7a, 0xce, 0xff, 0x7a, 0xce, 0xff, 0x7a, 0xce, 0xff, 0x7a, 0xce, 0xff, 0x7a, 0xce, 0xff,
    0x7a, 0xce, 0xff, 0x7a, 0xce, 0xff, 0x7a, 0xce, 0xff, 0x7a, 0xce, 0xff, 0x7a, 0xce, 0xff, 0x7a,
    0xce, 0xff, 0x7a, 0xce, 0xff, 0x7a, 0xce, 0xff, 0x7a, 0xce, 0xff, 0x7a, 0xce, 0xff, 0x7a, 0xce,
    0xff, 0x7a, 0xce, 0xff, 0x7a, 0xce, 0xff, 0x7a, 0xce, 0xff, 0x7a, 0xce, 0xff, 0x7a, 0xce, 0xff,
    0x7a, 0xce, 0xff, 0x7a, 0xce, 0xff, 0x7a, 0xce, 0xff, 0x7a, 0xce, 0xff, 0x7a, 0xce, 0xff, 0x7a,
    0xce, 0xff, 0x7a, 0xce, 0xff, 0x7a, 0xce, 0xff, 0x7a, 0xce, 0xff, 0x7a, 0xce, 0xff, 0x7a, 0xce,
    0xff, 0x7a, 0xce, 0xff, 0x7a, 0xce, 0xff, 0x7a, 0xce, 0xff, 0x7a, 0xce, 0xff, 0x7a, 0xce, 0xff,
    0x7a, 0xce, 0xff, 0x7a, 0xce, 0xff, 0x7a, 0xce, 0xff, 0x7a, 0xce, 0xff, 0x7a, 0xce, 0xff, 0x7a,
    0xce, 0xff, 0x7a, 0xce, 0xff, 0x7a, 0xce, 0xff, 0x7a, 0xce, 0xff, 0x7a, 0xce, 0xff, 0x7a, 0xce,
    0xff, 0x7a, 0xce, 0xff, 0x7a, 0xce, 0xff, 0x7a, 0xce, 0xff, 0x7a, 0xce, 0xff, 0x7a, 0xce, 0xff,
    0x7a, 0xce, 0xff, 0x7a, 0xce, 0xff, 0x7a, 0xce, 0xff, 0x7a, 0xce, 0xff, 0x7a, 0xce, 0xff, 0x7a,
    0xce, 0xff, 0x7a, 0xce, 0xff, 0x7a, 0xce, 0xff, 0x7a, 0xce, 0xff, 0x7a, 0xce, 0xff, 0x7a, 0xce,
    0xff, 0x7a, 0xce, 0xff, 0x7a, 0xce, 0xff, 0x7a, 0xce, 0xff, 0x7a, 0xce, 0xff, 0x7a, 0xce, 0xff,
    0x7a, 0xce, 0xff, 0x7a, 0xce, 0xff, 0x7a, 0xce, 0xff, 0x7a, 0xce, 0xff, 0x7a, 0xce, 0xff, 0x7a,
    0xce, 0xff, 0x7a, 0xce, 0xff, 0x7a, 0xce, 0xff, 0x7a, 0xce, 0xff, 0x7a, 0xce, 0xff, 0x7a, 0xce,
    0xff, 0x7a, 0xce, 0xff, 0x7a, 0xce, 0xff, 0x7a, 0xce, 0xff, 0x7a, 0xce, 0xff, 0x7a, 0xce, 0xff,
    0x7a, 0xce, 0xff, 0x7a, 0xce, 0xff, 0x7a, 0xce, 0xff, 0x7a, 0xce, 0xff, 0x7a, 0xce, 0xff, 0x7a,
    0xce, 0xff, 0x7a, 0xce, 0xff, 0x7a, 0xce, 0xff, 0x7a, 0xce, 0xff, 0x7a, 0xce, 0xff, 0x7a, 0xce,
    0xff, 0x7a, 0xce, 0xff, 0x7a, 0xce, 0xff, 0x7a, 0xce, 0xff, 0x7a, 0xce, 0xff, 0x7a, 0xce, 0xff,
    0x7a, 0xc6, 0xff, 0x9b, 0xce, 0xff, 0xbf, 0xf7, 0xff, 0xdf, 0xf7, 0xff, 0xbf, 0xf7, 0xff, 0xbf,
    0xf7, 0xff, 0xbf, 0xf7, 0xff, 0xbf, 0xf7, 0xff, 0xbf, 0xf7, 0xff, 0xbf, 0xf7, 0xff, 0xbf, 0xf7,
    0xff, 0xbf, 0xf7, 0xff, 0xbf, 0xf7, 0xff, 0xbf, 0xf7, 0xff, 0xbf, 0xf7, 0xff, 0xbf, 0xf7, 0xff,
    0xbf, 0xf7, 0xff, 0xbf, 0xf7, 0xff, 0xbf, 0xf7, 0xff, 0xbf, 0xf7, 0xff, 0xbf, 0xf7, 0xff, 0xbf,
    0xf7, 0xff, 0xbf, 0xf7, 0xff, 0xbf, 0xf7, 0xff, 0xbf, 0xf7, 0xff, 0xbf, 0xf7, 0xff, 0xbf, 0xf7,
    0xff, 0xbf, 0xf7, 0xff, 0xbf, 0xf7, 0xff, 0xbf, 0xf7, 0xff, 0xbf, 0xf7, 0xff, 0xbf, 0xf7, 0xff,
    0xbf, 0xf7, 0xff, 0xbf, 0xf7, 0xff, 0xbf, 0xf7, 0xff, 0xbf, 0xf7, 0xff, 0xbf, 0xf7, 0xff, 0xbf,
    0xf7, 0xff, 0xbf, 0xf7, 0xff, 0xbf, 0xf7, 0xff, 0xbf, 0xf7, 0xff, 0xbf, 0xf7, 0xff, 0xbf, 0xf7,
    0xff, 0xbf, 0xf7, 0xff, 0xbf, 0xf7, 0xff, 0xbf, 0xf7, 0xff, 0xbf, 0xf7, 0xff, 0xbf, 0xf7, 0xff,
    0xbf, 0xf7, 0xff, 0xdf, 0xf7, 0xff, 0xdc, 0xd6, 0xff, 0x7a, 0xc6, 0xff, 0x7a, 0xce, 0xff, 0x7a,
    0xce, 0xff, 0x7a, 0xce, 0xff, 0x7a, 0xce, 0xff, 0x7a, 0xce, 0xff, 0x7a, 0xce, 0xff, 0x7a, 0xce,
    0xff, 0x7a, 0xce, 0xff, 0x7a, 0xce, 0xff, 0x7a, 0xce, 0xff, 0x7a, 0xce, 0xff, 0x7a, 0xce, 0xff,
    0x7a, 0xce, 0xff, 0x7a, 0xce, 0xff, 0x7a, 0xce, 0xff, 0x7a, 0xce, 0xff, 0x7a, 0xce, 0xff, 0x7a,
    0xce, 0xff, 0x7a, 0xce, 0xff, 0x7a, 0xce, 0xff, 0x7a, 0xce, 0xff, 0x7a, 0xce, 0xff, 0x7a, 0xce,
    0xff, 0x7a, 0xce, 0xff, 0x7a, 0xce, 0xff, 0x7a, 0xce, 0xff, 0x7a, 0xce, 0xff, 0x7a, 0xce, 0xff,
    0x7a, 0xce, 0xff, 0x7a, 0xce, 0xff, 0x7a, 0xce, 0xff, 0x7a, 0xce, 0xff, 0x7a, 0xce, 0xff, 0x7a,
    0xce, 0xff, 0x7a, 0xce, 0xff, 0x7a, 0xce, 0xff, 0x7a, 0xce, 0xff, 0x7a, 0xce, 0xff, 0x7a, 0xce,
    0xff, 0x7a, 0xce, 0xff, 0x7a, 0xce, 0xff, 0x7a, 0xce, 0xff, 0x7a, 0xce, 0xff, 0x7a, 0xce, 0xff,
    0x7a, 0xce, 0xff, 0x7a, 0xce, 0xff, 0x7a, 0xce, 0xff, 0x7a, 0xce, 0xff, 0x7a, 0xce, 0xff, 0x7a,
    0xce, 0xff, 0x7a, 0xce, 0xff, 0x7a, 0xce, 0xff, 0x7a, 0xce, 0xff, 0x7a, 0xce, 0xff, 0x7a, 0xce,
    0xff, 0x7a, 0xce, 0xff, 0x7a, 0xce, 0xff, 0x7a, 0xce, 0xff, 0x7a, 0xce, 0xff, 0x7a, 0xce, 0xff,
    0x7a, 0xce, 0xff, 0x7a, 0xce, 0xff, 0x7a, 0xce, 0xff, 0x7a, 0xce, 0xff, 0x7a, 0xce, 0xff, 0x7a,
    0xce, 0xff, 0x7a, 0xce, 0xff, 0x7a, 0xce, 0xff, 0x7a, 0xce, 0xff, 0x7a, 0xce, 0xff, 0x7a, 0xce,
    0xff, 0x7a, 0xce, 0xff, 0x7a, 0xce, 0xff, 0x7a, 0xce, 0xff, 0x7a, 0xce, 0xff, 0x7a, 0xce, 0xff,
    0x7a, 0xce, 0xff, 0x7a, 0xce, 0xff, 0x7a, 0xce, 0xff, 0x7a, 0xce, 0xff, 0x7a, 0xce, 0xff, 0x7a,
    0xce, 0xff, 0x7a, 0xce, 0xff, 0x7a, 0xce, 0xff, 0x7a, 0xce, 0xff, 0x7a, 0xce, 0xff, 0x7a, 0xce,
    0xff, 0x7a, 0xce, 0xff, 0x7a, 0xce, 0xff, 0x7a, 0xce, 0xff, 0x7a, 0xce, 0xff, 0x7a, 0xce, 0xff,
    0x7a, 0xce, 0xff, 0x7a, 0xce, 0xff, 0x7a, 0xce, 0xff, 0x7a, 0xce, 0xff, 0x7a, 0xce, 0xff, 0x7a,
    0xce, 0xff, 0x7a, 0xce, 0xff, 0x7a, 0xce, 0xff, 0x7a, 0xce, 0xff, 0x7a, 0xce, 0xff, 0x7a, 0xce,
    0xff, 0x7a, 0xce, 0xff, 0x7a, 0xce, 0xff, 0x7a, 0xce, 0xff, 0x7a, 0xce, 0xff, 0x7a, 0xce, 0xff,
    0x7a, 0xce, 0xff, 0x7a, 0xce, 0xff, 0x7a, 0xce, 0xff, 0x7a, 0xce, 0xff, 0x7a, 0xce, 0xff, 0x7a,
    0xce, 0xff, 0x7a, 0xce, 0xff, 0x7a, 0xce, 0xff, 0x7a, 0xce, 0xff, 0x7a, 0xce, 0xff, 0x7a, 0xce,
    0xff, 0x7a, 0xce, 0xff, 0x7a, 0xce, 0xff, 0x7a, 0xce, 0xff, 0x7a, 0xce, 0xff, 0x7a, 0xce, 0xff,
    0x7a, 0xce, 0xff, 0x7a, 0xce, 0xff, 0x7a, 0xce, 0xff, 0x7a, 0xce, 0xff, 0x7a, 0xce, 0xff, 0x5a,
    0xc6, 0xff, 0xfc, 0xde, 0xff, 0xdf, 0xff, 0xff, 0xbf, 0xf7, 0xff, 0xbf, 0xf7, 0xff, 0xbf, 0xf7,
    0xff, 0xbf, 0xf7, 0xff, 0xbf, 0xf7, 0xff, 0xbf, 0xf7, 0xff, 0xbf, 0xf7, 0xff, 0xbf, 0xf7, 0xff,
    0xbf, 0xf7, 0xff, 0xbf, 0xf7, 0xff, 0xbf, 0xf7, 0xff, 0xbf, 0xf7, 0xff, 0xbf, 0xf7, 0xff, 0xbf,
    0xf7, 0xff, 0xbf, 0xf7, 0xff, 0xbf, 0xf7, 0xff, 0xbf, 0xf7, 0xff, 0xbf, 0xf7, 0xff, 0xbf, 0xf7,
    0xff, 0xbf, 0xf7, 0xff, 0xbf, 0xf7, 0xff, 0xbf, 0xf7, 0xff, 0xbf, 0xf7, 0xff, 0xbf, 0xf7, 0xff,
    0xbf, 0xf7, 0xff, 0xbf, 0xf7, 0xff, 0xbf, 0xf7, 0xff, 0xbf, 0xf7, 0xff, 0xbf, 0xf7, 0xff, 0xbf,
    0xf7, 0xff, 0xbf, 0xf7, 0xff, 0xbf, 0xf7, 0xff, 0xbf, 0xf7, 0xff, 0xbf, 0xf7, 0xff, 0xbf, 0xf7,
    0xff, 0xbf, 0xf7, 0xff, 0xbf, 0xf7, 0xff, 0xbf, 0xf7, 0xff, 0xbf, 0xf7, 0xff, 0xbf, 0xf7, 0xff,
    0xbf, 0xf7, 0xff, 0xbf, 0xf7, 0xff, 0xbf, 0xf7, 0xff, 0xbf, 0xf7, 0xff, 0xdf, 0xff, 0xff, 0x5d,
    0xe7, 0xff, 0x7a, 0xc6, 0xff, 0x7a, 0xce, 0xff, 0x7a, 0xce, 0xff, 0x7a, 0xce, 0xff, 0x7a, 0xce,
    0xff, 0x7a, 0xce, 0xff, 0x7a, 0xce, 0xff, 0x7a, 0xce, 0xff, 0x7a, 0xce, 0xff, 0x7a, 0xce, 0xff,
    0x7a, 0xce, 0xff, 0x7a, 0xce, 0xff, 0x7a, 0xce, 0xff, 0x7a, 0xce, 0xff, 0x7a, 0xce, 0xff, 0x7a,
    0xce, 0xff, 0x7a, 0xce, 0xff, 0x7a, 0xce, 0xff, 0x7a, 0xce, 0xff, 0x7a, 0xce, 0xff, 0x7a, 0xce,
    0xff, 0x7a, 0xce, 0xff, 0x7a, 0xce, 0xff, 0x7a, 0xce, 0xff, 0x7a, 0xce, 0xff, 0x7a, 0xce, 0xff,
    0x7a, 0xce, 0xff, 0x7a, 0xce, 0xff, 0x7a, 0xce, 0xff, 0x7a, 0xce, 0xff, 0x7a, 0xce, 0xff, 0x7a,
    0xce, 0xff, 0x7a, 0xce, 0xff, 0x7a, 0xce, 0xff, 0x7a, 0xce, 0xff, 0x7a, 0xce, 0xff, 0x7a, 0xce,
    0xff, 0x7a, 0xce, 0xff, 0x7a, 0xce, 0xff, 0x7a, 0xce, 0xff, 0x7a, 0xce, 0xff, 0x7a, 0xce, 0xff,
    0x7a, 0xce, 0xff, 0x7a, 0xce, 0xff, 0x7a, 0xce, 0xff, 0x7a, 0xce, 0xff, 0x7a, 0xce, 0xff, 0x7a,
    0xce, 0xff, 0x7a, 0xce, 0xff, 0x7a, 0xce, 0xff, 0x7a, 0xce, 0xff, 0x7a, 0xce, 0xff, 0x7a, 0xce,
    0xff, 0x7a, 0xce, 0xff, 0x7a, 0xce, 0xff, 0x7a, 0xce, 0xff, 0x7a, 0xce, 0xff, 0x7a, 0xce, 0xff,
    0x7a, 0xce, 0xff, 0x7a, 0xce, 0xff, 0x7a, 0xce, 0xff, 0x7a, 0xce, 0xff, 0x7a, 0xce, 0xff, 0x7a,
    0xce, 0xff, 0x7a, 0xce, 0xff, 0x7a, 0xce, 0xff, 0x7a, 0xce, 0xff, 0x7a, 0xce, 0xff, 0x7a, 0xce,
    0xff, 0x7a, 0xce, 0xff, 0x7a, 0xce, 0xff, 0x7a, 0xce, 0xff, 0x7a, 0xce, 0xff, 0x7a, 0xce, 0xff,
    0x7a, 0xce, 0xff, 0x7a, 0xce, 0xff, 0x7a, 0xce, 0xff, 0x7a, 0xce, 0xff, 0x7a, 0xce, 0xff, 0x7a,
    0xce, 0xff, 0x7a, 0xce, 0xff, 0x7a, 0xce, 0xff, 0x7a, 0xce, 0xff, 0x7a, 0xce, 0xff, 0x7a, 0xce,
    0xff, 0x7a, 0xce, 0xff, 0x7a, 0xce, 0xff, 0x7a, 0xce, 0xff, 0x7a, 0xce, 0xff, 0x7a, 0xce, 0xff,
    0x7a, 0xce, 0xff, 0x7a, 0xce, 0xff, 0x7a, 0xce, 0xff, 0x7a, 0xce, 0xff, 0x7a, 0xce, 0xff, 0x7a,
    0xce, 0xff, 0x7a, 0xce, 0xff, 0x7a, 0xce, 0xff, 0x7a, 0xce, 0xff, 0x7a, 0xce, 0xff, 0x7a, 0xce,
    0xff, 0x7a, 0xce, 0xff, 0x7a, 0xce, 0xff, 0x7a, 0xce, 0xff, 0x7a, 0xce, 0xff, 0x7a, 0xce, 0xff,
    0x7a, 0xce, 0xff, 0x7a, 0xce, 0xff, 0x7a, 0xce, 0xff, 0x7a, 0xce, 0xff, 0x7a, 0xce, 0xff, 0x7a,
    0xce, 0xff, 0x7a, 0xce, 0xff, 0x7a, 0xce, 0xff, 0x7a, 0xce, 0xff, 0x7a, 0xce, 0xff, 0x7a, 0xce,
    0xff, 0x7a, 0xce, 0xff, 0x7a, 0xce, 0xff, 0x7a, 0xce, 0xff, 0x7a, 0xce, 0xff, 0x7a, 0xce, 0xff,
    0x7a, 0xce, 0xff, 0x7a, 0xce, 0xff, 0x7a, 0xce, 0xff, 0x7a, 0xce, 0xff, 0x7a, 0xce, 0xff, 0x7a,
    0xce, 0xff, 0x7a, 0xce, 0xff, 0x7a, 0xce, 0xff, 0x7a, 0xce, 0xff, 0x7a, 0xce, 0xff, 0x7a, 0xc6,
    0xff, 0x5d, 0xe7, 0xff, 0xdf, 0xff, 0xff, 0xbf, 0xf7, 0xff, 0xbf, 0xf7, 0xff, 0xbf, 0xf7, 0xff,
    0xbf, 0xf7, 0xff, 0xbf, 0xf7, 0xff, 0xbf, 0xf7, 0xff, 0xbf, 0xf7, 0xff, 0xbf, 0xf7, 0xff, 0xbf,
    0xf7, 0xff, 0xbf, 0xf7, 0xff, 0xbf, 0xf7, 0xff, 0xbf, 0xf7, 0xff, 0xbf, 0xf7, 0xff, 0xbf, 0xf7,
    0xff, 0xbf, 0xf7, 0xff, 0xbf, 0xf7, 0xff, 0xbf, 0xf7, 0xff, 0xbf, 0xf7, 0xff, 0xbf, 0xf7, 0xff,
    0xbf, 0xf7, 0xff, 0xbf, 0xf7, 0xff, 0xbf, 0xf7, 0xff, 0xbf, 0xf7, 0xff, 0xbf, 0xf7, 0xff, 0xbf,
    0xf7, 0xff, 0xbf, 0xf7, 0xff, 0xbf, 0xf7, 0xff, 0xbf, 0xf7, 0xff, 0xbf, 0xf7, 0xff, 0xbf, 0xf7,
    0xff, 0xbf, 0xf7, 0xff, 0xbf, 0xf7, 0xff, 0xbf, 0xf7, 0xff, 0xbf, 0xf7, 0xff, 0xbf, 0xf7, 0xff,
    0xbf, 0xf7, 0xff, 0xbf, 0xf7, 0xff, 0xbf, 0xf7, 0xff, 0xbf, 0xf7, 0xff, 0xbf, 0xf7, 0xff, 0xbf,
    0xf7, 0xff, 0xbf, 0xf7, 0xff, 0xdf, 0xf7, 0xff, 0x9e, 0xf7, 0xff, 0x9a, 0xce, 0xff, 0x7a, 0xc6,
    0xff, 0x7a, 0xce, 0xff, 0x7a, 0xce, 0xff, 0x7a, 0xce, 0xff, 0x7a, 0xce, 0xff, 0x7a, 0xce, 0xff,
    0x7a, 0xce, 0xff, 0x7a, 0xce, 0xff, 0x7a, 0xce, 0xff, 0x7a, 0xce, 0xff, 0x7a, 0xce, 0xff, 0x7a,
    0xce, 0xff, 0x7a, 0xce, 0xff, 0x7a, 0xce, 0xff, 0x7a, 0xce, 0xff, 0x7a, 0xce, 0xff, 0x7a, 0xce,
    0xff, 0x7a, 0xce, 0xff, 0x7a, 0xce, 0xff, 0x7a, 0xce, 0xff, 0x7a, 0xce, 0xff, 0x7a, 0xce, 0xff,
    0x7a, 0xce, 0xff, 0x7a, 0xce, 0xff, 0x7a, 0xce, 0xff, 0x7a, 0xce, 0xff, 0x7a, 0xce, 0xff, 0x7a,
    0xce, 0xff, 0x7a, 0xce, 0xff, 0x7a, 0xce, 0xff, 0x7a, 0xce, 0xff, 0x7a, 0xce, 0xff, 0x7a, 0xce,
    0xff, 0x7a, 0xce, 0xff, 0x7a, 0xce, 0xff, 0x7a, 0xce, 0xff, 0x7a, 0xce, 0xff, 0x7a, 0xce, 0xff,
    0x7a, 0xce, 0xff, 0x7a, 0xce, 0xff, 0x7a, 0xce, 0xff, 0x7a, 0xce, 0xff, 0x7a, 0xce, 0xff, 0x7a,
    0xce, 0xff, 0x7a, 0xce, 0xff, 0x7a, 0xce, 0xff, 0x7a, 0xce, 0xff, 0x7a, 0xce, 0xff, 0x7a, 0xce,
    0xff, 0x7a, 0xce, 0xff, 0x7a, 0xce, 0xff, 0x7a, 0xce, 0xff, 0x7a, 0xce, 0xff, 0x7a, 0xce, 0xff,
    0x7a, 0xce, 0xff, 0x7a, 0xce, 0xff, 0x7a, 0xce, 0xff, 0x7a, 0xce, 0xff, 0x7a, 0xce, 0xff, 0x7a,
    0xce, 0xff, 0x7a, 0xce, 0xff, 0x7a, 0xce, 0xff, 0x7a, 0xce, 0xff, 0x7a, 0xce, 0xff, 0x7a, 0xce,
    0xff, 0x7a, 0xce, 0xff, 0x7a, 0xce, 0xff, 0x7a, 0xce, 0xff, 0x7a, 0xce, 0xff, 0x7a, 0xce, 0xff,
    0x7a, 0xce, 0xff, 0x7a, 0xce, 0xff, 0x7a, 0xce, 0xff, 0x7a, 0xce, 0xff, 0x7a, 0xce, 0xff, 0x7a,
    0xce, 0xff, 0x7a, 0xce, 0xff, 0x7a, 0xce, 0xff, 0x7a, 0xce, 0xff, 0x7a, 0xce, 0xff, 0x7a, 0xce,
    0xff, 0x7a, 0xce, 0xff, 0x7a, 0xce, 0xff, 0x7a, 0xce, 0xff, 0x7a, 0xce, 0xff, 0x7a, 0xce, 0xff,
    0x7a, 0xce, 0xff, 0x7a, 0xce, 0xff, 0x7a, 0xce, 0xff, 0x7a, 0xce, 0xff, 0x7a, 0xce, 0xff, 0x7a,
    0xce, 0xff, 0x7a, 0xce, 0xff, 0x7a, 0xce, 0xff, 0x7a, 0xce, 0xff, 0x7a, 0xce, 0xff, 0x7a, 0xce,
    0xff, 0x7a, 0xce, 0xff, 0x7a, 0xce, 0xff, 0x7a, 0xce, 0xff, 0x7a, 0xce, 0xff, 0x7a, 0xce, 0xff,
    0x7a, 0xce, 0xff, 0x7a, 0xce, 0xff, 0x7a, 0xce, 0xff, 0x7a, 0xce, 0xff, 0x7a, 0xce, 0xff, 0x7a,
    0xce, 0xff, 0x7a, 0xce, 0xff, 0x7a, 0xce, 0xff, 0x7a, 0xce, 0xff, 0x7a, 0xce, 0xff, 0x7a, 0xce,
    0xff, 0x7a, 0xce, 0xff, 0x7a, 0xce, 0xff, 0x7a, 0xce, 0xff, 0x7a, 0xce, 0xff, 0x7a, 0xce, 0xff,
    0x7a, 0xce, 0xff, 0x7a, 0xce, 0xff, 0x7a, 0xce, 0xff, 0x7a, 0xce, 0xff, 0x7a, 0xce, 0xff, 0x7a,
    0xce, 0xff, 0x7a, 0xce, 0xff, 0x7a, 0xce, 0xff, 0x7a, 0xce, 0xff, 0x7a, 0xce, 0xff, 0x7a, 0xce,
    0xff, 0x7a, 0xce, 0xff, 0x7a, 0xce, 0xff, 0x7a, 0xce, 0xff, 0x7a, 0xc6, 0xff, 0x9a, 0xce, 0xff,
    0x9e, 0xf7, 0xff, 0xdf, 0xf7, 0xff, 0xbf, 0xf7, 0xff, 0xbf, 0xf7, 0xff, 0xbf, 0xf7, 0xff, 0xbf,
    0xf7, 0xff, 0xbf, 0xf7, 0xff, 0xbf, 0xf7, 0xff, 0xbf, 0xf7, 0xff, 0xbf, 0xf7, 0xff, 0xbf, 0xf7,
    0xff, 0xbf, 0xf7, 0xff, 0xbf, 0xf7, 0xff, 0xbf, 0xf7, 0xff, 0xbf, 0xf7, 0xff, 0xbf, 0xf7, 0xff,
    0xbf, 0xf7, 0xff, 0xbf, 0xf7, 0xff, 0xbf, 0xf7, 0xff, 0xbf, 0xf7, 0xff, 0xbf, 0xf7, 0xff, 0xbf,
    0xf7, 0xff, 0xbf, 0xf7, 0xff, 0xbf, 0xf7, 0xff, 0xbf, 0xf7, 0xff, 0xbf, 0xf7, 0xff, 0xbf, 0xf7,
    0xff, 0xbf, 0xf7, 0xff, 0xbf, 0xf7, 0xff, 0xbf, 0xf7, 0xff, 0xbf, 0xf7, 0xff, 0xbf, 0xf7, 0xff,
    0xbf, 0xf7, 0xff, 0xbf, 0xf7, 0xff, 0xbf, 0xf7, 0xff, 0xbf, 0xf7, 0xff, 0xbf, 0xf7, 0xff, 0xbf,
    0xf7, 0xff, 0xbf, 0xf7, 0xff, 0xbf, 0xf7, 0xff, 0xbf, 0xf7, 0xff, 0xbf, 0xf7, 0xff, 0xbf, 0xf7,
    0xff, 0xdf, 0xf7, 0xff, 0xbb, 0xd6, 0xff, 0x7a, 0xc6, 0xff, 0x7a, 0xce, 0xff, 0x7a, 0xce, 0xff,
    0x7a, 0xce, 0xff, 0x7a, 0xce, 0xff, 0x7a, 0xce, 0xff, 0x7a, 0xce, 0xff, 0x7a, 0xce, 0xff, 0x7a,
    0xce, 0xff, 0x7a, 0xce, 0xff, 0x7a, 0xce, 0xff, 0x7a, 0xce, 0xff, 0x7a, 0xce, 0xff, 0x7a, 0xce,
    0xff, 0x7a, 0xce, 0xff, 0x7a, 0xce, 0xff, 0x7a, 0xce, 0xff, 0x7a, 0xce, 0xff, 0x7a, 0xce, 0xff,
    0x7a, 0xce, 0xff, 0x7a, 0xce, 0xff, 0x7a, 0xce, 0xff, 0x7a, 0xce, 0xff, 0x7a, 0xce, 0xff, 0x7a,
    0xce, 0xff, 0x7a, 0xce, 0xff, 0x7a, 0xce, 0xff, 0x7a, 0xce, 0xff, 0x7a, 0xce, 0xff, 0x7a, 0xce,
    0xff, 0x7a, 0xce, 0xff, 0x7a, 0xce, 0xff, 0x7a, 0xce, 0xff, 0x7a, 0xce, 0xff, 0x7a, 0xce, 0xff,
    0x7a, 0xce, 0xff, 0x7a, 0xce, 0xff, 0x7a, 0xce, 0xff, 0x7a, 0xce, 0xff, 0x7a, 0xce, 0xff, 0x7a,
    0xce, 0xff, 0x7a, 0xce, 0xff, 0x7a, 0xce, 0xff, 0x7a, 0xce, 0xff, 0x7a, 0xce, 0xff, 0x7a, 0xce,
    0xff, 0x7a, 0xce, 0xff, 0x7a, 0xce, 0xff, 0x7a, 0xce, 0xff, 0x7a, 0xce, 0xff, 0x7a, 0xce, 0xff,
    0x7a, 0xce, 0xff, 0x7a, 0xce, 0xff, 0x7a, 0xce, 0xff, 0x7a, 0xce, 0xff, 0x7a, 0xce, 0xff, 0x7a,
    0xce, 0xff, 0x7a, 0xce, 0xff, 0x7a, 0xce, 0xff, 0x7a, 0xce, 0xff, 0x7a, 0xce, 0xff, 0x7a, 0xce,
    0xff, 0x7a, 0xce, 0xff, 0x7a, 0xce, 0xff, 0x7a, 0xce, 0xff, 0x7a, 0xce, 0xff, 0x7a, 0xce, 0xff,
    0x7a, 0xce, 0xff, 0x7a, 0xce, 0xff, 0x7a, 0xce, 0xff, 0x7a, 0xce, 0xff, 0x7a, 0xce, 0xff, 0x7a,
    0xce, 0xff, 0x7a, 0xce, 0xff, 0x7a, 0xce, 0xff, 0x7a, 0xce, 0xff, 0x7a, 0xce, 0xff, 0x7a, 0xce,
    0xff, 0x7a, 0xce, 0xff, 0x7a, 0xce, 0xff, 0x7a, 0xce, 0xff, 0x7a, 0xce, 0xff, 0x7a, 0xce, 0xff,
    0x7a, 0xce, 0xff, 0x7a, 0xce, 0xff, 0x7a, 0xce, 0xff, 0x7a, 0xce, 0xff, 0x7a, 0xce, 0xff, 0x7a,
    0xce, 0xff, 0x7a, 0xce, 0xff, 0x7a, 0xce, 0xff, 0x7a, 0xce, 0xff, 0x7a, 0xce, 0xff, 0x7a, 0xce,
    0xff, 0x7a, 0xce, 0xff, 0x7a, 0xce, 0xff, 0x7a, 0xce, 0xff, 0x7a, 0xce, 0xff, 0x7a, 0xce, 0xff,
    0x7a, 0xce, 0xff, 0x7a, 0xce, 0xff, 0x7a, 0xce, 0xff, 0x7a, 0xce, 0xff, 0x7a, 0xce, 0xff, 0x7a,
    0xce, 0xff, 0x7a, 0xce, 0xff, 0x7a, 0xce, 0xff, 0x7a, 0xce, 0xff, 0x7a, 0xce, 0xff, 0x7a, 0xce,
    0xff, 0x7a, 0xce, 0xff, 0x7a, 0xce, 0xff, 0x7a, 0xce, 0xff, 0x7a, 0xce, 0xff, 0x7a, 0xce, 0xff,
    0x7a, 0xce, 0xff, 0x7a, 0xce, 0xff, 0x7a, 0xce, 0xff, 0x7a, 0xce, 0xff, 0x7a, 0xce, 0xff, 0x7a,
    0xce, 0xff, 0x7a, 0xce, 0xff, 0x7a, 0xce, 0xff, 0x7a, 0xce, 0xff, 0x7a, 0xce, 0xff, 0x7a, 0xce,
    0xff, 0x7a, 0xce, 0xff, 0x7a, 0xce, 0xff, 0x7a, 0xce, 0xff, 0x7a, 0xce, 0xff, 0x7a, 0xce, 0xff,
    0x7a, 0xce, 0xff, 0x7a, 0xce, 0xff, 0x7a, 0xce, 0xff, 0x7a, 0xc6, 0xff, 0xbb, 0xd6, 0xff, 0xbf,
    0xf7, 0xff, 0xdf, 0xf7, 0xff, 0xbf, 0xf7, 0xff, 0xbf, 0xf7, 0xff, 0xbf, 0xf7, 0xff, 0xbf, 0xf7,
    0xff, 0xbf, 0xf7, 0xff, 0xbf, 0xf7, 0xff, 0xbf, 0xf7, 0xff, 0xbf, 0xf7, 0xff, 0xbf, 0xf7, 0xff,
    0xbf, 0xf7, 0xff, 0xbf, 0xf7, 0xff, 0xbf, 0xf7, 0xff, 0xbf, 0xf7, 0xff, 0xbf, 0xf7, 0xff, 0xbf,
    0xf7, 0xff, 0xbf, 0xf7, 0xff, 0xbf, 0xf7, 0xff, 0xbf, 0xf7, 0xff, 0xbf, 0xf7, 0xff, 0xbf, 0xf7,
    0xff, 0xbf, 0xf7, 0xff, 0xbf, 0xf7, 0xff, 0xbf, 0xf7, 0xff, 0xbf, 0xf7, 0xff, 0xbf, 0xf7, 0xff,
    0xbf, 0xf7, 0xff, 0xbf, 0xf7, 0xff, 0xbf, 0xf7, 0xff, 0xbf, 0xf7, 0xff, 0xbf, 0xf7, 0xff, 0xbf,
    0xf7, 0xff, 0xbf, 0xf7, 0xff, 0xbf, 0xf7, 0xff, 0xbf, 0xf7, 0xff, 0xbf, 0xf7, 0xff, 0xbf, 0xf7,
    0xff, 0xbf, 0xf7, 0xff, 0xbf, 0xf7, 0xff, 0xbf, 0xf7, 0xff, 0xdf, 0xf7, 0xff, 0xfc, 0xde, 0xff,
    0x5a, 0xc6, 0xff, 0x7a, 0xce, 0xff, 0x7a, 0xce, 0xff, 0x7a, 0xce, 0xff, 0x7a, 0xce, 0xff, 0x7a,
    0xce, 0xff, 0x7a, 0xce, 0xff, 0x7a, 0xce, 0xff, 0x7a, 0xce, 0xff, 0x7a, 0xce, 0xff, 0x7a, 0xce,
    0xff, 0x7a, 0xce, 0xff, 0x7a, 0xce, 0xff, 0x7a, 0xce, 0xff, 0x7a, 0xce, 0xff, 0x7a, 0xce, 0xff,
    0x7a, 0xce, 0xff, 0x7a, 0xce, 0xff, 0x7a, 0xce, 0xff, 0x7a, 0xce, 0xff, 0x7a, 0xce, 0xff, 0x7a,
    0xce, 0xff, 0x7a, 0xce, 0xff, 0x7a, 0xce, 0xff, 0x7a, 0xce, 0xff, 0x7a, 0xce, 0xff, 0x7a, 0xce,
    0xff, 0x7a, 0xce, 0xff, 0x7a, 0xce, 0xff, 0x7a, 0xce, 0xff, 0x7a, 0xce, 0xff, 0x7a, 0xce, 0xff,
    0x7a, 0xce, 0xff, 0x7a, 0xce, 0xff, 0x7a, 0xce, 0xff, 0x7a, 0xce, 0xff, 0x7a, 0xce, 0xff, 0x7a,
    0xce, 0xff, 0x7a, 0xce, 0xff, 0x7a, 0xce, 0xff, 0x7a, 0xce, 0xff, 0x7a, 0xce, 0xff, 0x7a, 0xce,
    0xff, 0x7a, 0xce, 0xff, 0x7a, 0xce, 0xff, 0x7a, 0xce, 0xff, 0x7a, 0xce, 0xff, 0x7a, 0xce, 0xff,
    0x7a, 0xce, 0xff, 0x7a, 0xce, 0xff, 0x7a, 0xce, 0xff, 0x7a, 0xce, 0xff, 0x7a, 0xce, 0xff, 0x7a,
    0xce, 0xff, 0x7a, 0xce, 0xff, 0x7a, 0xce, 0xff, 0x7a, 0xce, 0xff, 0x7a, 0xce, 0xff, 0x7a, 0xce,
    0xff, 0x7a, 0xce, 0xff, 0x7a, 0xce, 0xff, 0x7a, 0xce, 0xff, 0x7a, 0xce, 0xff, 0x7a, 0xce, 0xff,
    0x7a, 0xce, 0xff, 0x7a, 0xce, 0xff, 0x7a, 0xce, 0xff, 0x7a, 0xce, 0xff, 0x7a, 0xce, 0xff, 0x7a,
    0xce, 0xff, 0x7a, 0xce, 0xff, 0x7a, 0xce, 0xff, 0x7a, 0xce, 0xff, 0x7a, 0xce, 0xff, 0x7a, 0xce,
    0xff, 0x7a, 0xce, 0xff, 0x7a, 0xce, 0xff, 0x7a, 0xce, 0xff, 0x7a, 0xce, 0xff, 0x7a, 0xce, 0xff,
    0x7a, 0xce, 0xff, 0x7a, 0xce, 0xff, 0x7a, 0xce, 0xff, 0x7a, 0xce, 0xff, 0x7a, 0xce, 0xff, 0x7a,
    0xce, 0xff, 0x7a, 0xce, 0xff, 0x7a, 0xce, 0xff, 0x7a, 0xce, 0xff, 0x7a, 0xce, 0xff, 0x7a, 0xce,
    0xff, 0x7a, 0xce, 0xff, 0x7a, 0xce, 0xff, 0x7a, 0xce, 0xff, 0x7a, 0xce, 0xff, 0x7a, 0xce, 0xff,
    0x7a, 0xce, 0xff, 0x7a, 0xce, 0xff, 0x7a, 0xce, 0xff, 0x7a, 0xce, 0xff, 0x7a, 0xce, 0xff, 0x7a,
    0xce, 0xff, 0x7a, 0xce, 0xff, 0x7a, 0xce, 0xff, 0x7a, 0xce, 0xff, 0x7a, 0xce, 0xff, 0x7a, 0xce,
    0xff, 0x7a, 0xce, 0xff, 0x7a, 0xce, 0xff, 0x7a, 0xce, 0xff, 0x7a, 0xce, 0xff, 0x7a, 0xce, 0xff,
    0x7a, 0xce, 0xff, 0x7a, 0xce, 0xff, 0x7a, 0xce, 0xff, 0x7a, 0xce, 0xff, 0x7a, 0xce, 0xff, 0x7a,
    0xce, 0xff, 0x7a, 0xce, 0xff, 0x7a, 0xce, 0xff, 0x7a, 0xce, 0xff, 0x7a, 0xce, 0xff, 0x7a, 0xce,
    0xff, 0x7a, 0xce, 0xff, 0x7a, 0xce, 0xff, 0x7a, 0xce, 0xff, 0x7a, 0xce, 0xff, 0x7a, 0xce, 0xff,
    0x7a, 0xce, 0xff, 0x7a, 0xce, 0xff, 0x7a, 0xce, 0xff, 0x7a, 0xce, 0xff, 0x7a, 0xce, 0xff, 0x7a,
    0xce, 0xff, 0x7a, 0xce, 0xff, 0x7a, 0xce, 0xff, 0x5a, 0xc6, 0xff, 0xbb, 0xd6, 0xff, 0xbf, 0xf7,
    0xff, 0xdf, 0xf7, 0xff, 0xbf, 0xf7, 0xff, 0xbf, 0xf7, 0xff, 0xbf, 0xf7, 0xff, 0xbf, 0xf7, 0xff,
    0xbf, 0xf7, 0xff, 0xbf, 0xf7, 0xff, 0xbf, 0xf7, 0xff, 0xbf, 0xf7, 0xff, 0xbf, 0xf7, 0xff, 0xbf,
    0xf7, 0xff, 0xbf, 0xf7, 0xff, 0xbf, 0xf7, 0xff, 0xbf, 0xf7, 0xff, 0xbf, 0xf7, 0xff, 0xbf, 0xf7,
    0xff, 0xbf, 0xf7, 0xff, 0xbf, 0xf7, 0xff, 0xbf, 0xf7, 0xff, 0xbf, 0xf7, 0xff, 0xbf, 0xf7, 0xff,
    0xbf, 0xf7, 0xff, 0xbf, 0xf7, 0xff, 0xbf, 0xf7, 0xff, 0xbf, 0xf7, 0xff, 0xbf, 0xf7, 0xff, 0xbf,
    0xf7, 0xff, 0xbf, 0xf7, 0xff, 0xbf, 0xf7, 0xff, 0xbf, 0xf7, 0xff, 0xbf, 0xf7, 0xff, 0xbf, 0xf7,
    0xff, 0xbf, 0xf7, 0xff, 0xbf, 0xf7, 0xff, 0xbf, 0xf7, 0xff, 0xbf, 0xf7, 0xff, 0xbf, 0xf7, 0xff,
    0xbf, 0xf7, 0xff, 0xdf, 0xf7, 0xff, 0xfc, 0xde, 0xff, 0x5a, 0xc6, 0xff, 0x7a, 0xce, 0xff, 0x7a,
    0xce, 0xff, 0x7a, 0xce, 0xff, 0x7a, 0xce, 0xff, 0x7a, 0xce, 0xff, 0x7a, 0xce, 0xff, 0x7a, 0xce,
    0xff, 0x7a, 0xce, 0xff, 0x7a, 0xce, 0xff, 0x7a, 0xce, 0xff, 0x7a, 0xce, 0xff, 0x7a, 0xce, 0xff,
    0x7a, 0xce, 0xff, 0x7a, 0xce, 0xff, 0x7a, 0xce, 0xff, 0x7a, 0xce, 0xff, 0x7a, 0xce, 0xff, 0x7a,
    0xce, 0xff, 0x7a, 0xce, 0xff, 0x7a, 0xce, 0xff, 0x7a, 0xce, 0xff, 0x7a, 0xce, 0xff, 0x7a, 0xce,
    0xff, 0x7a, 0xce, 0xff, 0x7a, 0xce, 0xff, 0x7a, 0xce, 0xff, 0x7a, 0xce, 0xff, 0x7a, 0xce, 0xff,
    0x7a, 0xce, 0xff, 0x7a, 0xce, 0xff, 0x7a, 0xce, 0xff, 0x7a, 0xce, 0xff, 0x7a, 0xce, 0xff, 0x7a,
    0xce, 0xff, 0x7a, 0xce, 0xff, 0x7a, 0xce, 0xff, 0x7a, 0xce, 0xff, 0x7a, 0xce, 0xff, 0x7a, 0xce,
    0xff, 0x7a, 0xce, 0xff, 0x7a, 0xce, 0xff, 0x7a, 0xce, 0xff, 0x7a, 0xce, 0xff, 0x7a, 0xce, 0xff,
    0x7a, 0xce, 0xff, 0x7a, 0xce, 0xff, 0x7a, 0xce, 0xff, 0x7a, 0xce, 0xff, 0x7a, 0xce, 0xff, 0x7a,
    0xce, 0xff, 0x7a, 0xce, 0xff, 0x7a, 0xce, 0xff, 0x7a, 0xce, 0xff, 0x7a, 0xce, 0xff, 0x7a, 0xce,
    0xff, 0x7a, 0xce, 0xff, 0x7a, 0xce, 0xff, 0x7a, 0xce, 0xff, 0x7a, 0xce, 0xff, 0x7a, 0xce, 0xff,
    0x7a, 0xce, 0xff, 0x7a, 0xce, 0xff, 0x7a, 0xce, 0xff, 0x7a, 0xce, 0xff, 0x7a, 0xce, 0xff, 0x7a,
    0xce, 0xff, 0x7a, 0xce, 0xff, 0x7a, 0xce, 0xff, 0x7a, 0xce, 0xff, 0x7a, 0xce, 0xff, 0x7a, 0xce,
    0xff, 0x7a, 0xce, 0xff, 0x7a, 0xce, 0xff, 0x7a, 0xce, 0xff, 0x7a, 0xce, 0xff, 0x7a, 0xce, 0xff,
    0x7a, 0xce, 0xff, 0x7a, 0xce, 0xff, 0x7a, 0xce, 0xff, 0x7a, 0xce, 0xff, 0x7a, 0xce, 0xff, 0x7a,
    0xce, 0xff, 0x7a, 0xce, 0xff, 0x7a, 0xce, 0xff, 0x7a, 0xce, 0xff, 0x7a, 0xce, 0xff, 0x7a, 0xce,
    0xff, 0x7a, 0xce, 0xff, 0x7a, 0xce, 0xff, 0x7a, 0xce, 0xff, 0x7a, 0xce, 0xff, 0x7a, 0xce, 0xff,
    0x7a, 0xce, 0xff, 0x7a, 0xce, 0xff, 0x7a, 0xce, 0xff, 0x7a, 0xce, 0xff, 0x7a, 0xce, 0xff, 0x7a,
    0xce, 0xff, 0x7a, 0xce, 0xff, 0x7a, 0xce, 0xff, 0x7a, 0xce, 0xff, 0x7a, 0xce, 0xff, 0x7a, 0xce,
    0xff, 0x7a, 0xce, 0xff, 0x7a, 0xce, 0xff, 0x7a, 0xce, 0xff, 0x7a, 0xce, 0xff, 0x7a, 0xce, 0xff,
    0x7a, 0xce, 0xff, 0x7a, 0xce, 0xff, 0x7a, 0xce, 0xff, 0x7a, 0xce, 0xff, 0x7a, 0xce, 0xff, 0x7a,
    0xce, 0xff, 0x7a, 0xce, 0xff, 0x7a, 0xce, 0xff, 0x7a, 0xce, 0xff, 0x7a, 0xce, 0xff, 0x7a, 0xce,
    0xff, 0x7a, 0xce, 0xff, 0x7a, 0xce, 0xff, 0x7a, 0xce, 0xff, 0x7a, 0xce, 0xff, 0x7a, 0xce, 0xff,
    0x7a, 0xce, 0xff, 0x7a, 0xce, 0xff, 0x7a, 0xce, 0xff, 0x7a, 0xce, 0xff, 0x7a, 0xce, 0xff, 0x7a,
    0xce, 0xff, 0x7a, 0xce, 0xff, 0x7a, 0xce, 0xff, 0x7a, 0xce, 0xff, 0x7a, 0xce, 0xff, 0x7a, 0xce,
    0xff, 0x7a, 0xce, 0xff, 0x7a, 0xce, 0xff, 0x5a, 0xc6, 0xff, 0xbb, 0xd6, 0xff, 0xbf, 0xf7, 0xff,
    0xdf, 0xf7, 0xff, 0xbf, 0xf7, 0xff, 0xbf, 0xf7, 0xff, 0xbf, 0xf7, 0xff, 0xbf, 0xf7, 0xff, 0xbf,
    0xf7, 0xff, 0xbf, 0xf7, 0xff, 0xbf, 0xf7, 0xff, 0xbf, 0xf7, 0xff, 0xbf, 0xf7, 0xff, 0xbf, 0xf7,
    0xff, 0xbf, 0xf7, 0xff, 0xbf, 0xf7, 0xff, 0xbf, 0xf7, 0xff, 0xbf, 0xf7, 0xff, 0xbf, 0xf7, 0xff,
    0xbf, 0xf7, 0xff, 0xbf, 0xf7, 0xff, 0xbf, 0xf7, 0xff, 0xbf, 0xf7, 0xff, 0xbf, 0xf7, 0xff, 0xbf,
    0xf7, 0xff, 0xbf, 0xf7, 0xff, 0xbf, 0xf7, 0xff, 0xbf, 0xf7, 0xff, 0xbf, 0xf7, 0xff, 0xbf, 0xf7,
    0xff, 0xbf, 0xf7, 0xff, 0xbf, 0xf7, 0xff, 0xbf, 0xf7, 0xff, 0xbf, 0xf7, 0xff, 0xbf, 0xf7, 0xff,
    0xbf, 0xf7, 0xff, 0xbf, 0xf7, 0xff, 0xbf, 0xf7, 0xff, 0xbf, 0xf7, 0xff, 0xdf, 0xf7, 0xff, 0xfc,
    0xde, 0xff, 0x5a, 0xc6, 0xff, 0x7a, 0xce, 0xff, 0x7a, 0xce, 0xff, 0x7a, 0xce, 0xff, 0x7a, 0xce,
    0xff, 0x7a, 0xce, 0xff, 0x7a, 0xce, 0xff, 0x7a, 0xce, 0xff, 0x7a, 0xce, 0xff, 0x7a, 0xce, 0xff,
    0x7a, 0xce, 0xff, 0x7a, 0xce, 0xff, 0x7a, 0xce, 0xff, 0x7a, 0xce, 0xff, 0x7a, 0xce, 0xff, 0x7a,
    0xce, 0xff, 0x7a, 0xce, 0xff, 0x7a, 0xce, 0xff, 0x7a, 0xce, 0xff, 0x7a, 0xce, 0xff, 0x7a, 0xce,
    0xff, 0x7a, 0xce, 0xff, 0x7a, 0xce, 0xff, 0x7a, 0xce, 0xff, 0x7a, 0xce, 0xff, 0x7a, 0xce, 0xff,
    0x7a, 0xce, 0xff, 0x7a, 0xce, 0xff, 0x7a, 0xce, 0xff, 0x7a, 0xce, 0xff, 0x7a, 0xce, 0xff, 0x7a,
    0xce, 0xff, 0x7a, 0xce, 0xff, 0x7a, 0xce, 0xff, 0x7a, 0xce, 0xff, 0x7a, 0xce, 0xff, 0x7a, 0xce,
    0xff, 0x7a, 0xce, 0xff, 0x7a, 0xce, 0xff, 0x7a, 0xce, 0xff, 0x7a, 0xce, 0xff, 0x7a, 0xce, 0xff,
    0x7a, 0xce, 0xff, 0x7a, 0xce, 0xff, 0x7a, 0xce, 0xff, 0x7a, 0xce, 0xff, 0x7a, 0xce, 0xff, 0x7a,
    0xce, 0xff, 0x7a, 0xce, 0xff, 0x7a, 0xce, 0xff, 0x7a, 0xce, 0xff, 0x7a, 0xce, 0xff, 0x7a, 0xce,
    0xff, 0x7a, 0xce, 0xff, 0x7a, 0xce, 0xff, 0x7a, 0xce, 0xff, 0x7a, 0xce, 0xff, 0x7a, 0xce, 0xff,
    0x7a, 0xce, 0xff, 0x7a, 0xce, 0xff, 0x7a, 0xce, 0xff, 0x7a, 0xce, 0xff, 0x7a, 0xce, 0xff, 0x7a,
    0xce, 0xff, 0x7a, 0xce, 0xff, 0x7a, 0xce, 0xff, 0x7a, 0xce, 0xff, 0x7a, 0xce, 0xff, 0x7a, 0xce,
    0xff, 0x7a, 0xce, 0xff, 0x7a, 0xce, 0xff, 0x7a, 0xce, 0xff, 0x7a, 0xce, 0xff, 0x7a, 0xce, 0xff,
    0x7a, 0xce, 0xff, 0x7a, 0xce, 0xff, 0x7a, 0xce, 0xff, 0x7a, 0xce, 0xff, 0x7a, 0xce, 0xff, 0x7a,
    0xce, 0xff, 0x7a, 0xce, 0xff, 0x7a, 0xce, 0xff, 0x7a, 0xce, 0xff, 0x7a, 0xce, 0xff, 0x7a, 0xce,
    0xff, 0x7a, 0xce, 0xff, 0x7a, 0xce, 0xff, 0x7a, 0xce, 0xff, 0x7a, 0xce, 0xff, 0x7a, 0xce, 0xff,
    0x7a, 0xce, 0xff, 0x7a, 0xce, 0xff, 0x7a, 0xce, 0xff, 0x7a, 0xce, 0xff, 0x7a, 0xce, 0xff, 0x7a,
    0xce, 0xff, 0x7a, 0xce, 0xff, 0x7a, 0xce, 0xff, 0x7a, 0xce, 0xff, 0x7a, 0xce, 0xff, 0x7a, 0xce,
    0xff, 0x7a, 0xce, 0xff, 0x7a, 0xce, 0xff, 0x7a, 0xce, 0xff, 0x7a, 0xce, 0xff, 0x7a, 0xce, 0xff,
    0x7a, 0xce, 0xff, 0x7a, 0xce, 0xff, 0x7a, 0xce, 0xff, 0x7a, 0xce, 0xff, 0x7a, 0xce, 0xff, 0x7a,
    0xce, 0xff, 0x7a, 0xce, 0xff, 0x7a, 0xce, 0xff, 0x7a, 0xce, 0xff, 0x7a, 0xce, 0xff, 0x7a, 0xce,
    0xff, 0x7a, 0xce, 0xff, 0x7a, 0xce, 0xff, 0x7a, 0xce, 0xff, 0x7a, 0xce, 0xff, 0x7a, 0xce, 0xff,
    0x7a, 0xce, 0xff, 0x7a, 0xce, 0xff, 0x7a, 0xce, 0xff, 0x7a, 0xce, 0xff, 0x7a, 0xce, 0xff, 0x7a,
    0xce, 0xff, 0x7a, 0xce, 0xff, 0x7a, 0xce, 0xff, 0x7a, 0xce, 0xff, 0x7a, 0xce, 0xff, 0x7a, 0xce,
    0xff, 0x7a, 0xce, 0xff, 0x7a, 0xce, 0xff, 0x7a, 0xce, 0xff, 0x7a, 0xce, 0xff, 0x7a, 0xce, 0xff,
    0x7a, 0xce, 0xff, 0x7a, 0xce, 0xff, 0x5a, 0xc6, 0xff, 0xbb, 0xd6, 0xff, 0xbf, 0xf7, 0xff, 0xdf,
    0xff, 0xff, 0xbf, 0xf7, 0xff, 0xbf, 0xf7, 0xff, 0xbf, 0xf7, 0xff, 0xbf, 0xf7, 0xff, 0xbf, 0xf7,
    0xff, 0xbf, 0xf7, 0xff, 0xbf, 0xf7, 0xff, 0xbf, 0xf7, 0xff, 0xbf, 0xf7, 0xff, 0xbf, 0xf7, 0xff,
    0xbf, 0xf7, 0xff, 0xbf, 0xf7, 0xff, 0xbf, 0xf7, 0xff, 0xbf, 0xf7, 0xff, 0xbf, 0xf7, 0xff, 0xbf,
    0xf7, 0xff, 0xbf, 0xf7, 0xff, 0xbf, 0xf7, 0xff, 0xbf, 0xf7, 0xff, 0xbf, 0xf7, 0xff, 0xbf, 0xf7,
    0xff, 0xbf, 0xf7, 0xff, 0xbf, 0xf7, 0xff, 0xbf, 0xf7, 0xff, 0xbf, 0xf7, 0xff, 0xbf, 0xf7, 0xff,
    0xbf, 0xf7, 0xff, 0xbf, 0xf7, 0xff, 0xbf, 0xf7, 0xff, 0xbf, 0xf7, 0xff, 0xbf, 0xf7, 0xff, 0xbf,
    0xf7, 0xff, 0xdf, 0xf7, 0xff, 0xdf, 0xf7, 0xff, 0xfc, 0xde, 0xff, 0x5a, 0xc6, 0xff, 0x7a, 0xce,
    0xff, 0x7a, 0xce, 0xff, 0x7a, 0xce, 0xff, 0x7a, 0xce, 0xff, 0x7a, 0xce, 0xff, 0x7a, 0xce, 0xff,
    0x7a, 0xce, 0xff, 0x7a, 0xce, 0xff, 0x7a, 0xce, 0xff, 0x7a, 0xce, 0xff, 0x7a, 0xce, 0xff, 0x7a,
    0xce, 0xff, 0x7a, 0xce, 0xff, 0x7a, 0xce, 0xff, 0x7a, 0xce, 0xff, 0x7a, 0xce, 0xff, 0x7a, 0xce,
    0xff, 0x7a, 0xce, 0xff, 0x7a, 0xce, 0xff, 0x7a, 0xce, 0xff, 0x7a, 0xce, 0xff, 0x7a, 0xce, 0xff,
    0x7a, 0xce, 0xff, 0x7a, 0xce, 0xff, 0x7a, 0xce, 0xff, 0x7a, 0xce, 0xff, 0x7a, 0xce, 0xff, 0x7a,
    0xce, 0xff, 0x7a, 0xce, 0xff, 0x7a, 0xce, 0xff, 0x7a, 0xce, 0xff, 0x7a, 0xce, 0xff, 0x7a, 0xce,
    0xff, 0x7a, 0xce, 0xff, 0x7a, 0xce, 0xff, 0x7a, 0xce, 0xff, 0x7a, 0xce, 0xff, 0x7a, 0xce, 0xff,
    0x7a, 0xce, 0xff, 0x7a, 0xce, 0xff, 0x7a, 0xce, 0xff, 0x7a, 0xce, 0xff, 0x7a, 0xce, 0xff, 0x7a,
    0xce, 0xff, 0x7a, 0xce, 0xff, 0x7a, 0xce, 0xff, 0x7a, 0xce, 0xff, 0x7a, 0xce, 0xff, 0x7a, 0xce,
    0xff, 0x7a, 0xce, 0xff, 0x7a, 0xce, 0xff, 0x7a, 0xce, 0xff, 0x7a, 0xce, 0xff, 0x7a, 0xce, 0xff,
    0x7a, 0xce, 0xff, 0x7a, 0xce, 0xff, 0x7a, 0xce, 0xff, 0x7a, 0xce, 0xff, 0x7a, 0xce, 0xff, 0x7a,
    0xce, 0xff, 0x7a, 0xce, 0xff, 0x7a, 0xce, 0xff, 0x7a, 0xce, 0xff, 0x7a, 0xce, 0xff, 0x7a, 0xce,
    0xff, 0x7a, 0xce, 0xff, 0x7a, 0xce, 0xff, 0x7a, 0xce, 0xff, 0x7a, 0xce, 0xff, 0x7a, 0xce, 0xff,
    0x7a, 0xce, 0xff, 0x7a, 0xce, 0xff, 0x7a, 0xce, 0xff, 0x7a, 0xce, 0xff, 0x7a, 0xce, 0xff, 0x7a,
    0xce, 0xff, 0x7a, 0xce, 0xff, 0x7a, 0xce, 0xff, 0x7a, 0xce, 0xff, 0x7a, 0xce, 0xff, 0x7a, 0xce,
    0xff, 0x7a, 0xce, 0xff, 0x7a, 0xce, 0xff, 0x7a, 0xce, 0xff, 0x7a, 0xce, 0xff, 0x7a, 0xce, 0xff,
    0x7a, 0xce, 0xff, 0x7a, 0xce, 0xff, 0x7a, 0xce, 0xff, 0x7a, 0xce, 0xff, 0x7a, 0xce, 0xff, 0x7a,
    0xce, 0xff, 0x7a, 0xce, 0xff, 0x7a, 0xce, 0xff, 0x7a, 0xce, 0xff, 0x7a, 0xce, 0xff, 0x7a, 0xce,
    0xff, 0x7a, 0xce, 0xff, 0x7a, 0xce, 0xff, 0x7a, 0xce, 0xff, 0x7a, 0xce, 0xff, 0x7a, 0xce, 0xff,
    0x7a, 0xce, 0xff, 0x7a, 0xce, 0xff, 0x7a, 0xce, 0xff, 0x7a, 0xce, 0xff, 0x7a, 0xce, 0xff, 0x7a,
    0xce, 0xff, 0x7a, 0xce, 0xff, 0x7a, 0xce, 0xff, 0x7a, 0xce, 0xff, 0x7a, 0xce, 0xff, 0x7a, 0xce,
    0xff, 0x7a, 0xce, 0xff, 0x7a, 0xce, 0xff, 0x7a, 0xce, 0xff, 0x7a, 0xce, 0xff, 0x7a, 0xce, 0xff,
    0x7a, 0xce, 0xff, 0x7a, 0xce, 0xff, 0x7a, 0xce, 0xff, 0x7a, 0xce, 0xff, 0x7a, 0xce, 0xff, 0x7a,
    0xce, 0xff, 0x7a, 0xce, 0xff, 0x7a, 0xce, 0xff, 0x7a, 0xce, 0xff, 0x7a, 0xce, 0xff, 0x7a, 0xce,
    0xff, 0x7a, 0xce, 0xff, 0x7a, 0xce, 0xff, 0x7a, 0xce, 0xff, 0x7a, 0xce, 0xff, 0x7a, 0xce, 0xff,
    0x7a, 0xce, 0xff, 0x7a, 0xce, 0xff, 0x7a, 0xce, 0xff, 0x7a, 0xce, 0xff, 0x7a, 0xce, 0xff, 0x7a,
    0xce, 0xff, 0x7a, 0xce, 0xff, 0x7a, 0xc6, 0xff, 0x9b, 0xce, 0xff, 0x7e, 0xef, 0xff, 0xdf, 0xff,
    0xff, 0xbf, 0xf7, 0xff, 0xbf, 0xf7, 0xff, 0xbf, 0xf7, 0xff, 0xbf, 0xf7, 0xff, 0xbf, 0xf7, 0xff,
    0xbf, 0xf7, 0xff, 0xbf, 0xf7, 0xff, 0xbf, 0xf7, 0xff, 0xbf, 0xf7, 0xff, 0xbf, 0xf7, 0xff, 0xbf,
    0xf7, 0xff, 0xbf, 0xf7, 0xff, 0xbf, 0xf7, 0xff, 0xbf, 0xf7, 0xff, 0xbf, 0xf7, 0xff, 0xbf, 0xf7,
    0xff, 0xbf, 0xf7, 0xff, 0xbf, 0xf7, 0xff, 0xbf, 0xf7, 0xff, 0xbf, 0xf7, 0xff, 0xbf, 0xf7, 0xff,
    0xbf, 0xf7, 0xff, 0xbf, 0xf7, 0xff, 0xbf, 0xf7, 0xff, 0xbf, 0xf7, 0xff, 0xbf, 0xf7, 0xff, 0xbf,
    0xf7, 0xff, 0xbf, 0xf7, 0xff, 0xbf, 0xf7, 0xff, 0xbf, 0xf7, 0xff, 0xdf, 0xff, 0xff, 0x9e, 0xf7,
    0xff, 0xbb, 0xd6, 0xff, 0x5a, 0xc6, 0xff, 0x7a, 0xce, 0xff, 0x7a, 0xce, 0xff, 0x7a, 0xce, 0xff,
    0x7a, 0xce, 0xff, 0x7a, 0xce, 0xff, 0x7a, 0xce, 0xff, 0x7a, 0xce, 0xff, 0x7a, 0xce, 0xff, 0x7a,
    0xce, 0xff, 0x7a, 0xce, 0xff, 0x7a, 0xce, 0xff, 0x7a, 0xce, 0xff, 0x7a, 0xce, 0xff, 0x7a, 0xce,
    0xff, 0x7a, 0xce, 0xff, 0x7a, 0xce, 0xff, 0x7a, 0xce, 0xff, 0x7a, 0xce, 0xff, 0x7a, 0xce, 0xff,
    0x7a, 0xce, 0xff, 0x7a, 0xce, 0xff, 0x7a, 0xce, 0xff, 0x7a, 0xce, 0xff, 0x7a, 0xce, 0xff, 0x7a,
    0xce, 0xff, 0x7a, 0xce, 0xff, 0x7a, 0xce, 0xff, 0x7a, 0xce, 0xff, 0x7a, 0xce, 0xff, 0x7a, 0xce,
    0xff, 0x7a, 0xce, 0xff, 0x7a, 0xce, 0xff, 0x7a, 0xce, 0xff, 0x7a, 0xce, 0xff, 0x7a, 0xce, 0xff,
    0x7a, 0xce, 0xff, 0x7a, 0xce, 0xff, 0x7a, 0xce, 0xff, 0x7a, 0xce, 0xff, 0x7a, 0xce, 0xff, 0x7a,
    0xce, 0xff, 0x7a, 0xce, 0xff, 0x7a, 0xce, 0xff, 0x7a, 0xce, 0xff, 0x7a, 0xce, 0xff, 0x7a, 0xce,
    0xff, 0x7a, 0xce, 0xff, 0x7a, 0xce, 0xff, 0x7a, 0xce, 0xff, 0x7a, 0xce, 0xff, 0x7a, 0xce, 0xff,
    0x7a, 0xce, 0xff, 0x7a, 0xce, 0xff, 0x7a, 0xce, 0xff, 0x7a, 0xce, 0xff, 0x7a, 0xce, 0xff, 0x7a,
    0xce, 0xff, 0x7a, 0xce, 0xff, 0x7a, 0xce, 0xff, 0x7a, 0xce, 0xff, 0x7a, 0xce, 0xff, 0x7a, 0xce,
    0xff, 0x7a, 0xce, 0xff, 0x7a, 0xce, 0xff, 0x7a, 0xce, 0xff, 0x7a, 0xce, 0xff, 0x7a, 0xce, 0xff,
    0x7a, 0xce, 0xff, 0x7a, 0xce, 0xff, 0x7a, 0xce, 0xff, 0x7a, 0xce, 0xff, 0x7a, 0xce, 0xff, 0x7a,
    0xce, 0xff, 0x7a, 0xce, 0xff, 0x7a, 0xce, 0xff, 0x7a, 0xce, 0xff, 0x7a, 0xce, 0xff, 0x7a, 0xce,
    0xff, 0x7a, 0xce, 0xff, 0x7a, 0xce, 0xff, 0x7a, 0xce, 0xff, 0x7a, 0xce, 0xff, 0x7a, 0xce, 0xff,
    0x7a, 0xce, 0xff, 0x7a, 0xce, 0xff, 0x7a, 0xce, 0xff, 0x7a, 0xce, 0xff, 0x7a, 0xce, 0xff, 0x7a,
    0xce, 0xff, 0x7a, 0xce, 0xff, 0x7a, 0xce, 0xff, 0x7a, 0xce, 0xff, 0x7a, 0xce, 0xff, 0x7a, 0xce,
    0xff, 0x7a, 0xce, 0xff, 0x7a, 0xce, 0xff, 0x7a, 0xce, 0xff, 0x7a, 0xce, 0xff, 0x7a, 0xce, 0xff,
    0x7a, 0xce, 0xff, 0x7a, 0xce, 0xff, 0x7a, 0xce, 0xff, 0x7a, 0xce, 0xff, 0x7a, 0xce, 0xff, 0x7a,
    0xce, 0xff, 0x7a, 0xce, 0xff, 0x7a, 0xce, 0xff, 0x7a, 0xce, 0xff, 0x7a, 0xce, 0xff, 0x7a, 0xce,
    0xff, 0x7a, 0xce, 0xff, 0x7a, 0xce, 0xff, 0x7a, 0xce, 0xff, 0x7a, 0xce, 0xff, 0x7a, 0xce, 0xff,
    0x7a, 0xce, 0xff, 0x7a, 0xce, 0xff, 0x7a, 0xce, 0xff, 0x7a, 0xce, 0xff, 0x7a, 0xce, 0xff, 0x7a,
    0xce, 0xff, 0x7a, 0xce, 0xff, 0x7a, 0xce, 0xff, 0x7a, 0xce, 0xff, 0x7a, 0xce, 0xff, 0x7a, 0xce,
    0xff, 0x7a, 0xce, 0xff, 0x7a, 0xce, 0xff, 0x7a, 0xce, 0xff, 0x7a, 0xce, 0xff, 0x7a, 0xce, 0xff,
    0x7a, 0xce, 0xff, 0x7a, 0xce, 0xff, 0x7a, 0xce, 0xff, 0x7a, 0xce, 0xff, 0x7a, 0xce, 0xff, 0x7a,
    0xce, 0xff, 0x7a, 0xce, 0xff, 0x7a, 0xce, 0xff, 0x7a, 0xce, 0xff, 0x7a, 0xce, 0xff, 0x7a, 0xce,
    0xff, 0x7a, 0xce, 0xff, 0x7a, 0xc6, 0xff, 0x7a, 0xc6, 0xff, 0x1d, 0xdf, 0xff, 0xbf, 0xf7, 0xff,
    0xdf, 0xff, 0xff, 0xbf, 0xf7, 0xff, 0xbf, 0xf7, 0xff, 0xbf, 0xf7, 0xff, 0xbf, 0xf7, 0xff, 0xbf,
    0xf7, 0xff, 0xbf, 0xf7, 0xff, 0xbf, 0xf7, 0xff, 0xbf, 0xf7, 0xff, 0xbf, 0xf7, 0xff, 0xbf, 0xf7,
    0xff, 0xbf, 0xf7, 0xff, 0xbf, 0xf7, 0xff, 0xbf, 0xf7, 0xff, 0xbf, 0xf7, 0xff, 0xbf, 0xf7, 0xff,
    0xbf, 0xf7, 0xff, 0xbf, 0xf7, 0xff, 0xbf, 0xf7, 0xff, 0xbf, 0xf7, 0xff, 0xbf, 0xf7, 0xff, 0xbf,
    0xf7, 0xff, 0xbf, 0xf7, 0xff, 0xbf, 0xf7, 0xff, 0xbf, 0xf7, 0xff, 0xbf, 0xf7, 0xff, 0xbf, 0xf7,
    0xff, 0xdf, 0xf7, 0xff, 0xdf, 0xf7, 0xff, 0x5d, 0xe7, 0xff, 0x9a, 0xce, 0xff, 0x7a, 0xc6, 0xff,
    0x7a, 0xce, 0xff, 0x7a, 0xce, 0xff, 0x7a, 0xce, 0xff, 0x7a, 0xce, 0xff, 0x7a, 0xce, 0xff, 0x7a,
    0xce, 0xff, 0x7a, 0xce, 0xff, 0x7a, 0xce, 0xff, 0x7a, 0xce, 0xff, 0x7a, 0xce, 0xff, 0x7a, 0xce,
    0xff, 0x7a, 0xce, 0xff, 0x7a, 0xce, 0xff, 0x7a, 0xce, 0xff, 0x7a, 0xce, 0xff, 0x7a, 0xce, 0xff,
    0x7a, 0xce, 0xff, 0x7a, 0xce, 0xff, 0x7a, 0xce, 0xff, 0x7a, 0xce, 0xff, 0x7a, 0xce, 0xff, 0x7a,
    0xce, 0xff, 0x7a, 0xce, 0xff, 0x7a, 0xce, 0xff, 0x7a, 0xce, 0xff, 0x7a, 0xce, 0xff, 0x7a, 0xce,
    0xff, 0x7a, 0xce, 0xff, 0x7a, 0xce, 0xff, 0x7a, 0xce, 0xff, 0x7a, 0xce, 0xff, 0x7a, 0xce, 0xff,
    0x7a, 0xce, 0xff, 0x7a, 0xce, 0xff, 0x7a, 0xce, 0xff, 0x7a, 0xce, 0xff, 0x7a, 0xce, 0xff, 0x7a,
    0xce, 0xff, 0x7a, 0xce, 0xff, 0x7a, 0xce, 0xff, 0x7a, 0xce, 0xff, 0x7a, 0xce, 0xff, 0x7a, 0xce,
    0xff, 0x7a, 0xce, 0xff, 0x7a, 0xce, 0xff, 0x7a, 0xce, 0xff, 0x7a, 0xce, 0xff, 0x7a, 0xce, 0xff,
    0x7a, 0xce, 0xff, 0x7a, 0xce, 0xff, 0x7a, 0xce, 0xff, 0x7a, 0xce, 0xff, 0x7a, 0xce, 0xff, 0x7a,
    0xce, 0xff, 0x7a, 0xce, 0xff, 0x7a, 0xce, 0xff, 0x7a, 0xce, 0xff, 0x7a, 0xce, 0xff, 0x7a, 0xce,
    0xff, 0x7a, 0xce, 0xff, 0x7a, 0xce, 0xff, 0x7a, 0xce, 0xff, 0x7a, 0xce, 0xff, 0x7a, 0xce, 0xff,
    0x7a, 0xce, 0xff, 0x7a, 0xce, 0xff, 0x7a, 0xce, 0xff, 0x7a, 0xce, 0xff, 0x7a, 0xce, 0xff, 0x7a,
    0xce, 0xff, 0x7a, 0xce, 0xff, 0x7a, 0xce, 0xff, 0x7a, 0xce, 0xff, 0x7a, 0xce, 0xff, 0x7a, 0xce,
    0xff, 0x7a, 0xce, 0xff, 0x7a, 0xce, 0xff, 0x7a, 0xce, 0xff, 0x7a, 0xce, 0xff, 0x7a, 0xce, 0xff,
    0x7a, 0xce, 0xff, 0x7a, 0xce, 0xff, 0x7a, 0xce, 0xff, 0x7a, 0xce, 0xff, 0x7a, 0xce, 0xff, 0x7a,
    0xce, 0xff, 0x7a, 0xce, 0xff, 0x7a, 0xce, 0xff, 0x7a, 0xce, 0xff, 0x7a, 0xce, 0xff, 0x7a, 0xce,
    0xff, 0x7a, 0xce, 0xff, 0x7a, 0xce, 0xff, 0x7a, 0xce, 0xff, 0x7a, 0xce, 0xff, 0x7a, 0xce, 0xff,
    0x7a, 0xce, 0xff, 0x7a, 0xce, 0xff, 0x7a, 0xce, 0xff, 0x7a, 0xce, 0xff, 0x7a, 0xce, 0xff, 0x7a,
    0xce, 0xff, 0x7a, 0xce, 0xff, 0x7a, 0xce, 0xff, 0x7a, 0xce, 0xff, 0x7a, 0xce, 0xff, 0x7a, 0xce,
    0xff, 0x7a, 0xce, 0xff, 0x7a, 0xce, 0xff, 0x7a, 0xce, 0xff, 0x7a, 0xce, 0xff, 0x7a, 0xce, 0xff,
    0x7a, 0xce, 0xff, 0x7a, 0xce, 0xff, 0x7a, 0xce, 0xff, 0x7a, 0xce, 0xff, 0x7a, 0xce, 0xff, 0x7a,
    0xce, 0xff, 0x7a, 0xce, 0xff, 0x7a, 0xce, 0xff, 0x7a, 0xce, 0xff, 0x7a, 0xce, 0xff, 0x7a, 0xce,
    0xff, 0x7a, 0xce, 0xff, 0x7a, 0xce, 0xff, 0x7a, 0xce, 0xff, 0x7a, 0xce, 0xff, 0x7a, 0xce, 0xff,
    0x7a, 0xce, 0xff, 0x7a, 0xce, 0xff, 0x7a, 0xce, 0xff, 0x7a, 0xce, 0xff, 0x7a, 0xce, 0xff, 0x7a,
    0xce, 0xff, 0x7a, 0xce, 0xff, 0x7a, 0xce, 0xff, 0x7a, 0xce, 0xff, 0x7a, 0xce, 0xff, 0x7a, 0xce,
    0xff, 0x7a, 0xce, 0xff, 0x7a, 0xce, 0xff, 0x7a, 0xce, 0xff, 0x7a, 0xce, 0xff, 0x7a, 0xce, 0xff,
    0x7a, 0xce, 0xff, 0x7a, 0xce, 0xff, 0x5a, 0xc6, 0xff, 0xbb, 0xce, 0xff, 0x7e, 0xef, 0xff, 0xdf,
    0xf7, 0xff, 0xdf, 0xf7, 0xff, 0xbf, 0xf7, 0xff, 0xbf, 0xf7, 0xff, 0xbf, 0xf7, 0xff, 0xbf, 0xf7,
    0xff, 0xbf, 0xf7, 0xff, 0xbf, 0xf7, 0xff, 0xbf, 0xf7, 0xff, 0xbf, 0xf7, 0xff, 0xbf, 0xf7, 0xff,
    0xbf, 0xf7, 0xff, 0xbf, 0xf7, 0xff, 0xbf, 0xf7, 0xff, 0xbf, 0xf7, 0xff, 0xbf, 0xf7, 0xff, 0xbf,
    0xf7, 0xff, 0xbf, 0xf7, 0xff, 0xbf, 0xf7, 0xff, 0xbf, 0xf7, 0xff, 0xbf, 0xf7, 0xff, 0xbf, 0xf7,
    0xff, 0xbf, 0xf7, 0xff, 0xbf, 0xf7, 0xff, 0xdf, 0xf7, 0xff, 0xdf, 0xff, 0xff, 0x9e, 0xef, 0xff,
    0xdc, 0xd6, 0xff, 0x7a, 0xc6, 0xff, 0x7a, 0xc6, 0xff, 0x7a, 0xce, 0xff, 0x7a, 0xce, 0xff, 0x7a,
    0xce, 0xff, 0x7a, 0xce, 0xff, 0x7a, 0xce, 0xff, 0x7a, 0xce, 0xff, 0x7a, 0xce, 0xff, 0x7a, 0xce,
    0xff, 0x7a, 0xce, 0xff, 0x7a, 0xce, 0xff, 0x7a, 0xce, 0xff, 0x7a, 0xce, 0xff, 0x7a, 0xce, 0xff,
    0x7a, 0xce, 0xff, 0x7a, 0xce, 0xff, 0x7a, 0xce, 0xff, 0x7a, 0xce, 0xff, 0x7a, 0xce, 0xff, 0x7a,
    0xce, 0xff, 0x7a, 0xce, 0xff, 0x7a, 0xce, 0xff, 0x7a, 0xce, 0xff, 0x7a, 0xce, 0xff, 0x7a, 0xce,
    0xff, 0x7a, 0xce, 0xff, 0x7a, 0xce, 0xff, 0x7a, 0xce, 0xff, 0x7a, 0xce, 0xff, 0x7a, 0xce, 0xff,
    0x7a, 0xce, 0xff, 0x7a, 0xce, 0xff, 0x7a, 0xce, 0xff, 0x7a, 0xce, 0xff, 0x7a, 0xce, 0xff, 0x7a,
    0xce, 0xff, 0x7a, 0xce, 0xff, 0x7a, 0xce, 0xff, 0x7a, 0xce, 0xff, 0x7a, 0xce, 0xff, 0x7a, 0xce,
    0xff, 0x7a, 0xce, 0xff, 0x7a, 0xce, 0xff, 0x7a, 0xce, 0xff, 0x7a, 0xce, 0xff, 0x7a, 0xce, 0xff,
    0x7a, 0xce, 0xff, 0x7a, 0xce, 0xff, 0x7a, 0xce, 0xff, 0x7a, 0xce, 0xff, 0x7a, 0xce, 0xff, 0x7a,
    0xce, 0xff, 0x7a, 0xce, 0xff, 0x7a, 0xce, 0xff, 0x7a, 0xce, 0xff, 0x7a, 0xce, 0xff, 0x7a, 0xce,
    0xff, 0x7a, 0xce, 0xff, 0x7a, 0xce, 0xff, 0x7a, 0xce, 0xff, 0x7a, 0xce, 0xff, 0x7a, 0xce, 0xff,
    0x7a, 0xce, 0xff, 0x7a, 0xce, 0xff, 0x7a, 0xce, 0xff, 0x7a, 0xce, 0xff, 0x7a, 0xce, 0xff, 0x7a,
    0xce, 0xff, 0x7a, 0xce, 0xff, 0x7a, 0xce, 0xff, 0x7a, 0xce, 0xff, 0x7a, 0xce, 0xff, 0x7a, 0xce,
    0xff, 0x7a, 0xce, 0xff, 0x7a, 0xce, 0xff, 0x7a, 0xce, 0xff, 0x7a, 0xce, 0xff, 0x7a, 0xce, 0xff,
    0x7a, 0xce, 0xff, 0x7a, 0xce, 0xff, 0x7a, 0xce, 0xff, 0x7a, 0xce, 0xff, 0x7a, 0xce, 0xff, 0x7a,
    0xce, 0xff, 0x7a, 0xce, 0xff, 0x7a, 0xce, 0xff, 0x7a, 0xce, 0xff, 0x7a, 0xce, 0xff, 0x7a, 0xce,
    0xff, 0x7a, 0xce, 0xff, 0x7a, 0xce, 0xff, 0x7a, 0xce, 0xff, 0x7a, 0xce, 0xff, 0x7a, 0xce, 0xff,
    0x7a, 0xce, 0xff, 0x7a, 0xce, 0xff, 0x7a, 0xce, 0xff, 0x7a, 0xce, 0xff, 0x7a, 0xce, 0xff, 0x7a,
    0xce, 0xff, 0x7a, 0xce, 0xff, 0x7a, 0xce, 0xff, 0x7a, 0xce, 0xff, 0x7a, 0xce, 0xff, 0x7a, 0xce,
    0xff, 0x7a, 0xce, 0xff, 0x7a, 0xce, 0xff, 0x7a, 0xce, 0xff, 0x7a, 0xce, 0xff, 0x7a, 0xce, 0xff,
    0x7a, 0xce, 0xff, 0x7a, 0xce, 0xff, 0x7a, 0xce, 0xff, 0x7a, 0xce, 0xff, 0x7a, 0xce, 0xff, 0x7a,
    0xce, 0xff, 0x7a, 0xce, 0xff, 0x7a, 0xce, 0xff, 0x7a, 0xce, 0xff, 0x7a, 0xce, 0xff, 0x7a, 0xce,
    0xff, 0x7a, 0xce, 0xff, 0x7a, 0xce, 0xff, 0x7a, 0xce, 0xff, 0x7a, 0xce, 0xff, 0x7a, 0xce, 0xff,
    0x7a, 0xce, 0xff, 0x7a, 0xce, 0xff, 0x7a, 0xce, 0xff, 0x7a, 0xce, 0xff, 0x7a, 0xce, 0xff, 0x7a,
    0xce, 0xff, 0x7a, 0xce, 0xff, 0x7a, 0xce, 0xff, 0x7a, 0xce, 0xff, 0x7a, 0xce, 0xff, 0x7a, 0xce,
    0xff, 0x7a, 0xce, 0xff, 0x7a, 0xce, 0xff, 0x7a, 0xce, 0xff, 0x7a, 0xce, 0xff, 0x7a, 0xce, 0xff,
    0x7a, 0xce, 0xff, 0x7a, 0xce, 0xff, 0x7a, 0xce, 0xff, 0x7a, 0xce, 0xff, 0x7a, 0xce, 0xff, 0x7a,
    0xce, 0xff, 0x7a, 0xce, 0xff, 0x7a, 0xc6, 0xff, 0x7a, 0xc6, 0xff, 0xdb, 0xd6, 0xff, 0x7e, 0xef,
    0xff, 0xdf, 0xf7, 0xff, 0xdf, 0xff, 0xff, 0xdf, 0xf7, 0xff, 0xbf, 0xf7, 0xff, 0xbf, 0xf7, 0xff,
    0xbf, 0xf7, 0xff, 0xbf, 0xf7, 0xff, 0xbf, 0xf7, 0xff, 0xbf, 0xf7, 0xff, 0xbf, 0xf7, 0xff, 0xbf,
    0xf7, 0xff, 0xbf, 0xf7, 0xff, 0xbf, 0xf7, 0xff, 0xbf, 0xf7, 0xff, 0xbf, 0xf7, 0xff, 0xbf, 0xf7,
    0xff, 0xbf, 0xf7, 0xff, 0xbf, 0xf7, 0xff, 0xbf, 0xf7, 0xff, 0xdf, 0xf7, 0xff, 0xdf, 0xff, 0xff,
    0xdf, 0xf7, 0xff, 0x9e, 0xef, 0xff, 0xfc, 0xde, 0xff, 0x7a, 0xce, 0xff, 0x7a, 0xc6, 0xff, 0x7a,
    0xce, 0xff, 0x7a, 0xce, 0xff, 0x7a, 0xce, 0xff, 0x7a, 0xce, 0xff, 0x7a, 0xce, 0xff, 0x7a, 0xce,
    0xff, 0x7a, 0xce, 0xff, 0x7a, 0xce, 0xff, 0x7a, 0xce, 0xff, 0x7a, 0xce, 0xff, 0x7a, 0xce, 0xff,
    0x7a, 0xce, 0xff, 0x7a, 0xce, 0xff, 0x7a, 0xce, 0xff, 0x7a, 0xce, 0xff, 0x7a, 0xce, 0xff, 0x7a,
    0xce, 0xff, 0x7a, 0xce, 0xff, 0x7a, 0xce, 0xff, 0x7a, 0xce, 0xff, 0x7a, 0xce, 0xff, 0x7a, 0xce,
    0xff, 0x7a, 0xce, 0xff, 0x7a, 0xce, 0xff, 0x7a, 0xce, 0xff, 0x7a, 0xce, 0xff, 0x7a, 0xce, 0xff,
    0x7a, 0xce, 0xff, 0x7a, 0xce, 0xff, 0x7a, 0xce, 0xff, 0x7a, 0xce, 0xff, 0x7a, 0xce, 0xff, 0x7a,
    0xce, 0xff, 0x7a, 0xce, 0xff, 0x7a, 0xce, 0xff, 0x7a, 0xce, 0xff, 0x7a, 0xce, 0xff, 0x7a, 0xce,
    0xff, 0x7a, 0xce, 0xff, 0x7a, 0xce, 0xff, 0x7a, 0xce, 0xff, 0x7a, 0xce, 0xff, 0x7a, 0xce, 0xff,
    0x7a, 0xce, 0xff, 0x7a, 0xce, 0xff, 0x7a, 0xce, 0xff, 0x7a, 0xce, 0xff, 0x7a, 0xce, 0xff, 0x7a,
    0xce, 0xff, 0x7a, 0xce, 0xff, 0x7a, 0xce, 0xff, 0x7a, 0xce, 0xff, 0x7a, 0xce, 0xff, 0x7a, 0xce,
    0xff, 0x7a, 0xce, 0xff, 0x7a, 0xce, 0xff, 0x7a, 0xce, 0xff, 0x7a, 0xce, 0xff, 0x7a, 0xce, 0xff,
    0x7a, 0xce, 0xff, 0x7a, 0xce, 0xff, 0x7a, 0xce, 0xff, 0x7a, 0xce, 0xff, 0x7a, 0xce, 0xff, 0x7a,
    0xce, 0xff, 0x7a, 0xce, 0xff, 0x7a, 0xce, 0xff, 0x7a, 0xce, 0xff, 0x7a, 0xce, 0xff, 0x7a, 0xce,
    0xff, 0x7a, 0xce, 0xff, 0x7a, 0xce, 0xff, 0x7a, 0xce, 0xff, 0x7a, 0xce, 0xff, 0x7a, 0xce, 0xff,
    0x7a, 0xce, 0xff, 0x7a, 0xce, 0xff, 0x7a, 0xce, 0xff, 0x7a, 0xce, 0xff, 0x7a, 0xce, 0xff, 0x7a,
    0xce, 0xff, 0x7a, 0xce, 0xff, 0x7a, 0xce, 0xff, 0x7a, 0xce, 0xff, 0x7a, 0xce, 0xff, 0x7a, 0xce,
    0xff, 0x7a, 0xce, 0xff, 0x7a, 0xce, 0xff, 0x7a, 0xce, 0xff, 0x7a, 0xce, 0xff, 0x7a, 0xce, 0xff,
    0x7a, 0xce, 0xff, 0x7a, 0xce, 0xff, 0x7a, 0xce, 0xff, 0x7a, 0xce, 0xff, 0x7a, 0xce, 0xff, 0x7a,
    0xce, 0xff, 0x7a, 0xce, 0xff, 0x7a, 0xce, 0xff, 0x7a, 0xce, 0xff, 0x7a, 0xce, 0xff, 0x7a, 0xce,
    0xff, 0x7a, 0xce, 0xff, 0x7a, 0xce, 0xff, 0x7a, 0xce, 0xff, 0x7a, 0xce, 0xff, 0x7a, 0xce, 0xff,
    0x7a, 0xce, 0xff, 0x7a, 0xce, 0xff, 0x7a, 0xce, 0xff, 0x7a, 0xce, 0xff, 0x7a, 0xce, 0xff, 0x7a,
    0xce, 0xff, 0x7a, 0xce, 0xff, 0x7a, 0xce, 0xff, 0x7a, 0xce, 0xff, 0x7a, 0xce, 0xff, 0x7a, 0xce,
    0xff, 0x7a, 0xce, 0xff, 0x7a, 0xce, 0xff, 0x7a, 0xce, 0xff, 0x7a, 0xce, 0xff, 0x7a, 0xce, 0xff,
    0x7a, 0xce, 0xff, 0x7a, 0xce, 0xff, 0x7a, 0xce, 0xff, 0x7a, 0xce, 0xff, 0x7a, 0xce, 0xff, 0x7a,
    0xce, 0xff, 0x7a, 0xce, 0xff, 0x7a, 0xce, 0xff, 0x7a, 0xce, 0xff, 0x7a, 0xce, 0xff, 0x7a, 0xce,
    0xff, 0x7a, 0xce, 0xff, 0x7a, 0xce, 0xff, 0x7a, 0xce, 0xff, 0x7a, 0xce, 0xff, 0x7a, 0xce, 0xff,
    0x7a, 0xce, 0xff, 0x7a, 0xce, 0xff, 0x7a, 0xce, 0xff, 0x7a, 0xce, 0xff, 0x7a, 0xce, 0xff, 0x7a,
    0xce, 0xff, 0x7a, 0xce, 0xff, 0x7a, 0xce, 0xff, 0x7a, 0xce, 0xff, 0x7a, 0xce, 0xff, 0x7a, 0xce,
    0xff, 0x7a, 0xce, 0xff, 0x7a, 0xce, 0xff, 0x7a, 0xc6, 0xff, 0x7a, 0xc6, 0xff, 0xbb, 0xd6, 0xff,
    0x3d, 0xe7, 0xff, 0x9e, 0xef, 0xff, 0xdf, 0xf7, 0xff, 0xdf, 0xff, 0xff, 0xdf, 0xff, 0xff, 0xdf,
    0xf7, 0xff, 0xdf, 0xf7, 0xff, 0xbf, 0xf7, 0xff, 0xbf, 0xf7, 0xff, 0xbf, 0xf7, 0xff, 0xbf, 0xf7,
    0xff, 0xbf, 0xf7, 0xff, 0xbf, 0xf7, 0xff, 0xdf, 0xf7, 0xff, 0xdf, 0xf7, 0xff, 0xdf, 0xff, 0xff,
    0xdf, 0xff, 0xff, 0xdf, 0xf7, 0xff, 0x9e, 0xf7, 0xff, 0x5d, 0xe7, 0xff, 0xdb, 0xd6, 0xff, 0x7a,
    0xce, 0xff, 0x5a, 0xc6, 0xff, 0x7a, 0xce, 0xff, 0x7a, 0xce, 0xff, 0x7a, 0xce, 0xff, 0x7a, 0xce,
    0xff, 0x7a, 0xce, 0xff, 0x7a, 0xce, 0xff, 0x7a, 0xce, 0xff, 0x7a, 0xce, 0xff, 0x7a, 0xce, 0xff,
    0x7a, 0xce, 0xff, 0x7a, 0xce, 0xff, 0x7a, 0xce, 0xff, 0x7a, 0xce, 0xff, 0x7a, 0xce, 0xff, 0x7a,
    0xce, 0xff, 0x7a, 0xce, 0xff, 0x7a, 0xce, 0xff, 0x7a, 0xce, 0xff, 0x7a, 0xce, 0xff, 0x7a, 0xce,
    0xff, 0x7a, 0xce, 0xff, 0x7a, 0xce, 0xff, 0x7a, 0xce, 0xff, 0x7a, 0xce, 0xff, 0x7a, 0xce, 0xff,
    0x7a, 0xce, 0xff, 0x7a, 0xce, 0xff, 0x7a, 0xce, 0xff, 0x7a, 0xce, 0xff, 0x7a, 0xce, 0xff, 0x7a,
    0xce, 0xff, 0x7a, 0xce, 0xff, 0x7a, 0xce, 0xff, 0x7a, 0xce, 0xff, 0x7a, 0xce, 0xff, 0x7a, 0xce,
    0xff, 0x7a, 0xce, 0xff, 0x7a, 0xce, 0xff, 0x7a, 0xce, 0xff, 0x7a, 0xce, 0xff, 0x7a, 0xce, 0xff,
    0x7a, 0xce, 0xff, 0x7a, 0xce, 0xff, 0x7a, 0xce, 0xff, 0x7a, 0xce, 0xff, 0x7a, 0xce, 0xff, 0x7a,
    0xce, 0xff, 0x7a, 0xce, 0xff, 0x7a, 0xce, 0xff, 0x7a, 0xce, 0xff, 0x7a, 0xce, 0xff, 0x7a, 0xce,
    0xff, 0x7a, 0xce, 0xff, 0x7a, 0xce, 0xff, 0x7a, 0xce, 0xff, 0x7a, 0xce, 0xff, 0x7a, 0xce, 0xff,
    0x7a, 0xce, 0xff, 0x7a, 0xce, 0xff, 0x7a, 0xce, 0xff, 0x7a, 0xce, 0xff, 0x7a, 0xce, 0xff, 0x7a,
    0xce, 0xff, 0x7a, 0xce, 0xff, 0x7a, 0xce, 0xff, 0x7a, 0xce, 0xff, 0x7a, 0xce, 0xff, 0x7a, 0xce,
    0xff, 0x7a, 0xce, 0xff, 0x7a, 0xce, 0xff, 0x7a, 0xce, 0xff, 0x7a, 0xce, 0xff, 0x7a, 0xce, 0xff,
    0x7a, 0xce, 0xff, 0x7a, 0xce, 0xff, 0x7a, 0xce, 0xff, 0x7a, 0xce, 0xff, 0x7a, 0xce, 0xff, 0x7a,
    0xce, 0xff, 0x7a, 0xce, 0xff, 0x7a, 0xce, 0xff, 0x7a, 0xce, 0xff, 0x7a, 0xce, 0xff, 0x7a, 0xce,
    0xff, 0x7a, 0xce, 0xff, 0x7a, 0xce, 0xff, 0x7a, 0xce, 0xff, 0x7a, 0xce, 0xff, 0x7a, 0xce, 0xff,
    0x7a, 0xce, 0xff, 0x7a, 0xce, 0xff, 0x7a, 0xce, 0xff, 0x7a, 0xce, 0xff, 0x7a, 0xce, 0xff, 0x7a,
    0xce, 0xff, 0x7a, 0xce, 0xff, 0x7a, 0xce, 0xff, 0x7a, 0xce, 0xff, 0x7a, 0xce, 0xff, 0x7a, 0xce,
    0xff, 0x7a, 0xce, 0xff, 0x7a, 0xce, 0xff, 0x7a, 0xce, 0xff, 0x7a, 0xce, 0xff, 0x7a, 0xce, 0xff,
    0x7a, 0xce, 0xff, 0x7a, 0xce, 0xff, 0x7a, 0xce, 0xff, 0x7a, 0xce, 0xff, 0x7a, 0xce, 0xff, 0x7a,
    0xce, 0xff, 0x7a, 0xce, 0xff, 0x7a, 0xce, 0xff, 0x7a, 0xce, 0xff, 0x7a, 0xce, 0xff, 0x7a, 0xce,
    0xff, 0x7a, 0xce, 0xff, 0x7a, 0xce, 0xff, 0x7a, 0xce, 0xff, 0x7a, 0xce, 0xff, 0x7a, 0xce, 0xff,
    0x7a, 0xce, 0xff, 0x7a, 0xce, 0xff, 0x7a, 0xce, 0xff, 0x7a, 0xce, 0xff, 0x7a, 0xce, 0xff, 0x7a,
    0xce, 0xff, 0x7a, 0xce, 0xff, 0x7a, 0xce, 0xff, 0x7a, 0xce, 0xff, 0x7a, 0xce, 0xff, 0x7a, 0xce,
    0xff, 0x7a, 0xce, 0xff, 0x7a, 0xce, 0xff, 0x7a, 0xce, 0xff, 0x7a, 0xce, 0xff, 0x7a, 0xce, 0xff,
    0x7a, 0xce, 0xff, 0x7a, 0xce, 0xff, 0x7a, 0xce, 0xff, 0x7a, 0xce, 0xff, 0x7a, 0xce, 0xff, 0x7a,
    0xce, 0xff, 0x7a, 0xce, 0xff, 0x7a, 0xce, 0xff, 0x7a, 0xce, 0xff, 0x7a, 0xce, 0xff, 0x7a, 0xce,
    0xff, 0x7a, 0xce, 0xff, 0x7a, 0xce, 0xff, 0x7a, 0xce, 0xff, 0x7a, 0xce, 0xff, 0x7a, 0xce, 0xff,
    0x7a, 0xce, 0xff, 0x7a, 0xce, 0xff, 0x7a, 0xce, 0xff, 0x7a, 0xc6, 0xff, 0x5a, 0xc6, 0xff, 0x7a,
    0xce, 0xff, 0xbb, 0xd6, 0xff, 0x1c, 0xdf, 0xff, 0x5d, 0xe7, 0xff, 0x9e, 0xef, 0xff, 0xbf, 0xf7,
    0xff, 0xbf, 0xf7, 0xff, 0xdf, 0xf7, 0xff, 0xdf, 0xf7, 0xff, 0xdf, 0xf7, 0xff, 0xdf, 0xf7, 0xff,
    0xdf, 0xf7, 0xff, 0xbf, 0xf7, 0xff, 0x9e, 0xf7, 0xff, 0x7e, 0xef, 0xff, 0x1d, 0xdf, 0xff, 0xdb,
    0xd6, 0xff, 0x9b, 0xce, 0xff, 0x5a, 0xc6, 0xff, 0x7a, 0xc6, 0xff, 0x7a, 0xce, 0xff, 0x7a, 0xce,
    0xff, 0x7a, 0xce, 0xff, 0x7a, 0xce, 0xff, 0x7a, 0xce, 0xff, 0x7a, 0xce, 0xff, 0x7a, 0xce, 0xff,
    0x7a, 0xce, 0xff, 0x7a, 0xce, 0xff, 0x7a, 0xce, 0xff, 0x7a, 0xce, 0xff, 0x7a, 0xce, 0xff, 0x7a,
    0xce, 0xff, 0x7a, 0xce, 0xff, 0x7a, 0xce, 0xff, 0x7a, 0xce, 0xff, 0x7a, 0xce, 0xff, 0x7a, 0xce,
    0xff, 0x7a, 0xce, 0xff, 0x7a, 0xce, 0xff, 0x7a, 0xce, 0xff, 0x7a, 0xce, 0xff, 0x7a, 0xce, 0xff,
    0x7a, 0xce, 0xff, 0x7a, 0xce, 0xff, 0x7a, 0xce, 0xff, 0x7a, 0xce, 0xff, 0x7a, 0xce, 0xff, 0x7a,
    0xce, 0xff, 0x7a, 0xce, 0xff, 0x7a, 0xce, 0xff, 0x7a, 0xce, 0xff, 0x7a, 0xce, 0xff, 0x7a, 0xce,
    0xff, 0x7a, 0xce, 0xff, 0x7a, 0xce, 0xff, 0x7a, 0xce, 0xff, 0x7a, 0xce, 0xff, 0x7a, 0xce, 0xff,
    0x7a, 0xce, 0xff, 0x7a, 0xce, 0xff, 0x7a, 0xce, 0xff, 0x7a, 0xce, 0xff, 0x7a, 0xce, 0xff, 0x7a,
    0xce, 0xff, 0x7a, 0xce, 0xff, 0x7a, 0xce, 0xff, 0x7a, 0xce, 0xff, 0x7a, 0xce, 0xff, 0x7a, 0xce,
    0xff, 0x7a, 0xce, 0xff, 0x7a, 0xce, 0xff, 0x7a, 0xce, 0xff, 0x7a, 0xce, 0xff, 0x7a, 0xce, 0xff,
    0x7a, 0xce, 0xff, 0x7a, 0xce, 0xff, 0x7a, 0xce, 0xff, 0x7a, 0xce, 0xff, 0x7a, 0xce, 0xff, 0x7a,
    0xce, 0xff, 0x7a, 0xce, 0xff, 0x7a, 0xce, 0xff, 0x7a, 0xce, 0xff, 0x7a, 0xce, 0xff, 0x7a, 0xce,
    0xff, 0x7a, 0xce, 0xff, 0x7a, 0xce, 0xff, 0x7a, 0xce, 0xff, 0x7a, 0xce, 0xff, 0x7a, 0xce, 0xff,
    0x7a, 0xce, 0xff, 0x7a, 0xce, 0xff, 0x7a, 0xce, 0xff, 0x7a, 0xce, 0xff, 0x7a, 0xce, 0xff, 0x7a,
    0xce, 0xff, 0x7a, 0xce, 0xff, 0x7a, 0xce, 0xff, 0x7a, 0xce, 0xff, 0x7a, 0xce, 0xff, 0x7a, 0xce,
    0xff, 0x7a, 0xce, 0xff, 0x7a, 0xce, 0xff, 0x7a, 0xce, 0xff, 0x7a, 0xce, 0xff, 0x7a, 0xce, 0xff,
    0x7a, 0xce, 0xff, 0x7a, 0xce, 0xff, 0x7a, 0xce, 0xff, 0x7a, 0xce, 0xff, 0x7a, 0xce, 0xff, 0x7a,
    0xce, 0xff, 0x7a, 0xce, 0xff, 0x7a, 0xce, 0xff, 0x7a, 0xce, 0xff, 0x7a, 0xce, 0xff, 0x7a, 0xce,
    0xff, 0x7a, 0xce, 0xff, 0x7a, 0xce, 0xff, 0x7a, 0xce, 0xff, 0x7a, 0xce, 0xff, 0x7a, 0xce, 0xff,
    0x7a, 0xce, 0xff, 0x7a, 0xce, 0xff, 0x7a, 0xce, 0xff, 0x7a, 0xce, 0xff, 0x7a, 0xce, 0xff, 0x7a,
    0xce, 0xff, 0x7a, 0xce, 0xff, 0x7a, 0xce, 0xff, 0x7a, 0xce, 0xff, 0x7a, 0xce, 0xff, 0x7a, 0xce,
    0xff, 0x7a, 0xce, 0xff, 0x7a, 0xce, 0xff, 0x7a, 0xce, 0xff, 0x7a, 0xce, 0xff, 0x7a, 0xce, 0xff,
    0x7a, 0xce, 0xff, 0x7a, 0xce, 0xff, 0x7a, 0xce, 0xff, 0x7a, 0xce, 0xff, 0x7a, 0xce, 0xff, 0x7a,
    0xce, 0xff, 0x7a, 0xce, 0xff, 0x7a, 0xce, 0xff, 0x7a, 0xce, 0xff, 0x7a, 0xce, 0xff, 0x7a, 0xce,
    0xff, 0x7a, 0xce, 0xff, 0x7a, 0xce, 0xff, 0x7a, 0xce, 0xff, 0x7a, 0xce, 0xff, 0x7a, 0xce, 0xff,
    0x7a, 0xce, 0xff, 0x7a, 0xce, 0xff, 0x7a, 0xce, 0xff, 0x7a, 0xce, 0xff, 0x7a, 0xce, 0xff, 0x7a,
    0xce, 0xff, 0x7a, 0xce, 0xff, 0x7a, 0xce, 0xff, 0x7a, 0xce, 0xff, 0x7a, 0xce, 0xff, 0x7a, 0xce,
    0xff, 0x7a, 0xce, 0xff, 0x7a, 0xce, 0xff, 0x7a, 0xce, 0xff, 0x7a, 0xce, 0xff, 0x7a, 0xce, 0xff,
    0x7a, 0xce, 0xff, 0x7a, 0xce, 0xff, 0x7a, 0xce, 0xff, 0x7a, 0xce, 0xff, 0x7a, 0xce, 0xff, 0x7a,
    0xce, 0xff, 0x7a, 0xce, 0xff, 0x7a, 0xce, 0xff, 0x7a, 0xce, 0xff, 0x7a, 0xce, 0xff, 0x7a, 0xc6,
    0xff, 0x5a, 0xc6, 0xff, 0x5a, 0xc6, 0xff, 0x7a, 0xce, 0xff, 0x9b, 0xce, 0xff, 0xbb, 0xce, 0xff,
    0xdc, 0xd6, 0xff, 0xdb, 0xd6, 0xff, 0xdb, 0xd6, 0xff, 0xdc, 0xd6, 0xff, 0xbb, 0xd6, 0xff, 0x9b,
    0xce, 0xff, 0x7a, 0xce, 0xff, 0x7a, 0xc6, 0xff, 0x5a, 0xc6, 0xff, 0x7a, 0xc6, 0xff, 0x7a, 0xc6,
    0xff, 0x7a, 0xce, 0xff, 0x7a, 0xce, 0xff, 0x7a, 0xce, 0xff, 0x7a, 0xce, 0xff, 0x7a, 0xce, 0xff,
    0x7a, 0xce, 0xff, 0x7a, 0xce, 0xff, 0x7a, 0xce, 0xff, 0x7a, 0xce, 0xff, 0x7a, 0xce, 0xff, 0x7a,
    0xce, 0xff, 0x7a, 0xce, 0xff, 0x7a, 0xce, 0xff, 0x7a, 0xce, 0xff, 0x7a, 0xce, 0xff, 0x7a, 0xce,
    0xff, 0x7a, 0xce, 0xff, 0x7a, 0xce, 0xff, 0x7a, 0xce, 0xff, 0x7a, 0xce, 0xff, 0x7a, 0xce, 0xff,
    0x7a, 0xce, 0xff, 0x7a, 0xce, 0xff, 0x7a, 0xce, 0xff, 0x7a, 0xce, 0xff, 0x7a, 0xce, 0xff, 0x7a,
    0xce, 0xff, 0x7a, 0xce, 0xff, 0x7a, 0xce, 0xff, 0x7a, 0xce, 0xff, 0x7a, 0xce, 0xff, 0x7a, 0xce,
    0xff, 0x7a, 0xce, 0xff, 0x7a, 0xce, 0xff, 0x7a, 0xce, 0xff, 0x7a, 0xce, 0xff, 0x7a, 0xce, 0xff,
    0x7a, 0xce, 0xff, 0x7a, 0xce, 0xff, 0x7a, 0xce, 0xff, 0x7a, 0xce, 0xff, 0x7a, 0xce, 0xff, 0x7a,
    0xce, 0xff, 0x7a, 0xce, 0xff, 0x7a, 0xce, 0xff, 0x7a, 0xce, 0xff, 0x7a, 0xce, 0xff, 0x7a, 0xce,
    0xff, 0x7a, 0xce, 0xff, 0x7a, 0xce, 0xff, 0x7a, 0xce, 0xff, 0x7a, 0xce, 0xff, 0x7a, 0xce, 0xff,
    0x7a, 0xce, 0xff, 0x7a, 0xce, 0xff, 0x7a, 0xce, 0xff, 0x7a, 0xce, 0xff, 0x7a, 0xce, 0xff, 0x7a,
    0xce, 0xff, 0x7a, 0xce, 0xff, 0x7a, 0xce, 0xff, 0x7a, 0xce, 0xff, 0x7a, 0xce, 0xff, 0x7a, 0xce,
    0xff, 0x7a, 0xce, 0xff, 0x7a, 0xce, 0xff, 0x7a, 0xce, 0xff, 0x7a, 0xce, 0xff, 0x7a, 0xce, 0xff,
    0x7a, 0xce, 0xff, 0x7a, 0xce, 0xff, 0x7a, 0xce, 0xff, 0x7a, 0xce, 0xff, 0x7a, 0xce, 0xff, 0x7a,
    0xce, 0xff, 0x7a, 0xce, 0xff, 0x7a, 0xce, 0xff, 0x7a, 0xce, 0xff, 0x7a, 0xce, 0xff, 0x7a, 0xce,
    0xff, 0x7a, 0xce, 0xff, 0x7a, 0xce, 0xff, 0x7a, 0xce, 0xff, 0x7a, 0xce, 0xff, 0x7a, 0xce, 0xff,
    0x7a, 0xce, 0xff, 0x7a, 0xce, 0xff, 0x7a, 0xce, 0xff, 0x7a, 0xce, 0xff, 0x7a, 0xce, 0xff, 0x7a,
    0xce, 0xff, 0x7a, 0xce, 0xff, 0x7a, 0xce, 0xff, 0x7a, 0xce, 0xff, 0x7a, 0xce, 0xff, 0x7a, 0xce,
    0xff, 0x7a, 0xce, 0xff, 0x7a, 0xce, 0xff, 0x7a, 0xce, 0xff, 0x7a, 0xce, 0xff, 0x7a, 0xce, 0xff,
    0x7a, 0xce, 0xff, 0x7a, 0xce, 0xff, 0x7a, 0xce, 0xff, 0x7a, 0xce, 0xff, 0x7a, 0xce, 0xff, 0x7a,
    0xce, 0xff, 0x7a, 0xce, 0xff, 0x7a, 0xce, 0xff, 0x7a, 0xce, 0xff, 0x7a, 0xce, 0xff, 0x7a, 0xce,
    0xff, 0x7a, 0xce, 0xff, 0x7a, 0xce, 0xff, 0x7a, 0xce, 0xff, 0x7a, 0xce, 0xff, 0x7a, 0xce, 0xff,
    0x7a, 0xce, 0xff, 0x7a, 0xce, 0xff, 0x7a, 0xce, 0xff, 0x7a, 0xce, 0xff, 0x7a, 0xce, 0xff, 0x7a,
    0xce, 0xff, 0x7a, 0xce, 0xff, 0x7a, 0xce, 0xff, 0x7a, 0xce, 0xff, 0x7a, 0xce, 0xff, 0x7a, 0xce,
    0xff, 0x7a, 0xce, 0xff, 0x7a, 0xce, 0xff, 0x7a, 0xce, 0xff, 0x7a, 0xce, 0xff, 0x7a, 0xce, 0xff,
    0x7a, 0xce, 0xff, 0x7a, 0xce, 0xff, 0x7a, 0xce, 0xff, 0x7a, 0xce, 0xff, 0x7a, 0xce, 0xff, 0x7a,
    0xce, 0xff, 0x7a, 0xce, 0xff, 0x7a, 0xce, 0xff, 0x7a, 0xce, 0xff, 0x7a, 0xce, 0xff, 0x7a, 0xce,
    0xff, 0x7a, 0xce, 0xff, 0x7a, 0xce, 0xff, 0x7a, 0xce, 0xff, 0x7a, 0xce, 0xff, 0x7a, 0xce, 0xff,
    0x7a, 0xce, 0xff, 0x7a, 0xce, 0xff, 0x7a, 0xce, 0xff, 0x7a, 0xce, 0xff, 0x7a, 0xce, 0xff, 0x7a,
    0xce, 0xff, 0x7a, 0xce, 0xff, 0x7a, 0xce, 0xff, 0x7a, 0xce, 0xff, 0x7a, 0xce, 0xff, 0x7a, 0xce,
    0xff, 0x7a, 0xce, 0xff, 0x7a, 0xce, 0xff, 0x7a, 0xce, 0xff, 0x7a, 0xce, 0xff, 0x7a, 0xce, 0xff,
    0x7a, 0xce, 0xff, 0x7a, 0xce, 0xff, 0x7a, 0xc6, 0xff, 0x7a, 0xc6, 0xff, 0x7a, 0xc6, 0xff, 0x7a,
    0xc6, 0xff, 0x7a, 0xc6, 0xff, 0x7a, 0xc6, 0xff, 0x7a, 0xc6, 0xff, 0x7a, 0xc6, 0xff, 0x7a, 0xce,
    0xff, 0x7a, 0xce, 0xff, 0x7a, 0xce, 0xff, 0x7a, 0xce, 0xff, 0x7a, 0xce, 0xff, 0x7a, 0xce, 0xff,
    0x7a, 0xce, 0xff, 0x7a, 0xce, 0xff, 0x7a, 0xce, 0xff, 0x7a, 0xce, 0xff, 0x7a, 0xce, 0xff, 0x7a,
    0xce, 0xff, 0x7a, 0xce, 0xff, 0x7a, 0xce, 0xff, 0x7a, 0xce, 0xff, 0x7a, 0xce, 0xff, 0x7a, 0xce,
    0xff, 0x7a, 0xce, 0xff, 0x7a, 0xce, 0xff, 0x7a, 0xce, 0xff, 0x7a, 0xce, 0xff, 0x7a, 0xce, 0xff,
    0x7a, 0xce, 0xff, 0x7a, 0xce, 0xff, 0x7a, 0xce, 0xff, 0x7a, 0xce, 0xff, 0x7a, 0xce, 0xff, 0x7a,
    0xce, 0xff, 0x7a, 0xce, 0xff, 0x7a, 0xce, 0xff, 0x7a, 0xce, 0xff, 0x7a, 0xce, 0xff, 0x7a, 0xce,
    0xff, 0x7a, 0xce, 0xff, 0x7a, 0xce, 0xff, 0x7a, 0xce, 0xff, 0x7a, 0xce, 0xff, 0x7a, 0xce, 0xff,
    0x7a, 0xce, 0xff, 0x7a, 0xce, 0xff, 0x7a, 0xce, 0xff, 0x7a, 0xce, 0xff, 0x7a, 0xce, 0xff, 0x7a,
    0xce, 0xff, 0x7a, 0xce, 0xff, 0x7a, 0xce, 0xff, 0x7a, 0xce, 0xff, 0x7a, 0xce, 0xff, 0x7a, 0xce,
    0xff, 0x7a, 0xce, 0xff, 0x7a, 0xce, 0xff, 0x7a, 0xce, 0xff, 0x7a, 0xce, 0xff, 0x7a, 0xce, 0xff,
    0x7a, 0xce, 0xff, 0x7a, 0xce, 0xff, 0x7a, 0xce, 0xff, 0x7a, 0xce, 0xff, 0x7a, 0xce, 0xff, 0x7a,
    0xce, 0xff, 0x7a, 0xce, 0xff, 0x7a, 0xce, 0xff, 0x7a, 0xce, 0xff, 0x7a, 0xce, 0xff, 0x7a, 0xce,
    0xff, 0x7a, 0xce, 0xff, 0x7a, 0xce, 0xff, 0x7a, 0xce, 0xff, 0x7a, 0xce, 0xff, 0x7a, 0xce, 0xff,
    0x7a, 0xce, 0xff, 0x7a, 0xce, 0xff, 0x7a, 0xce, 0xff, 0x7a, 0xce, 0xff, 0x7a, 0xce, 0xff, 0x7a,
    0xce, 0xff, 0x7a, 0xce, 0xff, 0x7a, 0xce, 0xff, 0x7a, 0xce, 0xff, 0x7a, 0xce, 0xff, 0x7a, 0xce,
    0xff, 0x7a, 0xce, 0xff, 0x7a, 0xce, 0xff, 0x7a, 0xce, 0xff, 0x7a, 0xce, 0xff, 0x7a, 0xce, 0xff,
    0x7a, 0xce, 0xff, 0x7a, 0xce, 0xff, 0x7a, 0xce, 0xff, 0x7a, 0xce, 0xff, 0x7a, 0xce, 0xff, 0x7a,
    0xce, 0xff, 0x7a, 0xce, 0xff, 0x7a, 0xce, 0xff, 0x7a, 0xce, 0xff, 0x7a, 0xce, 0xff, 0x7a, 0xce,
    0xff, 0x7a, 0xce, 0xff, 0x7a, 0xce, 0xff, 0x7a, 0xce, 0xff, 0x7a, 0xce, 0xff, 0x7a, 0xce, 0xff,
    0x7a, 0xce, 0xff, 0x7a, 0xce, 0xff, 0x7a, 0xce, 0xff, 0x7a, 0xce, 0xff, 0x7a, 0xce, 0xff, 0x7a,
    0xce, 0xff, 0x7a, 0xce, 0xff, 0x7a, 0xce, 0xff, 0x7a, 0xce, 0xff, 0x7a, 0xce, 0xff, 0x7a, 0xce,
    0xff, 0x7a, 0xce, 0xff, 0x7a, 0xce, 0xff, 0x7a, 0xce, 0xff, 0x7a, 0xce, 0xff, 0x7a, 0xce, 0xff,
    0x7a, 0xce, 0xff, 0x7a, 0xce, 0xff, 0x7a, 0xce, 0xff, 0x7a, 0xce, 0xff, 0x7a, 0xce, 0xff, 0x7a,
    0xce, 0xff, 0x7a, 0xce, 0xff, 0x7a, 0xce, 0xff, 0x7a, 0xce, 0xff, 0x7a, 0xce, 0xff, 0x7a, 0xce,
    0xff, 0x7a, 0xce, 0xff, 0x7a, 0xce, 0xff, 0x7a, 0xce, 0xff, 0x7a, 0xce, 0xff, 0x7a, 0xce, 0xff,
    0x7a, 0xce, 0xff, 0x7a, 0xce, 0xff, 0x7a, 0xce, 0xff, 0x7a, 0xce, 0xff, 0x7a, 0xce, 0xff, 0x7a,
    0xce, 0xff, 0x7a, 0xce, 0xff, 0x7a, 0xce, 0xff, 0x7a, 0xce, 0xff, 0x7a, 0xce, 0xff, 0x7a, 0xce,
    0xff, 0x7a, 0xce, 0xff, 0x7a, 0xce, 0xff, 0x7a, 0xce, 0xff, 0x7a, 0xce, 0xff, 0x7a, 0xce, 0xff,
    0x7a, 0xce, 0xff, 0x7a, 0xce, 0xff, 0x7a, 0xce, 0xff, 0x7a, 0xce, 0xff, 0x7a, 0xce, 0xff, 0x7a,
    0xce, 0xff, 0x7a, 0xce, 0xff, 0x7a, 0xce, 0xff, 0x7a, 0xce, 0xff, 0x7a, 0xce, 0xff, 0x7a, 0xce,
    0xff, 0x7a, 0xce, 0xff, 0x7a, 0xce, 0xff, 0x7a, 0xce, 0xff, 0x7a, 0xce, 0xff, 0x7a, 0xce, 0xff,
    0x7a, 0xce, 0xff, 0x7a, 0xce, 0xff, 0x7a, 0xce, 0xff, 0x7a, 0xce, 0xff, 0x7a, 0xce, 0xff, 0x7a,
    0xce, 0xff, 0x7a, 0xce, 0xff, 0x7a, 0xce, 0xff, 0x7a, 0xce, 0xff, 0x7a, 0xce, 0xff, 0x7a, 0xce,
    0xff, 0x7a, 0xce, 0xff, 0x7a, 0xce, 0xff, 0x7a, 0xce, 0xff, 0x7a, 0xce, 0xff, 0x7a, 0xce, 0xff,
    0x7a, 0xce, 0xff, 0x7a, 0xce, 0xff, 0x7a, 0xce, 0xff, 0x7a, 0xce, 0xff, 0x7a, 0xce, 0xff, 0x7a,
    0xce, 0xff, 0x7a, 0xce, 0xff, 0x7a, 0xce, 0xff, 0x7a, 0xce, 0xff, 0x7a, 0xce, 0xff, 0x7a, 0xce,
    0xff, 0x7a, 0xce, 0xff, 0x7a, 0xce, 0xff, 0x7a, 0xce, 0xff, 0x7a, 0xce, 0xff, 0x7a, 0xce, 0xff,
    0x7a, 0xce, 0xff, 0x7a, 0xce, 0xff, 0x7a, 0xce, 0xff, 0x7a, 0xce, 0xff, 0x7a, 0xce, 0xff, 0x7a,
    0xce, 0xff, 0x7a, 0xce, 0xff, 0x7a, 0xce, 0xff, 0x7a, 0xce, 0xff, 0x7a, 0xce, 0xff, 0x7a, 0xce,
    0xff, 0x7a, 0xce, 0xff, 0x7a, 0xce, 0xff, 0x7a, 0xce, 0xff, 0x7a, 0xce, 0xff, 0x7a, 0xce, 0xff,
    0x7a, 0xce, 0xff, 0x7a, 0xce, 0xff, 0x7a, 0xce, 0xff, 0x7a, 0xce, 0xff, 0x7a, 0xce, 0xff, 0x7a,
    0xce, 0xff, 0x7a, 0xce, 0xff, 0x7a, 0xce, 0xff, 0x7a, 0xce, 0xff, 0x7a, 0xce, 0xff, 0x7a, 0xce,
    0xff, 0x7a, 0xce, 0xff, 0x7a, 0xce, 0xff, 0x7a, 0xce, 0xff, 0x7a, 0xce, 0xff, 0x7a, 0xce, 0xff,
    0x7a, 0xce, 0xff, 0x7a, 0xce, 0xff, 0x7a, 0xce, 0xff, 0x7a, 0xce, 0xff, 0x7a, 0xce, 0xff, 0x7a,
    0xce, 0xff, 0x7a, 0xce, 0xff, 0x7a, 0xce, 0xff, 0x7a, 0xce, 0xff, 0x7a, 0xce, 0xff, 0x7a, 0xce,
    0xff, 0x7a, 0xce, 0xff, 0x7a, 0xce, 0xff, 0x7a, 0xce, 0xff, 0x7a, 0xce, 0xff, 0x7a, 0xce, 0xff,
    0x7a, 0xce, 0xff, 0x7a, 0xce, 0xff, 0x7a, 0xce, 0xff, 0x7a, 0xce, 0xff, 0x7a, 0xce, 0xff, 0x7a,
    0xce, 0xff, 0x7a, 0xce, 0xff, 0x7a, 0xce, 0xff, 0x7a, 0xce, 0xff, 0x7a, 0xce, 0xff, 0x7a, 0xce,
    0xff, 0x7a, 0xce, 0xff, 0x7a, 0xce, 0xff, 0x7a, 0xce, 0xff, 0x7a, 0xce, 0xff, 0x7a, 0xce, 0xff,
    0x7a, 0xce, 0xff, 0x7a, 0xce, 0xff, 0x7a, 0xce, 0xff, 0x7a, 0xce, 0xff, 0x7a, 0xce, 0xff, 0x7a,
    0xce, 0xff, 0x7a, 0xce, 0xff, 0x7a, 0xce, 0xff, 0x7a, 0xce, 0xff, 0x7a, 0xce, 0xff, 0x7a, 0xce,
    0xff, 0x7a, 0xce, 0xff, 0x7a, 0xce, 0xff, 0x7a, 0xce, 0xff, 0x7a, 0xce, 0xff, 0x7a, 0xce, 0xff,
    0x7a, 0xce, 0xff, 0x7a, 0xce, 0xff, 0x7a, 0xce, 0xff, 0x7a, 0xce, 0xff, 0x7a, 0xce, 0xff, 0x7a,
    0xce, 0xff, 0x7a, 0xce, 0xff, 0x7a, 0xce, 0xff, 0x7a, 0xce, 0xff, 0x7a, 0xce, 0xff, 0x7a, 0xce,
    0xff, 0x7a, 0xce, 0xff, 0x7a, 0xce, 0xff, 0x7a, 0xce, 0xff, 0x7a, 0xce, 0xff, 0x7a, 0xce, 0xff,
    0x7a, 0xce, 0xff, 0x7a, 0xce, 0xff, 0x7a, 0xce, 0xff, 0x7a, 0xce, 0xff, 0x7a, 0xce, 0xff, 0x7a,
    0xce, 0xff, 0x7a, 0xce, 0xff, 0x7a, 0xce, 0xff, 0x7a, 0xce, 0xff, 0x7a, 0xce, 0xff, 0x7a, 0xce,
    0xff, 0x7a, 0xce, 0xff, 0x7a, 0xce, 0xff, 0x7a, 0xce, 0xff, 0x7a, 0xce, 0xff, 0x7a, 0xce, 0xff,
    0x7a, 0xce, 0xff, 0x7a, 0xce, 0xff, 0x7a, 0xce, 0xff, 0x7a, 0xce, 0xff, 0x7a, 0xce, 0xff, 0x7a,
    0xce, 0xff, 0x7a, 0xce, 0xff, 0x7a, 0xce, 0xff, 0x7a, 0xce, 0xff, 0x7a, 0xce, 0xff, 0x7a, 0xce,
    0xff, 0x7a, 0xce, 0xff, 0x7a, 0xce, 0xff, 0x7a, 0xce, 0xff, 0x7a, 0xce, 0xff, 0x7a, 0xce, 0xff,
    0x7a, 0xce, 0xff, 0x7a, 0xce, 0xff, 0x7a, 0xce, 0xff, 0x7a, 0xce, 0xff, 0x7a, 0xce, 0xff, 0x7a,
    0xce, 0xff, 0x7a, 0xce, 0xff, 0x7a, 0xce, 0xff, 0x7a, 0xce, 0xff, 0x7a, 0xce, 0xff, 0x7a, 0xce,
    0xff, 0x7a, 0xce, 0xff, 0x7a, 0xce, 0xff, 0x7a, 0xce, 0xff, 0x7a, 0xce, 0xff, 0x7a, 0xce, 0xff,
    0x7a, 0xce, 0xff, 0x7a, 0xce, 0xff, 0x7a, 0xce, 0xff, 0x7a, 0xce, 0xff, 0x7a, 0xce, 0xff, 0x7a,
    0xce, 0xff, 0x7a, 0xce, 0xff, 0x7a, 0xce, 0xff, 0x7a, 0xce, 0xff, 0x7a, 0xce, 0xff, 0x7a, 0xce,
    0xff, 0x7a, 0xce, 0xff, 0x7a, 0xce, 0xff, 0x7a, 0xce, 0xff, 0x7a, 0xce, 0xff, 0x7a, 0xce, 0xff,
    0x7a, 0xce, 0xff, 0x7a, 0xce, 0xff, 0x7a, 0xce, 0xff, 0x7a, 0xce, 0xff, 0x7a, 0xce, 0xff, 0x7a,
    0xce, 0xff, 0x7a, 0xce, 0xff, 0x7a, 0xce, 0xff, 0x7a, 0xce, 0xff, 0x7a, 0xce, 0xff, 0x7a, 0xce,
    0xff, 0x7a, 0xce, 0xff, 0x7a, 0xce, 0xff, 0x7a, 0xce, 0xff, 0x7a, 0xce, 0xff, 0x7a, 0xce, 0xff,
    0x7a, 0xce, 0xff, 0x7a, 0xce, 0xff, 0x7a, 0xce, 0xff, 0x7a, 0xce, 0xff, 0x7a, 0xce, 0xff, 0x7a,
    0xce, 0xff, 0x7a, 0xce, 0xff, 0x7a, 0xce, 0xff, 0x7a, 0xce, 0xff, 0x7a, 0xce, 0xff, 0x7a, 0xce,
    0xff, 0x7a, 0xce, 0xff, 0x7a, 0xce, 0xff, 0x7a, 0xce, 0xff, 0x7a, 0xce, 0xff, 0x7a, 0xce, 0xff,
    0x7a, 0xce, 0xff, 0x7a, 0xce, 0xff, 0x7a, 0xce, 0xff, 0x7a, 0xce, 0xff, 0x7a, 0xce, 0xff, 0x7a,
    0xce, 0xff, 0x7a, 0xce, 0xff, 0x7a, 0xce, 0xff, 0x7a, 0xce, 0xff, 0x7a, 0xce, 0xff, 0x7a, 0xce,
    0xff, 0x7a, 0xce, 0xff, 0x7a, 0xce, 0xff, 0x7a, 0xce, 0xff, 0x7a, 0xce, 0xff, 0x7a, 0xce, 0xff,
    0x7a, 0xce, 0xff, 0x7a, 0xce, 0xff, 0x7a, 0xce, 0xff, 0x7a, 0xce, 0xff, 0x7a, 0xce, 0xff, 0x7a,
    0xce, 0xff, 0x7a, 0xce, 0xff, 0x7a, 0xce, 0xff, 0x7a, 0xce, 0xff, 0x7a, 0xce, 0xff, 0x7a, 0xce,
    0xff, 0x7a, 0xce, 0xff, 0x7a, 0xce, 0xff, 0x7a, 0xce, 0xff, 0x7a, 0xce, 0xff, 0x7a, 0xce, 0xff,
    0x7a, 0xce, 0xff, 0x7a, 0xce, 0xff, 0x7a, 0xce, 0xff, 0x7a, 0xce, 0xff, 0x7a, 0xce, 0xff, 0x7a,
    0xce, 0xff, 0x7a, 0xce, 0xff, 0x7a, 0xce, 0xff, 0x7a, 0xce, 0xff, 0x7a, 0xce, 0xff, 0x7a, 0xce,
    0xff, 0x7a, 0xce, 0xff, 0x7a, 0xce, 0xff, 0x7a, 0xce, 0xff, 0x7a, 0xce, 0xff, 0x7a, 0xce, 0xff,
    0x7a, 0xce, 0xff, 0x7a, 0xce, 0xff, 0x7a, 0xce, 0xff, 0x7a, 0xce, 0xff, 0x7a, 0xce, 0xff, 0x7a,
    0xce, 0xff, 0x7a, 0xce, 0xff, 0x7a, 0xce, 0xff, 0x7a, 0xce, 0xff, 0x7a, 0xce, 0xff, 0x7a, 0xce,
    0xff, 0x7a, 0xce, 0xff, 0x7a, 0xce, 0xff, 0x7a, 0xce, 0xff, 0x7a, 0xce, 0xff, 0x7a, 0xce, 0xff,
    0x7a, 0xce, 0xff, 0x7a, 0xce, 0xff, 0x7a, 0xce, 0xff, 0x7a, 0xce, 0xff, 0x7a, 0xce, 0xff, 0x7a,
    0xce, 0xff, 0x7a, 0xce, 0xff, 0x7a, 0xce, 0xff, 0x7a, 0xce, 0xff, 0x7a, 0xce, 0xff, 0x7a, 0xce,
    0xff, 0x7a, 0xce, 0xff, 0x7a, 0xce, 0xff, 0x7a, 0xce, 0xff, 0x7a, 0xce, 0xff, 0x7a, 0xce, 0xff,
    0x7a, 0xce, 0xff, 0x7a, 0xce, 0xff, 0x7a, 0xce, 0xff, 0x7a, 0xce, 0xff, 0x7a, 0xce, 0xff, 0x7a,
    0xce, 0xff, 0x7a, 0xce, 0xff, 0x7a, 0xce, 0xff, 0x7a, 0xce, 0xff, 0x7a, 0xce, 0xff, 0x7a, 0xce,
    0xff, 0x7a, 0xce, 0xff, 0x7a, 0xce, 0xff, 0x7a, 0xce, 0xff, 0x7a, 0xce, 0xff, 0x7a, 0xce, 0xff,
    0x7a, 0xce, 0xff, 0x7a, 0xce, 0xff, 0x7a, 0xce, 0xff, 0x7a, 0xce, 0xff, 0x7a, 0xce, 0xff, 0x7a,
    0xce, 0xff, 0x7a, 0xce, 0xff, 0x7a, 0xce, 0xff, 0x7a, 0xce, 0xff, 0x7a, 0xce, 0xff, 0x7a, 0xce,
    0xff, 0x7a, 0xce, 0xff, 0x7a, 0xce, 0xff, 0x7a, 0xce, 0xff, 0x7a, 0xce, 0xff, 0x7a, 0xce, 0xff,
    0x7a, 0xce, 0xff, 0x7a, 0xce, 0xff, 0x7a, 0xce, 0xff, 0x7a, 0xce, 0xff, 0x7a, 0xce, 0xff, 0x7a,
    0xce, 0xff, 0x7a, 0xce, 0xff, 0x7a, 0xce, 0xff, 0x7a, 0xce, 0xff, 0x7a, 0xce, 0xff, 0x7a, 0xce,
    0xff, 0x7a, 0xce, 0xff, 0x7a, 0xce, 0xff, 0x7a, 0xce, 0xff, 0x7a, 0xce, 0xff, 0x7a, 0xce, 0xff,
    0x7a, 0xce, 0xff, 0x7a, 0xce, 0xff, 0x7a, 0xce, 0xff, 0x7a, 0xce, 0xff, 0x7a, 0xce, 0xff, 0x7a,
    0xce, 0xff, 0x7a, 0xce, 0xff, 0x7a, 0xce, 0xff, 0x7a, 0xce, 0xff, 0x7a, 0xce, 0xff, 0x7a, 0xce,
    0xff, 0x7a, 0xce, 0xff, 0x7a, 0xce, 0xff, 0x7a, 0xce, 0xff, 0x7a, 0xce, 0xff, 0x7a, 0xce, 0xff,
    0x7a, 0xce, 0xff, 0x7a, 0xce, 0xff, 0x7a, 0xce, 0xff, 0x7a, 0xce, 0xff, 0x7a, 0xce, 0xff, 0x7a,
    0xce, 0xff, 0x7a, 0xce, 0xff, 0x7a, 0xce, 0xff, 0x7a, 0xce, 0xff, 0x7a, 0xce, 0xff, 0x7a, 0xce,
    0xff, 0x7a, 0xce, 0xff, 0x7a, 0xce, 0xff, 0x7a, 0xce, 0xff, 0x7a, 0xce, 0xff, 0x7a, 0xce, 0xff,
    0x7a, 0xce, 0xff, 0x7a, 0xce, 0xff, 0x7a, 0xce, 0xff, 0x7a, 0xce, 0xff, 0x7a, 0xce, 0xff, 0x7a,
    0xce, 0xff, 0x7a, 0xce, 0xff, 0x7a, 0xce, 0xff, 0x7a, 0xce, 0xff, 0x7a, 0xce, 0xff, 0x7a, 0xce,
    0xff, 0x7a, 0xce, 0xff, 0x7a, 0xce, 0xff, 0x7a, 0xce, 0xff, 0x7a, 0xce, 0xff, 0x7a, 0xce, 0xff,
    0x7a, 0xce, 0xff, 0x7a, 0xce, 0xff, 0x7a, 0xce, 0xff, 0x7a, 0xce, 0xff, 0x7a, 0xce, 0xff, 0x7a,
    0xce, 0xff, 0x7a, 0xce, 0xff, 0x7a, 0xce, 0xff, 0x7a, 0xce, 0xff, 0x7a, 0xce, 0xff, 0x7a, 0xce,
    0xff, 0x7a, 0xce, 0xff, 0x7a, 0xce, 0xff, 0x7a, 0xce, 0xff, 0x7a, 0xce, 0xff, 0x7a, 0xce, 0xff,
    0x7a, 0xce, 0xff, 0x7a, 0xce, 0xff, 0x7a, 0xce, 0xff, 0x7a, 0xce, 0xff, 0x7a, 0xce, 0xff, 0x7a,
    0xce, 0xff, 0x7a, 0xce, 0xff, 0x7a, 0xce, 0xff, 0x7a, 0xce, 0xff, 0x7a, 0xce, 0xff, 0x7a, 0xce,
    0xff, 0x7a, 0xce, 0xff, 0x7a, 0xce, 0xff, 0x7a, 0xce, 0xff, 0x7a, 0xce, 0xff, 0x7a, 0xce, 0xff,
    0x7a, 0xce, 0xff, 0x7a, 0xce, 0xff, 0x7a, 0xce, 0xff, 0x7a, 0xce, 0xff, 0x7a, 0xce, 0xff, 0x7a,
    0xce, 0xff, 0x7a, 0xce, 0xff, 0x7a, 0xce, 0xff, 0x7a, 0xce, 0xff, 0x7a, 0xce, 0xff, 0x7a, 0xce,
    0xff, 0x7a, 0xce, 0xff, 0x7a, 0xce, 0xff, 0x7a, 0xce, 0xff, 0x7a, 0xce, 0xff, 0x7a, 0xce, 0xff,
    0x7a, 0xce, 0xff, 0x7a, 0xce, 0xff, 0x7a, 0xce, 0xff, 0x7a, 0xce, 0xff, 0x7a, 0xce, 0xff, 0x7a,
    0xce, 0xff, 0x7a, 0xce, 0xff, 0x7a, 0xce, 0xff, 0x7a, 0xce, 0xff, 0x7a, 0xce, 0xff, 0x7a, 0xce,
    0xff, 0x7a, 0xce, 0xff, 0x7a, 0xce, 0xff, 0x7a, 0xce, 0xff, 0x7a, 0xce, 0xff, 0x7a, 0xce, 0xff,
    0x7a, 0xce, 0xff, 0x7a, 0xce, 0xff, 0x7a, 0xce, 0xff, 0x7a, 0xce, 0xff, 0x7a, 0xce, 0xff, 0x7a,
    0xce, 0xff, 0x7a, 0xce, 0xff, 0x7a, 0xce, 0xff, 0x7a, 0xce, 0xff, 0x7a, 0xce, 0xff, 0x7a, 0xce,
    0xff, 0x7a, 0xce, 0xff, 0x7a, 0xce, 0xff, 0x7a, 0xce, 0xff, 0x7a, 0xce, 0xff, 0x7a, 0xce, 0xff,
    0x7a, 0xce, 0xff, 0x7a, 0xce, 0xff, 0x7a, 0xce, 0xff, 0x7a, 0xce, 0xff, 0x7a, 0xce, 0xff, 0x7a,
    0xce, 0xff, 0x7a, 0xce, 0xff, 0x7a, 0xce, 0xff, 0x7a, 0xce, 0xff, 0x7a, 0xce, 0xff, 0x7a, 0xce,
    0xff, 0x7a, 0xce, 0xff, 0x7a, 0xce, 0xff, 0x7a, 0xce, 0xff, 0x7a, 0xce, 0xff, 0x7a, 0xce, 0xff,
    0x7a, 0xce, 0xff, 0x7a, 0xce, 0xff, 0x7a, 0xce, 0xff, 0x7a, 0xce, 0xff, 0x7a, 0xce, 0xff, 0x7a,
    0xce, 0xff, 0x7a, 0xce, 0xff, 0x7a, 0xce, 0xff, 0x7a, 0xce, 0xff, 0x7a, 0xce, 0xff, 0x7a, 0xce,
    0xff, 0x7a, 0xce, 0xff, 0x7a, 0xce, 0xff, 0x7a, 0xce, 0xff, 0x7a, 0xce, 0xff, 0x7a, 0xce, 0xff,
    0x7a, 0xce, 0xff, 0x7a, 0xce, 0xff, 0x7a, 0xce, 0xff, 0x7a, 0xce, 0xff, 0x7a, 0xce, 0xff, 0x7a,
    0xce, 0xff, 0x7a, 0xce, 0xff, 0x7a, 0xce, 0xff, 0x7a, 0xce, 0xff, 0x7a, 0xce, 0xff, 0x7a, 0xce,
    0xff, 0x7a, 0xce, 0xff, 0x7a, 0xce, 0xff, 0x7a, 0xce, 0xff, 0x7a, 0xce, 0xff, 0x7a, 0xce, 0xff,
    0x7a, 0xce, 0xff, 0x7a, 0xce, 0xff, 0x7a, 0xce, 0xff, 0x7a, 0xce, 0xff, 0x7a, 0xce, 0xff, 0x7a,
    0xce, 0xff, 0x7a, 0xce, 0xff, 0x7a, 0xce, 0xff, 0x7a, 0xce, 0xff, 0x7a, 0xce, 0xff, 0x7a, 0xce,
    0xff, 0x7a, 0xce, 0xff, 0x7a, 0xce, 0xff, 0x7a, 0xce, 0xff, 0x7a, 0xce, 0xff, 0x7a, 0xce, 0xff,
    0x7a, 0xce, 0xff, 0x7a, 0xce, 0xff, 0x7a, 0xce, 0xff, 0x7a, 0xce, 0xff, 0x7a, 0xce, 0xff, 0x7a,
    0xce, 0xff, 0x7a, 0xce, 0xff, 0x7a, 0xce, 0xff, 0x7a, 0xce, 0xff, 0x7a, 0xce, 0xff, 0x7a, 0xce,
    0xff, 0x7a, 0xce, 0xff, 0x7a, 0xce, 0xff, 0x7a, 0xce, 0xff, 0x7a, 0xce, 0xff, 0x7a, 0xce, 0xff,
    0x7a, 0xce, 0xff, 0x7a, 0xce, 0xff, 0x7a, 0xce, 0xff, 0x7a, 0xce, 0xff, 0x7a, 0xce, 0xff, 0x7a,
    0xce, 0xff, 0x7a, 0xce, 0xff, 0x7a, 0xce, 0xff, 0x7a, 0xce, 0xff, 0x7a, 0xce, 0xff, 0x7a, 0xce,
    0xff, 0x7a, 0xce, 0xff, 0x7a, 0xce, 0xff, 0x7a, 0xce, 0xff, 0x7a, 0xce, 0xff, 0x7a, 0xce, 0xff,
    0x7a, 0xce, 0xff, 0x7a, 0xce, 0xff, 0x7a, 0xce, 0xff, 0x7a, 0xce, 0xff, 0x7a, 0xce, 0xff, 0x7a,
    0xce, 0xff, 0x7a, 0xce, 0xff, 0x7a, 0xce, 0xff, 0x7a, 0xce, 0xff, 0x7a, 0xce, 0xff, 0x7a, 0xce,
    0xff, 0x7a, 0xce, 0xff, 0x7a, 0xce, 0xff, 0x7a, 0xce, 0xff, 0x7a, 0xce, 0xff, 0x7a, 0xce, 0xff,
    0x7a, 0xce, 0xff, 0x7a, 0xce, 0xff, 0x7a, 0xce, 0xff, 0x7a, 0xce, 0xff, 0x7a, 0xce, 0xff, 0x7a,
    0xce, 0xff, 0x7a, 0xce, 0xff, 0x7a, 0xce, 0xff, 0x7a, 0xce, 0xff, 0x7a, 0xce, 0xff, 0x7a, 0xce,
    0xff, 0x7a, 0xce, 0xff, 0x7a, 0xce, 0xff, 0x7a, 0xce, 0xff, 0x7a, 0xce, 0xff, 0x7a, 0xce, 0xff,
    0x7a, 0xce, 0xff, 0x7a, 0xce, 0xff, 0x7a, 0xce, 0xff, 0x7a, 0xce, 0xff, 0x7a, 0xce, 0xff, 0x7a,
    0xce, 0xff, 0x7a, 0xce, 0xff, 0x7a, 0xce, 0xff, 0x7a, 0xce, 0xff, 0x7a, 0xce, 0xff, 0x7a, 0xce,
    0xff, 0x7a, 0xce, 0xff, 0x7a, 0xce, 0xff, 0x7a, 0xce, 0xff, 0x7a, 0xce, 0xff, 0x7a, 0xce, 0xff,
    0x7a, 0xce, 0xff, 0x7a, 0xce, 0xff, 0x7a, 0xce, 0xff, 0x7a, 0xce, 0xff, 0x7a, 0xce, 0xff, 0x7a,
    0xce, 0xff, 0x7a, 0xce, 0xff, 0x7a, 0xce, 0xff, 0x7a, 0xce, 0xff, 0x7a, 0xce, 0xff, 0x7a, 0xce,
    0xff, 0x7a, 0xce, 0xff, 0x7a, 0xce, 0xff, 0x7a, 0xce, 0xff, 0x7a, 0xce, 0xff, 0x7a, 0xce, 0xff,
    0x7a, 0xce, 0xff, 0x7a, 0xce, 0xff, 0x7a, 0xce, 0xff, 0x7a, 0xce, 0xff, 0x7a, 0xce, 0xff, 0x7a,
    0xce, 0xff, 0x7a, 0xce, 0xff, 0x7a, 0xce, 0xff, 0x7a, 0xce, 0xff, 0x7a, 0xce, 0xff, 0x7a, 0xce,
    0xff, 0x7a, 0xce, 0xff, 0x7a, 0xce, 0xff, 0x7a, 0xce, 0xff, 0x7a, 0xce, 0xff, 0x7a, 0xce, 0xff,
    0x7a, 0xce, 0xff, 0x7a, 0xce, 0xff, 0x7a, 0xce, 0xff, 0x7a, 0xce, 0xff, 0x7a, 0xce, 0xff, 0x7a,
    0xce, 0xff, 0x7a, 0xce, 0xff, 0x7a, 0xce, 0xff, 0x7a, 0xce, 0xff, 0x7a, 0xce, 0xff, 0x7a, 0xce,
    0xff, 0x7a, 0xce, 0xff, 0x7a, 0xce, 0xff, 0x7a, 0xce, 0xff, 0x7a, 0xce, 0xff, 0x7a, 0xce, 0xff,
    0x7a, 0xce, 0xff, 0x7a, 0xce, 0xff, 0x7a, 0xce, 0xff, 0x7a, 0xce, 0xff, 0x7a, 0xce, 0xff, 0x7a,
    0xce, 0xff, 0x7a, 0xce, 0xff, 0x7a, 0xce, 0xff, 0x7a, 0xce, 0xff, 0x7a, 0xce, 0xff, 0x7a, 0xce,
    0xff, 0x7a, 0xce, 0xff, 0x7a, 0xce, 0xff, 0x7a, 0xce, 0xff, 0x7a, 0xce, 0xff, 0x7a, 0xce, 0xff,
    0x7a, 0xce, 0xff, 0x7a, 0xce, 0xff, 0x7a, 0xce, 0xff, 0x7a, 0xce, 0xff, 0x7a, 0xce, 0xff, 0x7a,
    0xce, 0xff, 0x7a, 0xce, 0xff, 0x7a, 0xce, 0xff, 0x7a, 0xce, 0xff, 0x7a, 0xce, 0xff, 0x7a, 0xce,
    0xff, 0x7a, 0xce, 0xff, 0x7a, 0xce, 0xff, 0x7a, 0xce, 0xff, 0x7a, 0xce, 0xff, 0x7a, 0xce, 0xff,
    0x7a, 0xce, 0xff, 0x7a, 0xce, 0xff, 0x7a, 0xce, 0xff, 0x7a, 0xce, 0xff, 0x7a, 0xce, 0xff, 0x7a,
    0xce, 0xff, 0x7a, 0xce, 0xff, 0x7a, 0xce, 0xff, 0x7a, 0xce, 0xff, 0x7a, 0xce, 0xff, 0x7a, 0xce,
    0xff, 0x7a, 0xce, 0xff, 0x7a, 0xce, 0xff, 0x7a, 0xce, 0xff, 0x7a, 0xce, 0xff, 0x7a, 0xce, 0xff,
    0x7a, 0xce, 0xff, 0x7a, 0xce, 0xff, 0x7a, 0xce, 0xff, 0x7a, 0xce, 0xff, 0x7a, 0xce, 0xff, 0x7a,
    0xce, 0xff, 0x7a, 0xce, 0xff, 0x7a, 0xce, 0xff, 0x7a, 0xce, 0xff, 0x7a, 0xce, 0xff, 0x7a, 0xce,
    0xff, 0x7a, 0xce, 0xff, 0x7a, 0xce, 0xff, 0x7a, 0xce, 0xff, 0x7a, 0xce, 0xff, 0x7a, 0xce, 0xff,
    0x7a, 0xce, 0xff, 0x7a, 0xce, 0xff, 0x7a, 0xce, 0xff, 0x7a, 0xce, 0xff, 0x7a, 0xce, 0xff, 0x7a,
    0xce, 0xff, 0x7a, 0xce, 0xff, 0x7a, 0xce, 0xff, 0x7a, 0xce, 0xff, 0x7a, 0xce, 0xff, 0x7a, 0xce,
    0xff, 0x7a, 0xce, 0xff, 0x7a, 0xce, 0xff, 0x7a, 0xce, 0xff, 0x7a, 0xce, 0xff, 0x7a, 0xce, 0xff,
    0x7a, 0xce, 0xff, 0x7a, 0xce, 0xff, 0x7a, 0xce, 0xff, 0x7a, 0xce, 0xff, 0x7a, 0xce, 0xff, 0x7a,
    0xce, 0xff, 0x7a, 0xce, 0xff, 0x7a, 0xce, 0xff, 0x7a, 0xce, 0xff, 0x7a, 0xce, 0xff, 0x7a, 0xce,
    0xff, 0x7a, 0xce, 0xff, 0x7a, 0xce, 0xff, 0x7a, 0xce, 0xff, 0x7a, 0xce, 0xff, 0x7a, 0xce, 0xff,
    0x7a, 0xce, 0xff, 0x7a, 0xce, 0xff, 0x7a, 0xce, 0xff, 0x7a, 0xce, 0xff, 0x7a, 0xce, 0xff, 0x7a,
    0xce, 0xff, 0x7a, 0xce, 0xff, 0x7a, 0xce, 0xff, 0x7a, 0xce, 0xff, 0x7a, 0xce, 0xff, 0x7a, 0xce,
    0xff, 0x7a, 0xce, 0xff, 0x7a, 0xce, 0xff, 0x7a, 0xce, 0xff, 0x7a, 0xce, 0xff, 0x7a, 0xce, 0xff,
    0x7a, 0xce, 0xff, 0x7a, 0xce, 0xff, 0x7a, 0xce, 0xff, 0x7a, 0xce, 0xff, 0x7a, 0xce, 0xff, 0x7a,
    0xce, 0xff, 0x7a, 0xce, 0xff, 0x7a, 0xce, 0xff, 0x7a, 0xce, 0xff, 0x7a, 0xce, 0xff, 0x7a, 0xce,
    0xff, 0x7a, 0xce, 0xff, 0x7a, 0xce, 0xff, 0x7a, 0xce, 0xff, 0x7a, 0xce, 0xff, 0x7a, 0xce, 0xff,
    0x7a, 0xce, 0xff, 0x7a, 0xce, 0xff, 0x7a, 0xce, 0xff, 0x7a, 0xce, 0xff, 0x7a, 0xce, 0xff, 0x7a,
    0xce, 0xff, 0x7a, 0xce, 0xff, 0x7a, 0xce, 0xff, 0x7a, 0xce, 0xff, 0x7a, 0xce, 0xff, 0x7a, 0xce,
    0xff, 0x7a, 0xce, 0xff, 0x7a, 0xce, 0xff, 0x7a, 0xce, 0xff, 0x7a, 0xce, 0xff, 0x7a, 0xce, 0xff,
    0x7a, 0xce, 0xff, 0x7a, 0xce, 0xff, 0x7a, 0xce, 0xff, 0x7a, 0xce, 0xff, 0x7a, 0xce, 0xff, 0x7a,
    0xce, 0xff, 0x7a, 0xce, 0xff, 0x7a, 0xce, 0xff, 0x7a, 0xce, 0xff, 0x7a, 0xce, 0xff, 0x7a, 0xce,
    0xff, 0x7a, 0xce, 0xff, 0x7a, 0xce, 0xff, 0x7a, 0xce, 0xff, 0x7a, 0xce, 0xff, 0x7a, 0xce, 0xff,
    0x7a, 0xce, 0xff, 0x7a, 0xce, 0xff, 0x7a, 0xce, 0xff, 0x7a, 0xce, 0xff, 0x7a, 0xce, 0xff, 0x7a,
    0xce, 0xff, 0x7a, 0xce, 0xff, 0x7a, 0xce, 0xff, 0x7a, 0xce, 0xff, 0x7a, 0xce, 0xff, 0x7a, 0xce,
    0xff, 0x7a, 0xce, 0xff, 0x7a, 0xce, 0xff, 0x7a, 0xce, 0xff, 0x7a, 0xce, 0xff, 0x7a, 0xce, 0xff,
    0x7a, 0xce, 0xff, 0x7a, 0xce, 0xff, 0x7a, 0xce, 0xff, 0x7a, 0xce, 0xff, 0x7a, 0xce, 0xff, 0x7a,
    0xce, 0xff, 0x7a, 0xce, 0xff, 0x7a, 0xce, 0xff, 0x7a, 0xce, 0xff, 0x7a, 0xce, 0xff, 0x7a, 0xce,
    0xff, 0x7a, 0xce, 0xff, 0x7a, 0xce, 0xff, 0x7a, 0xce, 0xff, 0x7a, 0xce, 0xff, 0x7a, 0xce, 0xff,
    0x7a, 0xce, 0xff, 0x7a, 0xce, 0xff, 0x7a, 0xce, 0xff, 0x7a, 0xce, 0xff, 0x7a, 0xce, 0xff, 0x7a,
    0xce, 0xff, 0x7a, 0xce, 0xff, 0x7a, 0xce, 0xff, 0x7a, 0xce, 0xff, 0x7a, 0xce, 0xff, 0x7a, 0xce,
    0xff, 0x7a, 0xce, 0xff, 0x7a, 0xce, 0xff, 0x7a, 0xce, 0xff, 0x7a, 0xce, 0xff, 0x7a, 0xce, 0xff,
    0x7a, 0xce, 0xff, 0x7a, 0xce, 0xff, 0x7a, 0xce, 0xff, 0x7a, 0xce, 0xff, 0x7a, 0xce, 0xff, 0x7a,
    0xce, 0xff, 0x7a, 0xce, 0xff, 0x7a, 0xce, 0xff, 0x7a, 0xce, 0xff, 0x7a, 0xce, 0xff, 0x7a, 0xce,
    0xff, 0x7a, 0xce, 0xff, 0x7a, 0xce, 0xff, 0x7a, 0xce, 0xff, 0x7a, 0xce, 0xff, 0x7a, 0xce, 0xff,
    0x7a, 0xce, 0xff, 0x7a, 0xce, 0xff, 0x7a, 0xce, 0xff, 0x7a, 0xce, 0xff, 0x7a, 0xce, 0xff, 0x7a,
    0xce, 0xff, 0x7a, 0xce, 0xff, 0x7a, 0xce, 0xff, 0x7a, 0xce, 0xff, 0x7a, 0xce, 0xff, 0x7a, 0xce,
    0xff, 0x7a, 0xce, 0xff, 0x7a, 0xce, 0xff, 0x7a, 0xce, 0xff, 0x7a, 0xce, 0xff, 0x7a, 0xce, 0xff,
    0x7a, 0xce, 0xff, 0x7a, 0xce, 0xff, 0x7a, 0xce, 0xff, 0x7a, 0xce, 0xff, 0x7a, 0xce, 0xff, 0x7a,
    0xce, 0xff, 0x7a, 0xce, 0xff, 0x7a, 0xce, 0xff, 0x7a, 0xce, 0xff, 0x7a, 0xce, 0xff, 0x7a, 0xce,
    0xff, 0x7a, 0xce, 0xff, 0x7a, 0xce, 0xff, 0x7a, 0xce, 0xff, 0x7a, 0xce, 0xff, 0x7a, 0xce, 0xff,
    0x7a, 0xce, 0xff, 0x7a, 0xce, 0xff, 0x7a, 0xce, 0xff, 0x7a, 0xce, 0xff, 0x7a, 0xce, 0xff, 0x7a,
    0xce, 0xff, 0x7a, 0xce, 0xff, 0x7a, 0xce, 0xff, 0x7a, 0xce, 0xff, 0x7a, 0xce, 0xff, 0x7a, 0xce,
    0xff, 0x7a, 0xce, 0xff, 0x7a, 0xce, 0xff, 0x7a, 0xce, 0xff, 0x7a, 0xce, 0xff, 0x7a, 0xce, 0xff,
    0x7a, 0xce, 0xff, 0x7a, 0xce, 0xff, 0x7a, 0xce, 0xff, 0x7a, 0xce, 0xff, 0x7a, 0xce, 0xff, 0x7a,
    0xce, 0xff, 0x7a, 0xce, 0xff, 0x7a, 0xce, 0xff, 0x7a, 0xce, 0xff, 0x7a, 0xce, 0xff, 0x7a, 0xce,
    0xff, 0x7a, 0xce, 0xff, 0x7a, 0xce, 0xff, 0x7a, 0xce, 0xff, 0x7a, 0xce, 0xff, 0x7a, 0xce, 0xff,
    0x7a, 0xce, 0xff, 0x7a, 0xce, 0xff, 0x7a, 0xce, 0xff, 0x7a, 0xce, 0xff, 0x7a, 0xce, 0xff, 0x7a,
    0xce, 0xff, 0x7a, 0xce, 0xff, 0x7a, 0xce, 0xff, 0x7a, 0xce, 0xff, 0x7a, 0xce, 0xff, 0x7a, 0xce,
    0xff, 0x7a, 0xce, 0xff, 0x7a, 0xce, 0xff, 0x7a, 0xce, 0xff, 0x7a, 0xce, 0xff, 0x7a, 0xce, 0xff,
    0x7a, 0xce, 0xff, 0x7a, 0xce, 0xff, 0x7a, 0xce, 0xff, 0x7a, 0xce, 0xff, 0x7a, 0xce, 0xff, 0x7a,
    0xce, 0xff, 0x7a, 0xce, 0xff, 0x7a, 0xce, 0xff, 0x7a, 0xce, 0xff, 0x7a, 0xce, 0xff, 0x7a, 0xce,
    0xff, 0x7a, 0xce, 0xff, 0x7a, 0xce, 0xff, 0x7a, 0xce, 0xff, 0x7a, 0xce, 0xff, 0x7a, 0xce, 0xff,
    0x7a, 0xce, 0xff, 0x7a, 0xce, 0xff, 0x7a, 0xce, 0xff, 0x7a, 0xce, 0xff, 0x7a, 0xce, 0xff, 0x7a,
    0xce, 0xff, 0x7a, 0xce, 0xff, 0x7a, 0xce, 0xff, 0x7a, 0xce, 0xff, 0x7a, 0xce, 0xff, 0x7a, 0xce,
    0xff, 0x7a, 0xce, 0xff, 0x7a, 0xce, 0xff, 0x7a, 0xce, 0xff, 0x7a, 0xce, 0xff, 0x7a, 0xce, 0xff,
    0x7a, 0xce, 0xff, 0x7a, 0xce, 0xff, 0x7a, 0xce, 0xff, 0x7a, 0xce, 0xff, 0x7a, 0xce, 0xff, 0x7a,
    0xce, 0xff, 0x7a, 0xce, 0xff, 0x7a, 0xce, 0xff, 0x7a, 0xce, 0xff, 0x7a, 0xce, 0xff, 0x7a, 0xce,
    0xff, 0x7a, 0xce, 0xff, 0x7a, 0xce, 0xff, 0x7a, 0xce, 0xff, 0x7a, 0xce, 0xff, 0x7a, 0xce, 0xff,
    0x7a, 0xce, 0xff, 0x7a, 0xce, 0xff, 0x7a, 0xce, 0xff, 0x7a, 0xce, 0xff, 0x7a, 0xce, 0xff, 0x7a,
    0xce, 0xff, 0x7a, 0xce, 0xff, 0x7a, 0xce, 0xff, 0x7a, 0xce, 0xff, 0x7a, 0xce, 0xff, 0x7a, 0xce,
    0xff, 0x7a, 0xce, 0xff, 0x7a, 0xce, 0xff, 0x7a, 0xce, 0xff, 0x7a, 0xce, 0xff, 0x7a, 0xce, 0xff,
    0x7a, 0xce, 0xff, 0x7a, 0xce, 0xff, 0x7a, 0xce, 0xff, 0x7a, 0xce, 0xff, 0x7a, 0xce, 0xff, 0x7a,
    0xce, 0xff, 0x7a, 0xce, 0xff, 0x7a, 0xce, 0xff, 0x7a, 0xce, 0xff, 0x7a, 0xce, 0xff, 0x7a, 0xce,
    0xff, 0x7a, 0xce, 0xff, 0x7a, 0xce, 0xff, 0x7a, 0xce, 0xff, 0x7a, 0xce, 0xff, 0x7a, 0xce, 0xff,
    0x7a, 0xce, 0xff, 0x7a, 0xce, 0xff, 0x7a, 0xce, 0xff, 0x7a, 0xce, 0xff, 0x7a, 0xce, 0xff, 0x7a,
    0xce, 0xff, 0x7a, 0xce, 0xff, 0x7a, 0xce, 0xff, 0x7a, 0xce, 0xff, 0x7a, 0xce, 0xff, 0x7a, 0xce,
    0xff, 0x7a, 0xce, 0xff, 0x7a, 0xce, 0xff, 0x7a, 0xce, 0xff, 0x7a, 0xce, 0xff, 0x7a, 0xce, 0xff,
    0x7a, 0xce, 0xff, 0x7a, 0xce, 0xff, 0x7a, 0xce, 0xff, 0x7a, 0xce, 0xff, 0x7a, 0xce, 0xff, 0x7a,
    0xce, 0xff, 0x7a, 0xce, 0xff, 0x7a, 0xce, 0xff, 0x7a, 0xce, 0xff, 0x7a, 0xce, 0xff, 0x7a, 0xce,
    0xff, 0x7a, 0xce, 0xff, 0x7a, 0xce, 0xff, 0x7a, 0xce, 0xff, 0x7a, 0xce, 0xff, 0x7a, 0xc6, 0xff,
    0x7a, 0xc6, 0xff, 0x7a, 0xc6, 0xff, 0x7a, 0xc6, 0xff, 0x7a, 0xc6, 0xff, 0x7a, 0xc6, 0xff, 0x7a,
    0xc6, 0xff, 0x7a, 0xce, 0xff, 0x7a, 0xce, 0xff, 0x7a, 0xce, 0xff, 0x7a, 0xce, 0xff, 0x7a, 0xce,
    0xff, 0x7a, 0xce, 0xff, 0x7a, 0xce, 0xff, 0x7a, 0xce, 0xff, 0x7a, 0xce, 0xff, 0x7a, 0xce, 0xff,
    0x7a, 0xce, 0xff, 0x7a, 0xce, 0xff, 0x7a, 0xce, 0xff, 0x7a, 0xce, 0xff, 0x7a, 0xce, 0xff, 0x7a,
    0xce, 0xff, 0x7a, 0xce, 0xff, 0x7a, 0xce, 0xff, 0x7a, 0xce, 0xff, 0x7a, 0xce, 0xff, 0x7a, 0xce,
    0xff, 0x7a, 0xce, 0xff, 0x7a, 0xce, 0xff, 0x7a, 0xce, 0xff, 0x7a, 0xce, 0xff, 0x7a, 0xce, 0xff,
    0x7a, 0xce, 0xff, 0x7a, 0xce, 0xff, 0x7a, 0xce, 0xff, 0x7a, 0xce, 0xff, 0x7a, 0xce, 0xff, 0x7a,
    0xce, 0xff, 0x7a, 0xce, 0xff, 0x7a, 0xce, 0xff, 0x7a, 0xce, 0xff, 0x7a, 0xce, 0xff, 0x7a, 0xce,
    0xff, 0x7a, 0xce, 0xff, 0x7a, 0xce, 0xff, 0x7a, 0xce, 0xff, 0x7a, 0xce, 0xff, 0x7a, 0xce, 0xff,
    0x7a, 0xce, 0xff, 0x7a, 0xce, 0xff, 0x7a, 0xce, 0xff, 0x7a, 0xce, 0xff, 0x7a, 0xce, 0xff, 0x7a,
    0xce, 0xff, 0x7a, 0xce, 0xff, 0x7a, 0xce, 0xff, 0x7a, 0xce, 0xff, 0x7a, 0xce, 0xff, 0x7a, 0xce,
    0xff, 0x7a, 0xce, 0xff, 0x7a, 0xce, 0xff, 0x7a, 0xce, 0xff, 0x7a, 0xce, 0xff, 0x7a, 0xce, 0xff,
    0x7a, 0xce, 0xff, 0x7a, 0xce, 0xff, 0x7a, 0xce, 0xff, 0x7a, 0xce, 0xff, 0x7a, 0xce, 0xff, 0x7a,
    0xce, 0xff, 0x7a, 0xce, 0xff, 0x7a, 0xce, 0xff, 0x7a, 0xce, 0xff, 0x7a, 0xce, 0xff, 0x7a, 0xce,
    0xff, 0x7a, 0xce, 0xff, 0x7a, 0xce, 0xff, 0x7a, 0xce, 0xff, 0x7a, 0xce, 0xff, 0x7a, 0xce, 0xff,
    0x7a, 0xce, 0xff, 0x7a, 0xce, 0xff, 0x7a, 0xce, 0xff, 0x7a, 0xce, 0xff, 0x7a, 0xce, 0xff, 0x7a,
    0xce, 0xff, 0x7a, 0xce, 0xff, 0x7a, 0xce, 0xff, 0x7a, 0xce, 0xff, 0x7a, 0xce, 0xff, 0x7a, 0xce,
    0xff, 0x7a, 0xce, 0xff, 0x7a, 0xce, 0xff, 0x7a, 0xce, 0xff, 0x7a, 0xce, 0xff, 0x7a, 0xce, 0xff,
    0x7a, 0xce, 0xff, 0x7a, 0xce, 0xff, 0x7a, 0xce, 0xff, 0x7a, 0xce, 0xff, 0x7a, 0xce, 0xff, 0x7a,
    0xce, 0xff, 0x7a, 0xce, 0xff, 0x7a, 0xce, 0xff, 0x7a, 0xce, 0xff, 0x7a, 0xce, 0xff, 0x7a, 0xce,
    0xff, 0x7a, 0xce, 0xff, 0x7a, 0xce, 0xff, 0x7a, 0xce, 0xff, 0x7a, 0xce, 0xff, 0x7a, 0xce, 0xff,
    0x7a, 0xce, 0xff, 0x7a, 0xce, 0xff, 0x7a, 0xce, 0xff, 0x7a, 0xce, 0xff, 0x7a, 0xce, 0xff, 0x7a,
    0xce, 0xff, 0x7a, 0xce, 0xff, 0x7a, 0xce, 0xff, 0x7a, 0xce, 0xff, 0x7a, 0xce, 0xff, 0x7a, 0xce,
    0xff, 0x7a, 0xce, 0xff, 0x7a, 0xce, 0xff, 0x7a, 0xce, 0xff, 0x7a, 0xce, 0xff, 0x7a, 0xce, 0xff,
    0x7a, 0xce, 0xff, 0x7a, 0xce, 0xff, 0x7a, 0xce, 0xff, 0x7a, 0xce, 0xff, 0x7a, 0xce, 0xff, 0x7a,
    0xce, 0xff, 0x7a, 0xce, 0xff, 0x7a, 0xce, 0xff, 0x7a, 0xce, 0xff, 0x7a, 0xce, 0xff, 0x7a, 0xce,
    0xff, 0x7a, 0xce, 0xff, 0x7a, 0xce, 0xff, 0x7a, 0xce, 0xff, 0x7a, 0xce, 0xff, 0x7a, 0xce, 0xff,
    0x7a, 0xce, 0xff, 0x7a, 0xce, 0xff, 0x7a, 0xce, 0xff, 0x7a, 0xce, 0xff, 0x7a, 0xce, 0xff, 0x7a,
    0xce, 0xff, 0x7a, 0xce, 0xff, 0x7a, 0xce, 0xff, 0x7a, 0xce, 0xff, 0x7a, 0xce, 0xff, 0x7a, 0xce,
    0xff, 0x7a, 0xce, 0xff, 0x7a, 0xce, 0xff, 0x7a, 0xce, 0xff, 0x7a, 0xce, 0xff, 0x7a, 0xce, 0xff,
    0x7a, 0xce, 0xff, 0x7a, 0xce, 0xff, 0x7a, 0xce, 0xff, 0x7a, 0xce, 0xff, 0x7a, 0xce, 0xff, 0x7a,
    0xce, 0xff, 0x7a, 0xce, 0xff, 0x7a, 0xce, 0xff, 0x7a, 0xce, 0xff, 0x7a, 0xce, 0xff, 0x7a, 0xce,
    0xff, 0x7a, 0xc6, 0xff, 0x7a, 0xc6, 0xff, 0x5a, 0xc6, 0xff, 0x5a, 0xc6, 0xff, 0x7a, 0xc6, 0xff,
    0x7a, 0xc6, 0xff, 0x7a, 0xc6, 0xff, 0x7a, 0xce, 0xff, 0x9b, 0xce, 0xff, 0x9b, 0xce, 0xff, 0x9b,
    0xce, 0xff, 0x9b, 0xce, 0xff, 0x9b, 0xce, 0xff, 0x9b, 0xce, 0xff, 0x9b, 0xce, 0xff, 0x7a, 0xc6,
    0xff, 0x7a, 0xc6, 0xff, 0x7a, 0xc6, 0xff, 0x5a, 0xc6, 0xff, 0x5a, 0xc6, 0xff, 0x7a, 0xc6, 0xff,
    0x7a, 0xc6, 0xff, 0x7a, 0xce, 0xff, 0x7a, 0xce, 0xff, 0x7a, 0xce, 0xff, 0x7a, 0xce, 0xff, 0x7a,
    0xce, 0xff, 0x7a, 0xce, 0xff, 0x7a, 0xce, 0xff, 0x7a, 0xce, 0xff, 0x7a, 0xce, 0xff, 0x7a, 0xce,
    0xff, 0x7a, 0xce, 0xff, 0x7a, 0xce, 0xff, 0x7a, 0xce, 0xff, 0x7a, 0xce, 0xff, 0x7a, 0xce, 0xff,
    0x7a, 0xce, 0xff, 0x7a, 0xce, 0xff, 0x7a, 0xce, 0xff, 0x7a, 0xce, 0xff, 0x7a, 0xce, 0xff, 0x7a,
    0xce, 0xff, 0x7a, 0xce, 0xff, 0x7a, 0xce, 0xff, 0x7a, 0xce, 0xff, 0x7a, 0xce, 0xff, 0x7a, 0xce,
    0xff, 0x7a, 0xce, 0xff, 0x7a, 0xce, 0xff, 0x7a, 0xce, 0xff, 0x7a, 0xce, 0xff, 0x7a, 0xce, 0xff,
    0x7a, 0xce, 0xff, 0x7a, 0xce, 0xff, 0x7a, 0xce, 0xff, 0x7a, 0xce, 0xff, 0x7a, 0xce, 0xff, 0x7a,
    0xce, 0xff, 0x7a, 0xce, 0xff, 0x7a, 0xce, 0xff, 0x7a, 0xce, 0xff, 0x7a, 0xce, 0xff, 0x7a, 0xce,
    0xff, 0x7a, 0xce, 0xff, 0x7a, 0xce, 0xff, 0x7a, 0xce, 0xff, 0x7a, 0xce, 0xff, 0x7a, 0xce, 0xff,
    0x7a, 0xce, 0xff, 0x7a, 0xce, 0xff, 0x7a, 0xce, 0xff, 0x7a, 0xce, 0xff, 0x7a, 0xce, 0xff, 0x7a,
    0xce, 0xff, 0x7a, 0xce, 0xff, 0x7a, 0xce, 0xff, 0x7a, 0xce, 0xff, 0x7a, 0xce, 0xff, 0x7a, 0xce,
    0xff, 0x7a, 0xce, 0xff, 0x7a, 0xce, 0xff, 0x7a, 0xce, 0xff, 0x7a, 0xce, 0xff, 0x7a, 0xce, 0xff,
    0x7a, 0xce, 0xff, 0x7a, 0xce, 0xff, 0x7a, 0xce, 0xff, 0x7a, 0xce, 0xff, 0x7a, 0xce, 0xff, 0x7a,
    0xce, 0xff, 0x7a, 0xce, 0xff, 0x7a, 0xce, 0xff, 0x7a, 0xce, 0xff, 0x7a, 0xce, 0xff, 0x7a, 0xce,
    0xff, 0x7a, 0xce, 0xff, 0x7a, 0xce, 0xff, 0x7a, 0xce, 0xff, 0x7a, 0xce, 0xff, 0x7a, 0xce, 0xff,
    0x7a, 0xce, 0xff, 0x7a, 0xce, 0xff, 0x7a, 0xce, 0xff, 0x7a, 0xce, 0xff, 0x7a, 0xce, 0xff, 0x7a,
    0xce, 0xff, 0x7a, 0xce, 0xff, 0x7a, 0xce, 0xff, 0x7a, 0xce, 0xff, 0x7a, 0xce, 0xff, 0x7a, 0xce,
    0xff, 0x7a, 0xce, 0xff, 0x7a, 0xce, 0xff, 0x7a, 0xce, 0xff, 0x7a, 0xce, 0xff, 0x7a, 0xce, 0xff,
    0x7a, 0xce, 0xff, 0x7a, 0xce, 0xff, 0x7a, 0xce, 0xff, 0x7a, 0xce, 0xff, 0x7a, 0xce, 0xff, 0x7a,
    0xce, 0xff, 0x7a, 0xce, 0xff, 0x7a, 0xce, 0xff, 0x7a, 0xce, 0xff, 0x7a, 0xce, 0xff, 0x7a, 0xce,
    0xff, 0x7a, 0xce, 0xff, 0x7a, 0xce, 0xff, 0x7a, 0xce, 0xff, 0x7a, 0xce, 0xff, 0x7a, 0xce, 0xff,
    0x7a, 0xce, 0xff, 0x7a, 0xce, 0xff, 0x7a, 0xce, 0xff, 0x7a, 0xce, 0xff, 0x7a, 0xce, 0xff, 0x7a,
    0xce, 0xff, 0x7a, 0xce, 0xff, 0x7a, 0xce, 0xff, 0x7a, 0xce, 0xff, 0x7a, 0xce, 0xff, 0x7a, 0xce,
    0xff, 0x7a, 0xce, 0xff, 0x7a, 0xce, 0xff, 0x7a, 0xce, 0xff, 0x7a, 0xce, 0xff, 0x7a, 0xce, 0xff,
    0x7a, 0xce, 0xff, 0x7a, 0xce, 0xff, 0x7a, 0xce, 0xff, 0x7a, 0xce, 0xff, 0x7a, 0xce, 0xff, 0x7a,
    0xce, 0xff, 0x7a, 0xce, 0xff, 0x7a, 0xce, 0xff, 0x7a, 0xce, 0xff, 0x7a, 0xce, 0xff, 0x7a, 0xce,
    0xff, 0x7a, 0xce, 0xff, 0x7a, 0xce, 0xff, 0x7a, 0xce, 0xff, 0x7a, 0xce, 0xff, 0x7a, 0xce, 0xff,
    0x7a, 0xce, 0xff, 0x7a, 0xce, 0xff, 0x7a, 0xce, 0xff, 0x7a, 0xce, 0xff, 0x7a, 0xce, 0xff, 0x7a,
    0xce, 0xff, 0x7a, 0xce, 0xff, 0x7a, 0xce, 0xff, 0x7a, 0xce, 0xff, 0x7a, 0xce, 0xff, 0x7a, 0xce,
    0xff, 0x7a, 0xc6, 0xff, 0x5a, 0xc6, 0xff, 0x5a, 0xc6, 0xff, 0x7a, 0xce, 0xff, 0x9b, 0xce, 0xff,
    0xbb, 0xd6, 0xff, 0xfc, 0xde, 0xff, 0x1d, 0xdf, 0xff, 0x3d, 0xe7, 0xff, 0x7e, 0xef, 0xff, 0x7e,
    0xef, 0xff, 0x9e, 0xf7, 0xff, 0xbf, 0xf7, 0xff, 0xbf, 0xf7, 0xff, 0xbf, 0xf7, 0xff, 0xbf, 0xf7,
    0xff, 0xbf, 0xf7, 0xff, 0xbf, 0xf7, 0xff, 0xbe, 0xf7, 0xff, 0x7e, 0xef, 0xff, 0x7e, 0xef, 0xff,
    0x5d, 0xe7, 0xff, 0x1d, 0xdf, 0xff, 0x1c, 0xdf, 0xff, 0xdb, 0xd6, 0xff, 0x9b, 0xce, 0xff, 0x7a,
    0xce, 0xff, 0x7a, 0xc6, 0xff, 0x5a, 0xc6, 0xff, 0x7a, 0xc6, 0xff, 0x7a, 0xc6, 0xff, 0x7a, 0xce,
    0xff, 0x7a, 0xce, 0xff, 0x7a, 0xce, 0xff, 0x7a, 0xce, 0xff, 0x7a, 0xce, 0xff, 0x7a, 0xce, 0xff,
    0x7a, 0xce, 0xff, 0x7a, 0xce, 0xff, 0x7a, 0xce, 0xff, 0x7a, 0xce, 0xff, 0x7a, 0xce, 0xff, 0x7a,
    0xce, 0xff, 0x7a, 0xce, 0xff, 0x7a, 0xce, 0xff, 0x7a, 0xce, 0xff, 0x7a, 0xce, 0xff, 0x7a, 0xce,
    0xff, 0x7a, 0xce, 0xff, 0x7a, 0xce, 0xff, 0x7a, 0xce, 0xff, 0x7a, 0xce, 0xff, 0x7a, 0xce, 0xff,
    0x7a, 0xce, 0xff, 0x7a, 0xce, 0xff, 0x7a, 0xce, 0xff, 0x7a, 0xce, 0xff, 0x7a, 0xce, 0xff, 0x7a,
    0xce, 0xff, 0x7a, 0xce, 0xff, 0x7a, 0xce, 0xff, 0x7a, 0xce, 0xff, 0x7a, 0xce, 0xff, 0x7a, 0xce,
    0xff, 0x7a, 0xce, 0xff, 0x7a, 0xce, 0xff, 0x7a, 0xce, 0xff, 0x7a, 0xce, 0xff, 0x7a, 0xce, 0xff,
    0x7a, 0xce, 0xff, 0x7a, 0xce, 0xff, 0x7a, 0xce, 0xff, 0x7a, 0xce, 0xff, 0x7a, 0xce, 0xff, 0x7a,
    0xce, 0xff, 0x7a, 0xce, 0xff, 0x7a, 0xce, 0xff, 0x7a, 0xce, 0xff, 0x7a, 0xce, 0xff, 0x7a, 0xce,
    0xff, 0x7a, 0xce, 0xff, 0x7a, 0xce, 0xff, 0x7a, 0xce, 0xff, 0x7a, 0xce, 0xff, 0x7a, 0xce, 0xff,
    0x7a, 0xce, 0xff, 0x7a, 0xce, 0xff, 0x7a, 0xce, 0xff, 0x7a, 0xce, 0xff, 0x7a, 0xce, 0xff, 0x7a,
    0xce, 0xff, 0x7a, 0xce, 0xff, 0x7a, 0xce, 0xff, 0x7a, 0xce, 0xff, 0x7a, 0xce, 0xff, 0x7a, 0xce,
    0xff, 0x7a, 0xce, 0xff, 0x7a, 0xce, 0xff, 0x7a, 0xce, 0xff, 0x7a, 0xce, 0xff, 0x7a, 0xce, 0xff,
    0x7a, 0xce, 0xff, 0x7a, 0xce, 0xff, 0x7a, 0xce, 0xff, 0x7a, 0xce, 0xff, 0x7a, 0xce, 0xff, 0x7a,
    0xce, 0xff, 0x7a, 0xce, 0xff, 0x7a, 0xce, 0xff, 0x7a, 0xce, 0xff, 0x7a, 0xce, 0xff, 0x7a, 0xce,
    0xff, 0x7a, 0xce, 0xff, 0x7a, 0xce, 0xff, 0x7a, 0xce, 0xff, 0x7a, 0xce, 0xff, 0x7a, 0xce, 0xff,
    0x7a, 0xce, 0xff, 0x7a, 0xce, 0xff, 0x7a, 0xce, 0xff, 0x7a, 0xce, 0xff, 0x7a, 0xce, 0xff, 0x7a,
    0xce, 0xff, 0x7a, 0xce, 0xff, 0x7a, 0xce, 0xff, 0x7a, 0xce, 0xff, 0x7a, 0xce, 0xff, 0x7a, 0xce,
    0xff, 0x7a, 0xce, 0xff, 0x7a, 0xce, 0xff, 0x7a, 0xce, 0xff, 0x7a, 0xce, 0xff, 0x7a, 0xce, 0xff,
    0x7a, 0xce, 0xff, 0x7a, 0xce, 0xff, 0x7a, 0xce, 0xff, 0x7a, 0xce, 0xff, 0x7a, 0xce, 0xff, 0x7a,
    0xce, 0xff, 0x7a, 0xce, 0xff, 0x7a, 0xce, 0xff, 0x7a, 0xce, 0xff, 0x7a, 0xce, 0xff, 0x7a, 0xce,
    0xff, 0x7a, 0xce, 0xff, 0x7a, 0xce, 0xff, 0x7a, 0xce, 0xff, 0x7a, 0xce, 0xff, 0x7a, 0xce, 0xff,
    0x7a, 0xce, 0xff, 0x7a, 0xce, 0xff, 0x7a, 0xce, 0xff, 0x7a, 0xce, 0xff, 0x7a, 0xce, 0xff, 0x7a,
    0xce, 0xff, 0x7a, 0xce, 0xff, 0x7a, 0xce, 0xff, 0x7a, 0xce, 0xff, 0x7a, 0xce, 0xff, 0x7a, 0xce,
    0xff, 0x7a, 0xce, 0xff, 0x7a, 0xce, 0xff, 0x7a, 0xce, 0xff, 0x7a, 0xce, 0xff, 0x7a, 0xce, 0xff,
    0x7a, 0xce, 0xff, 0x7a, 0xce, 0xff, 0x7a, 0xce, 0xff, 0x7a, 0xce, 0xff, 0x7a, 0xce, 0xff, 0x7a,
    0xce, 0xff, 0x7a, 0xce, 0xff, 0x7a, 0xce, 0xff, 0x7a, 0xce, 0xff, 0x7a, 0xce, 0xff, 0x7a, 0xce,
    0xff, 0x7a, 0xc6, 0xff, 0x5a, 0xc6, 0xff, 0x5a, 0xc6, 0xff, 0x7a, 0xce, 0xff, 0xbb, 0xd6, 0xff,
    0x1c, 0xdf, 0xff, 0x5d, 0xe7, 0xff, 0x9e, 0xef, 0xff, 0xbf, 0xf7, 0xff, 0xdf, 0xf7, 0xff, 0xdf,
    0xff, 0xff, 0xdf, 0xff, 0xff, 0xdf, 0xff, 0xff, 0xdf, 0xf7, 0xff, 0xdf, 0xff, 0xff, 0xdf, 0xf7,
    0xff, 0xdf, 0xf7, 0xff, 0xdf, 0xf7, 0xff, 0xdf, 0xf7, 0xff, 0xdf, 0xf7, 0xff, 0xdf, 0xf7, 0xff,
    0xdf, 0xf7, 0xff, 0xdf, 0xf7, 0xff, 0xdf, 0xf7, 0xff, 0xdf, 0xf7, 0xff, 0xdf, 0xff, 0xff, 0xdf,
    0xff, 0xff, 0xdf, 0xff, 0xff, 0xdf, 0xf7, 0xff, 0xbf, 0xf7, 0xff, 0x9e, 0xf7, 0xff, 0x7e, 0xef,
    0xff, 0x1d, 0xdf, 0xff, 0xdb, 0xd6, 0xff, 0x9b, 0xce, 0xff, 0x7a, 0xc6, 0xff, 0x5a, 0xc6, 0xff,
    0x7a, 0xc6, 0xff, 0x7a, 0xce, 0xff, 0x7a, 0xce, 0xff, 0x7a, 0xce, 0xff, 0x7a, 0xce, 0xff, 0x7a,
    0xce, 0xff, 0x7a, 0xce, 0xff, 0x7a, 0xce, 0xff, 0x7a, 0xce, 0xff, 0x7a, 0xce, 0xff, 0x7a, 0xce,
    0xff, 0x7a, 0xce, 0xff, 0x7a, 0xce, 0xff, 0x7a, 0xce, 0xff, 0x7a, 0xce, 0xff, 0x7a, 0xce, 0xff,
    0x7a, 0xce, 0xff, 0x7a, 0xce, 0xff, 0x7a, 0xce, 0xff, 0x7a, 0xce, 0xff, 0x7a, 0xce, 0xff, 0x7a,
    0xce, 0xff, 0x7a, 0xce, 0xff, 0x7a, 0xce, 0xff, 0x7a, 0xce, 0xff, 0x7a, 0xce, 0xff, 0x7a, 0xce,
    0xff, 0x7a, 0xce, 0xff, 0x7a, 0xce, 0xff, 0x7a, 0xce, 0xff, 0x7a, 0xce, 0xff, 0x7a, 0xce, 0xff,
    0x7a, 0xce, 0xff, 0x7a, 0xce, 0xff, 0x7a, 0xce, 0xff, 0x7a, 0xce, 0xff, 0x7a, 0xce, 0xff, 0x7a,
    0xce, 0xff, 0x7a, 0xce, 0xff, 0x7a, 0xce, 0xff, 0x7a, 0xce, 0xff, 0x7a, 0xce, 0xff, 0x7a, 0xce,
    0xff, 0x7a, 0xce, 0xff, 0x7a, 0xce, 0xff, 0x7a, 0xce, 0xff, 0x7a, 0xce, 0xff, 0x7a, 0xce, 0xff,
    0x7a, 0xce, 0xff, 0x7a, 0xce, 0xff, 0x7a, 0xce, 0xff, 0x7a, 0xce, 0xff, 0x7a, 0xce, 0xff, 0x7a,
    0xce, 0xff, 0x7a, 0xce, 0xff, 0x7a, 0xce, 0xff, 0x7a, 0xce, 0xff, 0x7a, 0xce, 0xff, 0x7a, 0xce,
    0xff, 0x7a, 0xce, 0xff, 0x7a, 0xce, 0xff, 0x7a, 0xce, 0xff, 0x7a, 0xce, 0xff, 0x7a, 0xce, 0xff,
    0x7a, 0xce, 0xff, 0x7a, 0xce, 0xff, 0x7a, 0xce, 0xff, 0x7a, 0xce, 0xff, 0x7a, 0xce, 0xff, 0x7a,
    0xce, 0xff, 0x7a, 0xce, 0xff, 0x7a, 0xce, 0xff, 0x7a, 0xce, 0xff, 0x7a, 0xce, 0xff, 0x7a, 0xce,
    0xff, 0x7a, 0xce, 0xff, 0x7a, 0xce, 0xff, 0x7a, 0xce, 0xff, 0x7a, 0xce, 0xff, 0x7a, 0xce, 0xff,
    0x7a, 0xce, 0xff, 0x7a, 0xce, 0xff, 0x7a, 0xce, 0xff, 0x7a, 0xce, 0xff, 0x7a, 0xce, 0xff, 0x7a,
    0xce, 0xff, 0x7a, 0xce, 0xff, 0x7a, 0xce, 0xff, 0x7a, 0xce, 0xff, 0x7a, 0xce, 0xff, 0x7a, 0xce,
    0xff, 0x7a, 0xce, 0xff, 0x7a, 0xce, 0xff, 0x7a, 0xce, 0xff, 0x7a, 0xce, 0xff, 0x7a, 0xce, 0xff,
    0x7a, 0xce, 0xff, 0x7a, 0xce, 0xff, 0x7a, 0xce, 0xff, 0x7a, 0xce, 0xff, 0x7a, 0xce, 0xff, 0x7a,
    0xce, 0xff, 0x7a, 0xce, 0xff, 0x7a, 0xce, 0xff, 0x7a, 0xce, 0xff, 0x7a, 0xce, 0xff, 0x7a, 0xce,
    0xff, 0x7a, 0xce, 0xff, 0x7a, 0xce, 0xff, 0x7a, 0xce, 0xff, 0x7a, 0xce, 0xff, 0x7a, 0xce, 0xff,
    0x7a, 0xce, 0xff, 0x7a, 0xce, 0xff, 0x7a, 0xce, 0xff, 0x7a, 0xce, 0xff, 0x7a, 0xce, 0xff, 0x7a,
    0xce, 0xff, 0x7a, 0xce, 0xff, 0x7a, 0xce, 0xff, 0x7a, 0xce, 0xff, 0x7a, 0xce, 0xff, 0x7a, 0xce,
    0xff, 0x7a, 0xce, 0xff, 0x7a, 0xce, 0xff, 0x7a, 0xce, 0xff, 0x7a, 0xce, 0xff, 0x7a, 0xce, 0xff,
    0x7a, 0xce, 0xff, 0x7a, 0xce, 0xff, 0x7a, 0xce, 0xff, 0x7a, 0xce, 0xff, 0x7a, 0xce, 0xff, 0x7a,
    0xce, 0xff, 0x7a, 0xce, 0xff, 0x7a, 0xce, 0xff, 0x7a, 0xce, 0xff, 0x7a, 0xce, 0xff, 0x7a, 0xce,
    0xff, 0x7a, 0xce, 0xff, 0x7a, 0xc6, 0xff, 0x5a, 0xc6, 0xff, 0x7a, 0xc6, 0xff, 0x9b, 0xce, 0xff,
    0xfc, 0xde, 0xff, 0x5d, 0xe7, 0xff, 0x9e, 0xf7, 0xff, 0xdf, 0xf7, 0xff, 0xdf, 0xff, 0xff, 0xdf,
    0xff, 0xff, 0xdf, 0xf7, 0xff, 0xbf, 0xf7, 0xff, 0xbf, 0xf7, 0xff, 0xbf, 0xf7, 0xff, 0xbf, 0xf7,
    0xff, 0xbf, 0xf7, 0xff, 0xbf, 0xf7, 0xff, 0xbf, 0xf7, 0xff, 0xbf, 0xf7, 0xff, 0xbf, 0xf7, 0xff,
    0xbf, 0xf7, 0xff, 0xbf, 0xf7, 0xff, 0xbf, 0xf7, 0xff, 0xbf, 0xf7, 0xff, 0xbf, 0xf7, 0xff, 0xbf,
    0xf7, 0xff, 0xbf, 0xf7, 0xff, 0xbf, 0xf7, 0xff, 0xbf, 0xf7, 0xff, 0xbf, 0xf7, 0xff, 0xbf, 0xf7,
    0xff, 0xbf, 0xf7, 0xff, 0xbf, 0xf7, 0xff, 0xdf, 0xf7, 0xff, 0xdf, 0xff, 0xff, 0xdf, 0xff, 0xff,
    0xdf, 0xf7, 0xff, 0xbf, 0xf7, 0xff, 0x5d, 0xe7, 0xff, 0x1c, 0xdf, 0xff, 0xbb, 0xce, 0xff, 0x7a,
    0xc6, 0xff, 0x5a, 0xc6, 0xff, 0x7a, 0xc6, 0xff, 0x7a, 0xce, 0xff, 0x7a, 0xce, 0xff, 0x7a, 0xce,
    0xff, 0x7a, 0xce, 0xff, 0x7a, 0xce, 0xff, 0x7a, 0xce, 0xff, 0x7a, 0xce, 0xff, 0x7a, 0xce, 0xff,
    0x7a, 0xce, 0xff, 0x7a, 0xce, 0xff, 0x7a, 0xce, 0xff, 0x7a, 0xce, 0xff, 0x7a, 0xce, 0xff, 0x7a,
    0xce, 0xff, 0x7a, 0xce, 0xff, 0x7a, 0xce, 0xff, 0x7a, 0xce, 0xff, 0x7a, 0xce, 0xff, 0x7a, 0xce,
    0xff, 0x7a, 0xce, 0xff, 0x7a, 0xce, 0xff, 0x7a, 0xce, 0xff, 0x7a, 0xce, 0xff, 0x7a, 0xce, 0xff,
    0x7a, 0xce, 0xff, 0x7a, 0xce, 0xff, 0x7a, 0xce, 0xff, 0x7a, 0xce, 0xff, 0x7a, 0xce, 0xff, 0x7a,
    0xce, 0xff, 0x7a, 0xce, 0xff, 0x7a, 0xce, 0xff, 0x7a, 0xce, 0xff, 0x7a, 0xce, 0xff, 0x7a, 0xce,
    0xff, 0x7a, 0xce, 0xff, 0x7a, 0xce, 0xff, 0x7a, 0xce, 0xff, 0x7a, 0xce, 0xff, 0x7a, 0xce, 0xff,
    0x7a, 0xce, 0xff, 0x7a, 0xce, 0xff, 0x7a, 0xce, 0xff, 0x7a, 0xce, 0xff, 0x7a, 0xce, 0xff, 0x7a,
    0xce, 0xff, 0x7a, 0xce, 0xff, 0x7a, 0xce, 0xff, 0x7a, 0xce, 0xff, 0x7a, 0xce, 0xff, 0x7a, 0xce,
    0xff, 0x7a, 0xce, 0xff, 0x7a, 0xce, 0xff, 0x7a, 0xce, 0xff, 0x7a, 0xce, 0xff, 0x7a, 0xce, 0xff,
    0x7a, 0xce, 0xff, 0x7a, 0xce, 0xff, 0x7a, 0xce, 0xff, 0x7a, 0xce, 0xff, 0x7a, 0xce, 0xff, 0x7a,
    0xce, 0xff, 0x7a, 0xce, 0xff, 0x7a, 0xce, 0xff, 0x7a, 0xce, 0xff, 0x7a, 0xce, 0xff, 0x7a, 0xce,
    0xff, 0x7a, 0xce, 0xff, 0x7a, 0xce, 0xff, 0x7a, 0xce, 0xff, 0x7a, 0xce, 0xff, 0x7a, 0xce, 0xff,
    0x7a, 0xce, 0xff, 0x7a, 0xce, 0xff, 0x7a, 0xce, 0xff, 0x7a, 0xce, 0xff, 0x7a, 0xce, 0xff, 0x7a,
    0xce, 0xff, 0x7a, 0xce, 0xff, 0x7a, 0xce, 0xff, 0x7a, 0xce, 0xff, 0x7a, 0xce, 0xff, 0x7a, 0xce,
    0xff, 0x7a, 0xce, 0xff, 0x7a, 0xce, 0xff, 0x7a, 0xce, 0xff, 0x7a, 0xce, 0xff, 0x7a, 0xce, 0xff,
    0x7a, 0xce, 0xff, 0x7a, 0xce, 0xff, 0x7a, 0xce, 0xff, 0x7a, 0xce, 0xff, 0x7a, 0xce, 0xff, 0x7a,
    0xce, 0xff, 0x7a, 0xce, 0xff, 0x7a, 0xce, 0xff, 0x7a, 0xce, 0xff, 0x7a, 0xce, 0xff, 0x7a, 0xce,
    0xff, 0x7a, 0xce, 0xff, 0x7a, 0xce, 0xff, 0x7a, 0xce, 0xff, 0x7a, 0xce, 0xff, 0x7a, 0xce, 0xff,
    0x7a, 0xce, 0xff, 0x7a, 0xce, 0xff, 0x7a, 0xce, 0xff, 0x7a, 0xce, 0xff, 0x7a, 0xce, 0xff, 0x7a,
    0xce, 0xff, 0x7a, 0xce, 0xff, 0x7a, 0xce, 0xff, 0x7a, 0xce, 0xff, 0x7a, 0xce, 0xff, 0x7a, 0xce,
    0xff, 0x7a, 0xce, 0xff, 0x7a, 0xce, 0xff, 0x7a, 0xce, 0xff, 0x7a, 0xce, 0xff, 0x7a, 0xce, 0xff,
    0x7a, 0xce, 0xff, 0x7a, 0xce, 0xff, 0x7a, 0xce, 0xff, 0x7a, 0xce, 0xff, 0x7a, 0xce, 0xff, 0x7a,
    0xce, 0xff, 0x7a, 0xce, 0xff, 0x7a, 0xce, 0xff, 0x7a, 0xce, 0xff, 0x7a, 0xce, 0xff, 0x7a, 0xce,
    0xff, 0x7a, 0xce, 0xff, 0x7a, 0xce, 0xff, 0x7a, 0xce, 0xff, 0x7a, 0xc6, 0xff, 0x5a, 0xc6, 0xff,
    0x7a, 0xce, 0xff, 0xfc, 0xde, 0xff, 0x5e, 0xef, 0xff, 0xbf, 0xf7, 0xff, 0xdf, 0xff, 0xff, 0xdf,
    0xff, 0xff, 0xdf, 0xf7, 0xff, 0xbf, 0xf7, 0xff, 0xbf, 0xf7, 0xff, 0xbf, 0xf7, 0xff, 0xbf, 0xf7,
    0xff, 0xbf, 0xf7, 0xff, 0xbf, 0xf7, 0xff, 0xbf, 0xf7, 0xff, 0xbf, 0xf7, 0xff, 0xbf, 0xf7, 0xff,
    0xbf, 0xf7, 0xff, 0xbf, 0xf7, 0xff, 0xbf, 0xf7, 0xff, 0xbf, 0xf7, 0xff, 0xbf, 0xf7, 0xff, 0xbf,
    0xf7, 0xff, 0xbf, 0xf7, 0xff, 0xbf, 0xf7, 0xff, 0xbf, 0xf7, 0xff, 0xbf, 0xf7, 0xff, 0xbf, 0xf7,
    0xff, 0xbf, 0xf7, 0xff, 0xbf, 0xf7, 0xff, 0xbf, 0xf7, 0xff, 0xbf, 0xf7, 0xff, 0xbf, 0xf7, 0xff,
    0xbf, 0xf7, 0xff, 0xbf, 0xf7, 0xff, 0xbf, 0xf7, 0xff, 0xbf, 0xf7, 0xff, 0xbf, 0xf7, 0xff, 0xdf,
    0xf7, 0xff, 0xdf, 0xff, 0xff, 0xdf, 0xff, 0xff, 0xbf, 0xf7, 0xff, 0x7e, 0xef, 0xff, 0x1c, 0xdf,
    0xff, 0x9b, 0xce, 0xff, 0x5a, 0xc6, 0xff, 0x7a, 0xc6, 0xff, 0x7a, 0xce, 0xff, 0x7a, 0xce, 0xff,
    0x7a, 0xce, 0xff, 0x7a, 0xce, 0xff, 0x7a, 0xce, 0xff, 0x7a, 0xce, 0xff, 0x7a, 0xce, 0xff, 0x7a,
    0xce, 0xff, 0x7a, 0xce, 0xff, 0x7a, 0xce, 0xff, 0x7a, 0xce, 0xff, 0x7a, 0xce, 0xff, 0x7a, 0xce,
    0xff, 0x7a, 0xce, 0xff, 0x7a, 0xce, 0xff, 0x7a, 0xce, 0xff, 0x7a, 0xce, 0xff, 0x7a, 0xce, 0xff,
    0x7a, 0xce, 0xff, 0x7a, 0xce, 0xff, 0x7a, 0xce, 0xff, 0x7a, 0xce, 0xff, 0x7a, 0xce, 0xff, 0x7a,
    0xce, 0xff, 0x7a, 0xce, 0xff, 0x7a, 0xce, 0xff, 0x7a, 0xce, 0xff, 0x7a, 0xce, 0xff, 0x7a, 0xce,
    0xff, 0x7a, 0xce, 0xff, 0x7a, 0xce, 0xff, 0x7a, 0xce, 0xff, 0x7a, 0xce, 0xff, 0x7a, 0xce, 0xff,
    0x7a, 0xce, 0xff, 0x7a, 0xce, 0xff, 0x7a, 0xce, 0xff, 0x7a, 0xce, 0xff, 0x7a, 0xce, 0xff, 0x7a,
    0xce, 0xff, 0x7a, 0xce, 0xff, 0x7a, 0xce, 0xff, 0x7a, 0xce, 0xff, 0x7a, 0xce, 0xff, 0x7a, 0xce,
    0xff, 0x7a, 0xce, 0xff, 0x7a, 0xce, 0xff, 0x7a, 0xce, 0xff, 0x7a, 0xce, 0xff, 0x7a, 0xce, 0xff,
    0x7a, 0xce, 0xff, 0x7a, 0xce, 0xff, 0x7a, 0xce, 0xff, 0x7a, 0xce, 0xff, 0x7a, 0xce, 0xff, 0x7a,
    0xce, 0xff, 0x7a, 0xce, 0xff, 0x7a, 0xce, 0xff, 0x7a, 0xce, 0xff, 0x7a, 0xce, 0xff, 0x7a, 0xce,
    0xff, 0x7a, 0xce, 0xff, 0x7a, 0xce, 0xff, 0x7a, 0xce, 0xff, 0x7a, 0xce, 0xff, 0x7a, 0xce, 0xff,
    0x7a, 0xce, 0xff, 0x7a, 0xce, 0xff, 0x7a, 0xce, 0xff, 0x7a, 0xce, 0xff, 0x7a, 0xce, 0xff, 0x7a,
    0xce, 0xff, 0x7a, 0xce, 0xff, 0x7a, 0xce, 0xff, 0x7a, 0xce, 0xff, 0x7a, 0xce, 0xff, 0x7a, 0xce,
    0xff, 0x7a, 0xce, 0xff, 0x7a, 0xce, 0xff, 0x7a, 0xce, 0xff, 0x7a, 0xce, 0xff, 0x7a, 0xce, 0xff,
    0x7a, 0xce, 0xff, 0x7a, 0xce, 0xff, 0x7a, 0xce, 0xff, 0x7a, 0xce, 0xff, 0x7a, 0xce, 0xff, 0x7a,
    0xce, 0xff, 0x7a, 0xce, 0xff, 0x7a, 0xce, 0xff, 0x7a, 0xce, 0xff, 0x7a, 0xce, 0xff, 0x7a, 0xce,
    0xff, 0x7a, 0xce, 0xff, 0x7a, 0xce, 0xff, 0x7a, 0xce, 0xff, 0x7a, 0xce, 0xff, 0x7a, 0xce, 0xff,
    0x7a, 0xce, 0xff, 0x7a, 0xce, 0xff, 0x7a, 0xce, 0xff, 0x7a, 0xce, 0xff, 0x7a, 0xce, 0xff, 0x7a,
    0xce, 0xff, 0x7a, 0xce, 0xff, 0x7a, 0xce, 0xff, 0x7a, 0xce, 0xff, 0x7a, 0xce, 0xff, 0x7a, 0xce,
    0xff, 0x7a, 0xce, 0xff, 0x7a, 0xce, 0xff, 0x7a, 0xce, 0xff, 0x7a, 0xce, 0xff, 0x7a, 0xce, 0xff,
    0x7a, 0xce, 0xff, 0x7a, 0xce, 0xff, 0x7a, 0xce, 0xff, 0x7a, 0xce, 0xff, 0x7a, 0xce, 0xff, 0x7a,
    0xce, 0xff, 0x7a, 0xce, 0xff, 0x7a, 0xce, 0xff, 0x7a, 0xce, 0xff, 0x7a, 0xce, 0xff, 0x7a, 0xce,
    0xff, 0x7a, 0xce, 0xff, 0x7a, 0xce, 0xff, 0x7a, 0xce, 0xff, 0x7a, 0xce, 0xff, 0x7a, 0xce, 0xff,
    0x7a, 0xc6, 0xff, 0x7a, 0xc6, 0xff, 0xbb, 0xd6, 0xff, 0x3d, 0xe7, 0xff, 0x9e, 0xf7, 0xff, 0xdf,
    0xff, 0xff, 0xdf, 0xff, 0xff, 0xbf, 0xf7, 0xff, 0xbf, 0xf7, 0xff, 0xbf, 0xf7, 0xff, 0xbf, 0xf7,
    0xff, 0xbf, 0xf7, 0xff, 0xbf, 0xf7, 0xff, 0xbf, 0xf7, 0xff, 0xbf, 0xf7, 0xff, 0xbf, 0xf7, 0xff,
    0xbf, 0xf7, 0xff, 0xbf, 0xf7, 0xff, 0xbf, 0xf7, 0xff, 0xbf, 0xf7, 0xff, 0xbf, 0xf7, 0xff, 0xbf,
    0xf7, 0xff, 0xbf, 0xf7, 0xff, 0xbf, 0xf7, 0xff, 0xbf, 0xf7, 0xff, 0xbf, 0xf7, 0xff, 0xbf, 0xf7,
    0xff, 0xbf, 0xf7, 0xff, 0xbf, 0xf7, 0xff, 0xbf, 0xf7, 0xff, 0xbf, 0xf7, 0xff, 0xbf, 0xf7, 0xff,
    0xbf, 0xf7, 0xff, 0xbf, 0xf7, 0xff, 0xbf, 0xf7, 0xff, 0xbf, 0xf7, 0xff, 0xbf, 0xf7, 0xff, 0xbf,
    0xf7, 0xff, 0xbf, 0xf7, 0xff, 0xbf, 0xf7, 0xff, 0xbf, 0xf7, 0xff, 0xbf, 0xf7, 0xff, 0xbf, 0xf7,
    0xff, 0xbf, 0xf7, 0xff, 0xbf, 0xf7, 0xff, 0xdf, 0xf7, 0xff, 0xdf, 0xff, 0xff, 0xbf, 0xf7, 0xff,
    0x5d, 0xe7, 0xff, 0xdb, 0xd6, 0xff, 0x7a, 0xce, 0xff, 0x5a, 0xc6, 0xff, 0x7a, 0xce, 0xff, 0x7a,
    0xce, 0xff, 0x7a, 0xce, 0xff, 0x7a, 0xce, 0xff, 0x7a, 0xce, 0xff, 0x7a, 0xce, 0xff, 0x7a, 0xce,
    0xff, 0x7a, 0xce, 0xff, 0x7a, 0xce, 0xff, 0x7a, 0xce, 0xff, 0x7a, 0xce, 0xff, 0x7a, 0xce, 0xff,
    0x7a, 0xce, 0xff, 0x7a, 0xce, 0xff, 0x7a, 0xce, 0xff, 0x7a, 0xce, 0xff, 0x7a, 0xce, 0xff, 0x7a,
    0xce, 0xff, 0x7a, 0xce, 0xff, 0x7a, 0xce, 0xff, 0x7a, 0xce, 0xff, 0x7a, 0xce, 0xff, 0x7a, 0xce,
    0xff, 0x7a, 0xce, 0xff, 0x7a, 0xce, 0xff, 0x7a, 0xce, 0xff, 0x7a, 0xce, 0xff, 0x7a, 0xce, 0xff,
    0x7a, 0xce, 0xff, 0x7a, 0xce, 0xff, 0x7a, 0xce, 0xff, 0x7a, 0xce, 0xff, 0x7a, 0xce, 0xff, 0x7a,
    0xce, 0xff, 0x7a, 0xce, 0xff, 0x7a, 0xce, 0xff, 0x7a, 0xce, 0xff, 0x7a, 0xce, 0xff, 0x7a, 0xce,
    0xff, 0x7a, 0xce, 0xff, 0x7a, 0xce, 0xff, 0x7a, 0xce, 0xff, 0x7a, 0xce, 0xff, 0x7a, 0xce, 0xff,
    0x7a, 0xce, 0xff, 0x7a, 0xce, 0xff, 0x7a, 0xce, 0xff, 0x7a, 0xce, 0xff, 0x7a, 0xce, 0xff, 0x7a,
    0xce, 0xff, 0x7a, 0xce, 0xff, 0x7a, 0xce, 0xff, 0x7a, 0xce, 0xff, 0x7a, 0xce, 0xff, 0x7a, 0xce,
    0xff, 0x7a, 0xce, 0xff, 0x7a, 0xce, 0xff, 0x7a, 0xce, 0xff, 0x7a, 0xce, 0xff, 0x7a, 0xce, 0xff,
    0x7a, 0xce, 0xff, 0x7a, 0xce, 0xff, 0x7a, 0xce, 0xff, 0x7a, 0xce, 0xff, 0x7a, 0xce, 0xff, 0x7a,
    0xce, 0xff, 0x7a, 0xce, 0xff, 0x7a, 0xce, 0xff, 0x7a, 0xce, 0xff, 0x7a, 0xce, 0xff, 0x7a, 0xce,
    0xff, 0x7a, 0xce, 0xff, 0x7a, 0xce, 0xff, 0x7a, 0xce, 0xff, 0x7a, 0xce, 0xff, 0x7a, 0xce, 0xff,
    0x7a, 0xce, 0xff, 0x7a, 0xce, 0xff, 0x7a, 0xce, 0xff, 0x7a, 0xce, 0xff, 0x7a, 0xce, 0xff, 0x7a,
    0xce, 0xff, 0x7a, 0xce, 0xff, 0x7a, 0xce, 0xff, 0x7a, 0xce, 0xff, 0x7a, 0xce, 0xff, 0x7a, 0xce,
    0xff, 0x7a, 0xce, 0xff, 0x7a, 0xce, 0xff, 0x7a, 0xce, 0xff, 0x7a, 0xce, 0xff, 0x7a, 0xce, 0xff,
    0x7a, 0xce, 0xff, 0x7a, 0xce, 0xff, 0x7a, 0xce, 0xff, 0x7a, 0xce, 0xff, 0x7a, 0xce, 0xff, 0x7a,
    0xce, 0xff, 0x7a, 0xce, 0xff, 0x7a, 0xce, 0xff, 0x7a, 0xce, 0xff, 0x7a, 0xce, 0xff, 0x7a, 0xce,
    0xff, 0x7a, 0xce, 0xff, 0x7a, 0xce, 0xff, 0x7a, 0xce, 0xff, 0x7a, 0xce, 0xff, 0x7a, 0xce, 0xff,
    0x7a, 0xce, 0xff, 0x7a, 0xce, 0xff, 0x7a, 0xce, 0xff, 0x7a, 0xce, 0xff, 0x7a, 0xce, 0xff, 0x7a,
    0xce, 0xff, 0x7a, 0xce, 0xff, 0x7a, 0xce, 0xff, 0x7a, 0xce, 0xff, 0x7a, 0xce, 0xff, 0x7a, 0xce,
    0xff, 0x7a, 0xce, 0xff, 0x7a, 0xce, 0xff, 0x7a, 0xce, 0xff, 0x7a, 0xce, 0xff, 0x7a, 0xce, 0xff,
    0x7a, 0xce, 0xff, 0x7a, 0xce, 0xff, 0x7a, 0xc6, 0xff, 0x7a, 0xc6, 0xff, 0xdb, 0xd6, 0xff, 0x7e,
    0xef, 0xff, 0xdf, 0xf7, 0xff, 0xdf, 0xff, 0xff, 0xdf, 0xf7, 0xff, 0xbf, 0xf7, 0xff, 0xbf, 0xf7,
    0xff, 0xbf, 0xf7, 0xff, 0xbf, 0xf7, 0xff, 0xbf, 0xf7, 0xff, 0xbf, 0xf7, 0xff, 0xbf, 0xf7, 0xff,
    0xbf, 0xf7, 0xff, 0xbf, 0xf7, 0xff, 0xbf, 0xf7, 0xff, 0xbf, 0xf7, 0xff, 0xbf, 0xf7, 0xff, 0xbf,
    0xf7, 0xff, 0xbf, 0xf7, 0xff, 0xbf, 0xf7, 0xff, 0xbf, 0xf7, 0xff, 0xbf, 0xf7, 0xff, 0xbf, 0xf7,
    0xff, 0xbf, 0xf7, 0xff, 0xbf, 0xf7, 0xff, 0xbf, 0xf7, 0xff, 0xbf, 0xf7, 0xff, 0xbf, 0xf7, 0xff,
    0xbf, 0xf7, 0xff, 0xbf, 0xf7, 0xff, 0xbf, 0xf7, 0xff, 0xbf, 0xf7, 0xff, 0xbf, 0xf7, 0xff, 0xbf,
    0xf7, 0xff, 0xbf, 0xf7, 0xff, 0xbf, 0xf7, 0xff, 0xbf, 0xf7, 0xff, 0xbf, 0xf7, 0xff, 0xbf, 0xf7,
    0xff, 0xbf, 0xf7, 0xff, 0xbf, 0xf7, 0xff, 0xbf, 0xf7, 0xff, 0xbf, 0xf7, 0xff, 0xbf, 0xf7, 0xff,
    0xbf, 0xf7, 0xff, 0xbf, 0xf7, 0xff, 0xbf, 0xf7, 0xff, 0xbf, 0xf7, 0xff, 0xdf, 0xff, 0xff, 0xdf,
    0xf7, 0xff, 0x9e, 0xef, 0xff, 0xfc, 0xde, 0xff, 0x7a, 0xce, 0xff, 0x5a, 0xc6, 0xff, 0x7a, 0xce,
    0xff, 0x7a, 0xce, 0xff, 0x7a, 0xce, 0xff, 0x7a, 0xce, 0xff, 0x7a, 0xce, 0xff, 0x7a, 0xce, 0xff,
    0x7a, 0xce, 0xff, 0x7a, 0xce, 0xff, 0x7a, 0xce, 0xff, 0x7a, 0xce, 0xff, 0x7a, 0xce, 0xff, 0x7a,
    0xce, 0xff, 0x7a, 0xce, 0xff, 0x7a, 0xce, 0xff, 0x7a, 0xce, 0xff, 0x7a, 0xce, 0xff, 0x7a, 0xce,
    0xff, 0x7a, 0xce, 0xff, 0x7a, 0xce, 0xff, 0x7a, 0xce, 0xff, 0x7a, 0xce, 0xff, 0x7a, 0xce, 0xff,
    0x7a, 0xce, 0xff, 0x7a, 0xce, 0xff, 0x7a, 0xce, 0xff, 0x7a, 0xce, 0xff, 0x7a, 0xce, 0xff, 0x7a,
    0xce, 0xff, 0x7a, 0xce, 0xff, 0x7a, 0xce, 0xff, 0x7a, 0xce, 0xff, 0x7a, 0xce, 0xff, 0x7a, 0xce,
    0xff, 0x7a, 0xce, 0xff, 0x7a, 0xce, 0xff, 0x7a, 0xce, 0xff, 0x7a, 0xce, 0xff, 0x7a, 0xce, 0xff,
    0x7a, 0xce, 0xff, 0x7a, 0xce, 0xff, 0x7a, 0xce, 0xff, 0x7a, 0xce, 0xff, 0x7a, 0xce, 0xff, 0x7a,
    0xce, 0xff, 0x7a, 0xce, 0xff, 0x7a, 0xce, 0xff, 0x7a, 0xce, 0xff, 0x7a, 0xce, 0xff, 0x7a, 0xce,
    0xff, 0x7a, 0xce, 0xff, 0x7a, 0xce, 0xff, 0x7a, 0xce, 0xff, 0x7a, 0xce, 0xff, 0x7a, 0xce, 0xff,
    0x7a, 0xce, 0xff, 0x7a, 0xce, 0xff, 0x7a, 0xce, 0xff, 0x7a, 0xce, 0xff, 0x7a, 0xce, 0xff, 0x7a,
    0xce, 0xff, 0x7a, 0xce, 0xff, 0x7a, 0xce, 0xff, 0x7a, 0xce, 0xff, 0x7a, 0xce, 0xff, 0x7a, 0xce,
    0xff, 0x7a, 0xce, 0xff, 0x7a, 0xce, 0xff, 0x7a, 0xce, 0xff, 0x7a, 0xce, 0xff, 0x7a, 0xce, 0xff,
    0x7a, 0xce, 0xff, 0x7a, 0xce, 0xff, 0x7a, 0xce, 0xff, 0x7a, 0xce, 0xff, 0x7a, 0xce, 0xff, 0x7a,
    0xce, 0xff, 0x7a, 0xce, 0xff, 0x7a, 0xce, 0xff, 0x7a, 0xce, 0xff, 0x7a, 0xce, 0xff, 0x7a, 0xce,
    0xff, 0x7a, 0xce, 0xff, 0x7a, 0xce, 0xff, 0x7a, 0xce, 0xff, 0x7a, 0xce, 0xff, 0x7a, 0xce, 0xff,
    0x7a, 0xce, 0xff, 0x7a, 0xce, 0xff, 0x7a, 0xce, 0xff, 0x7a, 0xce, 0xff, 0x7a, 0xce, 0xff, 0x7a,
    0xce, 0xff, 0x7a, 0xce, 0xff, 0x7a, 0xce, 0xff, 0x7a, 0xce, 0xff, 0x7a, 0xce, 0xff, 0x7a, 0xce,
    0xff, 0x7a, 0xce, 0xff, 0x7a, 0xce, 0xff, 0x7a, 0xce, 0xff, 0x7a, 0xce, 0xff, 0x7a, 0xce, 0xff,
    0x7a, 0xce, 0xff, 0x7a, 0xce, 0xff, 0x7a, 0xce, 0xff, 0x7a, 0xce, 0xff, 0x7a, 0xce, 0xff, 0x7a,
    0xce, 0xff, 0x7a, 0xce, 0xff, 0x7a, 0xce, 0xff, 0x7a, 0xce, 0xff, 0x7a, 0xce, 0xff, 0x7a, 0xce,
    0xff, 0x7a, 0xce, 0xff, 0x7a, 0xce, 0xff, 0x7a, 0xce, 0xff, 0x7a, 0xce, 0xff, 0x7a, 0xce, 0xff,
    0x7a, 0xce, 0xff, 0x7a, 0xce, 0xff, 0x7a, 0xce, 0xff, 0x7a, 0xce, 0xff, 0x7a, 0xc6, 0xff, 0x7a,
    0xc6, 0xff, 0xdb, 0xd6, 0xff, 0x7e, 0xef, 0xff, 0xdf, 0xf7, 0xff, 0xdf, 0xf7, 0xff, 0xbf, 0xf7,
    0xff, 0xbf, 0xf7, 0xff, 0xbf, 0xf7, 0xff, 0xbf, 0xf7, 0xff, 0xbf, 0xf7, 0xff, 0xbf, 0xf7, 0xff,
    0xbf, 0xf7, 0xff, 0xbf, 0xf7, 0xff, 0xbf, 0xf7, 0xff, 0xbf, 0xf7, 0xff, 0xbf, 0xf7, 0xff, 0xbf,
    0xf7, 0xff, 0xbf, 0xf7, 0xff, 0xbf, 0xf7, 0xff, 0xbf, 0xf7, 0xff, 0xbf, 0xf7, 0xff, 0xbf, 0xf7,
    0xff, 0xbf, 0xf7, 0xff, 0xbf, 0xf7, 0xff, 0xbf, 0xf7, 0xff, 0xbf, 0xf7, 0xff, 0xbf, 0xf7, 0xff,
    0xbf, 0xf7, 0xff, 0xbf, 0xf7, 0xff, 0xbf, 0xf7, 0xff, 0xbf, 0xf7, 0xff, 0xbf, 0xf7, 0xff, 0xbf,
    0xf7, 0xff, 0xbf, 0xf7, 0xff, 0xbf, 0xf7, 0xff, 0xbf, 0xf7, 0xff, 0xbf, 0xf7, 0xff, 0xbf, 0xf7,
    0xff, 0xbf, 0xf7, 0xff, 0xbf, 0xf7, 0xff, 0xbf, 0xf7, 0xff, 0xbf, 0xf7, 0xff, 0xbf, 0xf7, 0xff,
    0xbf, 0xf7, 0xff, 0xbf, 0xf7, 0xff, 0xbf, 0xf7, 0xff, 0xbf, 0xf7, 0xff, 0xbf, 0xf7, 0xff, 0xbf,
    0xf7, 0xff, 0xbf, 0xf7, 0xff, 0xbf, 0xf7, 0xff, 0xbf, 0xf7, 0xff, 0xbf, 0xf7, 0xff, 0xdf, 0xf7,
    0xff, 0xdf, 0xff, 0xff, 0x9e, 0xef, 0xff, 0xfc, 0xde, 0xff, 0x7a, 0xce, 0xff, 0x5a, 0xc6, 0xff,
    0x7a, 0xce, 0xff, 0x7a, 0xce, 0xff, 0x7a, 0xce, 0xff, 0x7a, 0xce, 0xff, 0x7a, 0xce, 0xff, 0x7a,
    0xce, 0xff, 0x7a, 0xce, 0xff, 0x7a, 0xce, 0xff, 0x7a, 0xce, 0xff, 0x7a, 0xce, 0xff, 0x7a, 0xce,
    0xff, 0x7a, 0xce, 0xff, 0x7a, 0xce, 0xff, 0x7a, 0xce, 0xff, 0x7a, 0xce, 0xff, 0x7a, 0xce, 0xff,
    0x7a, 0xce, 0xff, 0x7a, 0xce, 0xff, 0x7a, 0xce, 0xff, 0x7a, 0xce, 0xff, 0x7a, 0xce, 0xff, 0x7a,
    0xce, 0xff, 0x7a, 0xce, 0xff, 0x7a, 0xce, 0xff, 0x7a, 0xce, 0xff, 0x7a, 0xce, 0xff, 0x7a, 0xce,
    0xff, 0x7a, 0xce, 0xff, 0x7a, 0xce, 0xff, 0x7a, 0xce, 0xff, 0x7a, 0xce, 0xff, 0x7a, 0xce, 0xff,
    0x7a, 0xce, 0xff, 0x7a, 0xce, 0xff, 0x7a, 0xce, 0xff, 0x7a, 0xce, 0xff, 0x7a, 0xce, 0xff, 0x7a,
    0xce, 0xff, 0x7a, 0xce, 0xff, 0x7a, 0xce, 0xff, 0x7a, 0xce, 0xff, 0x7a, 0xce, 0xff, 0x7a, 0xce,
    0xff, 0x7a, 0xce, 0xff, 0x7a, 0xce, 0xff, 0x7a, 0xce, 0xff, 0x7a, 0xce, 0xff, 0x7a, 0xce, 0xff,
    0x7a, 0xce, 0xff, 0x7a, 0xce, 0xff, 0x7a, 0xce, 0xff, 0x7a, 0xce, 0xff, 0x7a, 0xce, 0xff, 0x7a,
    0xce, 0xff, 0x7a, 0xce, 0xff, 0x7a, 0xce, 0xff, 0x7a, 0xce, 0xff, 0x7a, 0xce, 0xff, 0x7a, 0xce,
    0xff, 0x7a, 0xce, 0xff, 0x7a, 0xce, 0xff, 0x7a, 0xce, 0xff, 0x7a, 0xce, 0xff, 0x7a, 0xce, 0xff,
    0x7a, 0xce, 0xff, 0x7a, 0xce, 0xff, 0x7a, 0xce, 0xff, 0x7a, 0xce, 0xff, 0x7a, 0xce, 0xff, 0x7a,
    0xce, 0xff, 0x7a, 0xce, 0xff, 0x7a, 0xce, 0xff, 0x7a, 0xce, 0xff, 0x7a, 0xce, 0xff, 0x7a, 0xce,
    0xff, 0x7a, 0xce, 0xff, 0x7a, 0xce, 0xff, 0x7a, 0xce, 0xff, 0x7a, 0xce, 0xff, 0x7a, 0xce, 0xff,
    0x7a, 0xce, 0xff, 0x7a, 0xce, 0xff, 0x7a, 0xce, 0xff, 0x7a, 0xce, 0xff, 0x7a, 0xce, 0xff, 0x7a,
    0xce, 0xff, 0x7a, 0xce, 0xff, 0x7a, 0xce, 0xff, 0x7a, 0xce, 0xff, 0x7a, 0xce, 0xff, 0x7a, 0xce,
    0xff, 0x7a, 0xce, 0xff, 0x7a, 0xce, 0xff, 0x7a, 0xce, 0xff, 0x7a, 0xce, 0xff, 0x7a, 0xce, 0xff,
    0x7a, 0xce, 0xff, 0x7a, 0xce, 0xff, 0x7a, 0xce, 0xff, 0x7a, 0xce, 0xff, 0x7a, 0xce, 0xff, 0x7a,
    0xce, 0xff, 0x7a, 0xce, 0xff, 0x7a, 0xce, 0xff, 0x7a, 0xce, 0xff, 0x7a, 0xce, 0xff, 0x7a, 0xce,
    0xff, 0x7a, 0xce, 0xff, 0x7a, 0xce, 0xff, 0x7a, 0xce, 0xff, 0x7a, 0xce, 0xff, 0x7a, 0xce, 0xff,
    0x7a, 0xce, 0xff, 0x7a, 0xce, 0xff, 0x7a, 0xce, 0xff, 0x7a, 0xce, 0xff, 0x7a, 0xce, 0xff, 0x7a,
    0xce, 0xff, 0x7a, 0xc6, 0xff, 0x5a, 0xc6, 0xff, 0xbb, 0xd6, 0xff, 0x7e, 0xef, 0xff, 0xdf, 0xf7,
    0xff, 0xdf, 0xf7, 0xff, 0xbf, 0xf7, 0xff, 0xbf, 0xf7, 0xff, 0xbf, 0xf7, 0xff, 0xbf, 0xf7, 0xff,
    0xbf, 0xf7, 0xff, 0xbf, 0xf7, 0xff, 0xbf, 0xf7, 0xff, 0xbf, 0xf7, 0xff, 0xbf, 0xf7, 0xff, 0xbf,
    0xf7, 0xff, 0xbf, 0xf7, 0xff, 0xbf, 0xf7, 0xff, 0xbf, 0xf7, 0xff, 0xbf, 0xf7, 0xff, 0xbf, 0xf7,
    0xff, 0xbf, 0xf7, 0xff, 0xbf, 0xf7, 0xff, 0xbf, 0xf7, 0xff, 0xbf, 0xf7, 0xff, 0xbf, 0xf7, 0xff,
    0xbf, 0xf7, 0xff, 0xbf, 0xf7, 0xff, 0xbf, 0xf7, 0xff, 0xbf, 0xf7, 0xff, 0xbf, 0xf7, 0xff, 0xbf,
    0xf7, 0xff, 0xbf, 0xf7, 0xff, 0xbf, 0xf7, 0xff, 0xbf, 0xf7, 0xff, 0xbf, 0xf7, 0xff, 0xbf, 0xf7,
    0xff, 0xbf, 0xf7, 0xff, 0xbf, 0xf7, 0xff, 0xbf, 0xf7, 0xff, 0xbf, 0xf7, 0xff, 0xbf, 0xf7, 0xff,
    0xbf, 0xf7, 0xff, 0xbf, 0xf7, 0xff, 0xbf, 0xf7, 0xff, 0xbf, 0xf7, 0xff, 0xbf, 0xf7, 0xff, 0xbf,
    0xf7, 0xff, 0xbf, 0xf7, 0xff, 0xbf, 0xf7, 0xff, 0xbf, 0xf7, 0xff, 0xbf, 0xf7, 0xff, 0xbf, 0xf7,
    0xff, 0xbf, 0xf7, 0xff, 0xbf, 0xf7, 0xff, 0xbf, 0xf7, 0xff, 0xbf, 0xf7, 0xff, 0xbf, 0xf7, 0xff,
    0xdf, 0xf7, 0xff, 0xdf, 0xff, 0xff, 0x9e, 0xef, 0xff, 0xfc, 0xd6, 0xff, 0x7a, 0xc6, 0xff, 0x7a,
    0xc6, 0xff, 0x7a, 0xce, 0xff, 0x7a, 0xce, 0xff, 0x7a, 0xce, 0xff, 0x7a, 0xce, 0xff, 0x7a, 0xce,
    0xff, 0x7a, 0xce, 0xff, 0x7a, 0xce, 0xff, 0x7a, 0xce, 0xff, 0x7a, 0xce, 0xff, 0x7a, 0xce, 0xff,
    0x7a, 0xce, 0xff, 0x7a, 0xce, 0xff, 0x7a, 0xce, 0xff, 0x7a, 0xce, 0xff, 0x7a, 0xce, 0xff, 0x7a,
    0xce, 0xff, 0x7a, 0xce, 0xff, 0x7a, 0xce, 0xff, 0x7a, 0xce, 0xff, 0x7a, 0xce, 0xff, 0x7a, 0xce,
    0xff, 0x7a, 0xce, 0xff, 0x7a, 0xce, 0xff, 0x7a, 0xce, 0xff, 0x7a, 0xce, 0xff, 0x7a, 0xce, 0xff,
    0x7a, 0xce, 0xff, 0x7a, 0xce, 0xff, 0x7a, 0xce, 0xff, 0x7a, 0xce, 0xff, 0x7a, 0xce, 0xff, 0x7a,
    0xce, 0xff, 0x7a, 0xce, 0xff, 0x7a, 0xce, 0xff, 0x7a, 0xce, 0xff, 0x7a, 0xce, 0xff, 0x7a, 0xce,
    0xff, 0x7a, 0xce, 0xff, 0x7a, 0xce, 0xff, 0x7a, 0xce, 0xff, 0x7a, 0xce, 0xff, 0x7a, 0xce, 0xff,
    0x7a, 0xce, 0xff, 0x7a, 0xce, 0xff, 0x7a, 0xce, 0xff, 0x7a, 0xce, 0xff, 0x7a, 0xce, 0xff, 0x7a,
    0xce, 0xff, 0x7a, 0xce, 0xff, 0x7a, 0xce, 0xff, 0x7a, 0xce, 0xff, 0x7a, 0xce, 0xff, 0x7a, 0xce,
    0xff, 0x7a, 0xce, 0xff, 0x7a, 0xce, 0xff, 0x7a, 0xce, 0xff, 0x7a, 0xce, 0xff, 0x7a, 0xce, 0xff,
    0x7a, 0xce, 0xff, 0x7a, 0xce, 0xff, 0x7a, 0xce, 0xff, 0x7a, 0xce, 0xff, 0x7a, 0xce, 0xff, 0x7a,
    0xce, 0xff, 0x7a, 0xce, 0xff, 0x7a, 0xce, 0xff, 0x7a, 0xce, 0xff, 0x7a, 0xce, 0xff, 0x7a, 0xce,
    0xff, 0x7a, 0xce, 0xff, 0x7a, 0xce, 0xff, 0x7a, 0xce, 0xff, 0x7a, 0xce, 0xff, 0x7a, 0xce, 0xff,
    0x7a, 0xce, 0xff, 0x7a, 0xce, 0xff, 0x7a, 0xce, 0xff, 0x7a, 0xce, 0xff, 0x7a, 0xce, 0xff, 0x7a,
    0xce, 0xff, 0x7a, 0xce, 0xff, 0x7a, 0xce, 0xff, 0x7a, 0xce, 0xff, 0x7a, 0xce, 0xff, 0x7a, 0xce,
    0xff, 0x7a, 0xce, 0xff, 0x7a, 0xce, 0xff, 0x7a, 0xce, 0xff, 0x7a, 0xce, 0xff, 0x7a, 0xce, 0xff,
    0x7a, 0xce, 0xff, 0x7a, 0xce, 0xff, 0x7a, 0xce, 0xff, 0x7a, 0xce, 0xff, 0x7a, 0xce, 0xff, 0x7a,
    0xce, 0xff, 0x7a, 0xce, 0xff, 0x7a, 0xce, 0xff, 0x7a, 0xce, 0xff, 0x7a, 0xce, 0xff, 0x7a, 0xce,
    0xff, 0x7a, 0xce, 0xff, 0x7a, 0xce, 0xff, 0x7a, 0xce, 0xff, 0x7a, 0xce, 0xff, 0x7a, 0xce, 0xff,
    0x7a, 0xce, 0xff, 0x7a, 0xce, 0xff, 0x7a, 0xce, 0xff, 0x7a, 0xce, 0xff, 0x7a, 0xce, 0xff, 0x7a,
    0xce, 0xff, 0x7a, 0xce, 0xff, 0x7a, 0xce, 0xff, 0x7a, 0xce, 0xff, 0x5a, 0xc6, 0xff, 0x9b, 0xce,
    0xff, 0x3d, 0xe7, 0xff, 0xdf, 0xf7, 0xff, 0xdf, 0xf7, 0xff, 0xbf, 0xf7, 0xff, 0xbf, 0xf7, 0xff,
    0xbf, 0xf7, 0xff, 0xbf, 0xf7, 0xff, 0xbf, 0xf7, 0xff, 0xbf, 0xf7, 0xff, 0xbf, 0xf7, 0xff, 0xbf,
    0xf7, 0xff, 0xbf, 0xf7, 0xff, 0xbf, 0xf7, 0xff, 0xbf, 0xf7, 0xff, 0xbf, 0xf7, 0xff, 0xbf, 0xf7,
    0xff, 0xbf, 0xf7, 0xff, 0xbf, 0xf7, 0xff, 0xbf, 0xf7, 0xff, 0xbf, 0xf7, 0xff, 0xbf, 0xf7, 0xff,
    0xbf, 0xf7, 0xff, 0xbf, 0xf7, 0xff, 0xbf, 0xf7, 0xff, 0xbf, 0xf7, 0xff, 0xbf, 0xf7, 0xff, 0xbf,
    0xf7, 0xff, 0xbf, 0xf7, 0xff, 0xbf, 0xf7, 0xff, 0xbf, 0xf7, 0xff, 0xbf, 0xf7, 0xff, 0xbf, 0xf7,
    0xff, 0xbf, 0xf7, 0xff, 0xbf, 0xf7, 0xff, 0xbf, 0xf7, 0xff, 0xbf, 0xf7, 0xff, 0xbf, 0xf7, 0xff,
    0xbf, 0xf7, 0xff, 0xbf, 0xf7, 0xff, 0xbf, 0xf7, 0xff, 0xbf, 0xf7, 0xff, 0xbf, 0xf7, 0xff, 0xbf,
    0xf7, 0xff, 0xbf, 0xf7, 0xff, 0xbf, 0xf7, 0xff, 0xbf, 0xf7, 0xff, 0xbf, 0xf7, 0xff, 0xbf, 0xf7,
    0xff, 0xbf, 0xf7, 0xff, 0xbf, 0xf7, 0xff, 0xbf, 0xf7, 0xff, 0xbf, 0xf7, 0xff, 0xbf, 0xf7, 0xff,
    0xbf, 0xf7, 0xff, 0xbf, 0xf7, 0xff, 0xbf, 0xf7, 0xff, 0xbf, 0xf7, 0xff, 0xbf, 0xf7, 0xff, 0xbf,
    0xf7, 0xff, 0xdf, 0xf7, 0xff, 0xdf, 0xf7, 0xff, 0x7e, 0xef, 0xff, 0xbb, 0xce, 0xff, 0x5a, 0xc6,
    0xff, 0x7a, 0xce, 0xff, 0x7a, 0xce, 0xff, 0x7a, 0xce, 0xff, 0x7a, 0xce, 0xff, 0x7a, 0xce, 0xff,
    0x7a, 0xce, 0xff, 0x7a, 0xce, 0xff, 0x7a, 0xce, 0xff, 0x7a, 0xce, 0xff, 0x7a, 0xce, 0xff, 0x7a,
    0xce, 0xff, 0x7a, 0xce, 0xff, 0x7a, 0xce, 0xff, 0x7a, 0xce, 0xff, 0x7a, 0xce, 0xff, 0x7a, 0xce,
    0xff, 0x7a, 0xce, 0xff, 0x7a, 0xce, 0xff, 0x7a, 0xce, 0xff, 0x7a, 0xce, 0xff, 0x7a, 0xce, 0xff,
    0x7a, 0xce, 0xff, 0x7a, 0xce, 0xff, 0x7a, 0xce, 0xff, 0x7a, 0xce, 0xff, 0x7a, 0xce, 0xff, 0x7a,
    0xce, 0xff, 0x7a, 0xce, 0xff, 0x7a, 0xce, 0xff, 0x7a, 0xce, 0xff, 0x7a, 0xce, 0xff, 0x7a, 0xce,
    0xff, 0x7a, 0xce, 0xff, 0x7a, 0xce, 0xff, 0x7a, 0xce, 0xff, 0x7a, 0xce, 0xff, 0x7a, 0xce, 0xff,
    0x7a, 0xce, 0xff, 0x7a, 0xce, 0xff, 0x7a, 0xce, 0xff, 0x7a, 0xce, 0xff, 0x7a, 0xce, 0xff, 0x7a,
    0xce, 0xff, 0x7a, 0xce, 0xff, 0x7a, 0xce, 0xff, 0x7a, 0xce, 0xff, 0x7a, 0xce, 0xff, 0x7a, 0xce,
    0xff, 0x7a, 0xce, 0xff, 0x7a, 0xce, 0xff, 0x7a, 0xce, 0xff, 0x7a, 0xce, 0xff, 0x7a, 0xce, 0xff,
    0x7a, 0xce, 0xff, 0x7a, 0xce, 0xff, 0x7a, 0xce, 0xff, 0x7a, 0xce, 0xff, 0x7a, 0xce, 0xff, 0x7a,
    0xce, 0xff, 0x7a, 0xce, 0xff, 0x7a, 0xce, 0xff, 0x7a, 0xce, 0xff, 0x7a, 0xce, 0xff, 0x7a, 0xce,
    0xff, 0x7a, 0xce, 0xff, 0x7a, 0xce, 0xff, 0x7a, 0xce, 0xff, 0x7a, 0xce, 0xff, 0x7a, 0xce, 0xff,
    0x7a, 0xce, 0xff, 0x7a, 0xce, 0xff, 0x7a, 0xce, 0xff, 0x7a, 0xce, 0xff, 0x7a, 0xce, 0xff, 0x7a,
    0xce, 0xff, 0x7a, 0xce, 0xff, 0x7a, 0xce, 0xff, 0x7a, 0xce, 0xff, 0x7a, 0xce, 0xff, 0x7a, 0xce,
    0xff, 0x7a, 0xce, 0xff, 0x7a, 0xce, 0xff, 0x7a, 0xce, 0xff, 0x7a, 0xce, 0xff, 0x7a, 0xce, 0xff,
    0x7a, 0xce, 0xff, 0x7a, 0xce, 0xff, 0x7a, 0xce, 0xff, 0x7a, 0xce, 0xff, 0x7a, 0xce, 0xff, 0x7a,
    0xce, 0xff, 0x7a, 0xce, 0xff, 0x7a, 0xce, 0xff, 0x7a, 0xce, 0xff, 0x7a, 0xce, 0xff, 0x7a, 0xce,
    0xff, 0x7a, 0xce, 0xff, 0x7a, 0xce, 0xff, 0x7a, 0xce, 0xff, 0x7a, 0xce, 0xff, 0x7a, 0xce, 0xff,
    0x7a, 0xce, 0xff, 0x7a, 0xce, 0xff, 0x7a, 0xce, 0xff, 0x7a, 0xce, 0xff, 0x7a, 0xce, 0xff, 0x7a,
    0xce, 0xff, 0x7a, 0xce, 0xff, 0x7a, 0xce, 0xff, 0x7a, 0xce, 0xff, 0x7a, 0xce, 0xff, 0x7a, 0xce,
    0xff, 0x7a, 0xc6, 0xff, 0x5a, 0xc6, 0xff, 0xfc, 0xd6, 0xff, 0xbf, 0xf7, 0xff, 0xdf, 0xff, 0xff,
    0xbf, 0xf7, 0xff, 0xbf, 0xf7, 0xff, 0xbf, 0xf7, 0xff, 0xbf, 0xf7, 0xff, 0xbf, 0xf7, 0xff, 0xbf,
    0xf7, 0xff, 0xbf, 0xf7, 0xff, 0xbf, 0xf7, 0xff, 0xbf, 0xf7, 0xff, 0xbf, 0xf7, 0xff, 0xbf, 0xf7,
    0xff, 0xbf, 0xf7, 0xff, 0xbf, 0xf7, 0xff, 0xbf, 0xf7, 0xff, 0xbf, 0xf7, 0xff, 0xbf, 0xf7, 0xff,
    0xbf, 0xf7, 0xff, 0xbf, 0xf7, 0xff, 0xbf, 0xf7, 0xff, 0xbf, 0xf7, 0xff, 0xbf, 0xf7, 0xff, 0xbf,
    0xf7, 0xff, 0xbf, 0xf7, 0xff, 0xbf, 0xf7, 0xff, 0xbf, 0xf7, 0xff, 0xbf, 0xf7, 0xff, 0xbf, 0xf7,
    0xff, 0xbf, 0xf7, 0xff, 0xbf, 0xf7, 0xff, 0xbf, 0xf7, 0xff, 0xbf, 0xf7, 0xff, 0xbf, 0xf7, 0xff,
    0xbf, 0xf7, 0xff, 0xbf, 0xf7, 0xff, 0xbf, 0xf7, 0xff, 0xbf, 0xf7, 0xff, 0xbf, 0xf7, 0xff, 0xbf,
    0xf7, 0xff, 0xbf, 0xf7, 0xff, 0xbf, 0xf7, 0xff, 0xbf, 0xf7, 0xff, 0xbf, 0xf7, 0xff, 0xbf, 0xf7,
    0xff, 0xbf, 0xf7, 0xff, 0xbf, 0xf7, 0xff, 0xbf, 0xf7, 0xff, 0xbf, 0xf7, 0xff, 0xbf, 0xf7, 0xff,
    0xbf, 0xf7, 0xff, 0xbf, 0xf7, 0xff, 0xbf, 0xf7, 0xff, 0xbf, 0xf7, 0xff, 0xbf, 0xf7, 0xff, 0xbf,
    0xf7, 0xff, 0xbf, 0xf7, 0xff, 0xbf, 0xf7, 0xff, 0xbf, 0xf7, 0xff, 0xbf, 0xf7, 0xff, 0xbf, 0xf7,
    0xff, 0xbf, 0xf7, 0xff, 0xdf, 0xff, 0xff, 0xbf, 0xf7, 0xff, 0x1d, 0xdf, 0xff, 0x7a, 0xc6, 0xff,
    0x7a, 0xc6, 0xff, 0x7a, 0xce, 0xff, 0x7a, 0xce, 0xff, 0x7a, 0xce, 0xff, 0x7a, 0xce, 0xff, 0x7a,
    0xce, 0xff, 0x7a, 0xce, 0xff, 0x7a, 0xce, 0xff, 0x7a, 0xce, 0xff, 0x7a, 0xce, 0xff, 0x7a, 0xce,
    0xff, 0x7a, 0xce, 0xff, 0x7a, 0xce, 0xff, 0x7a, 0xce, 0xff, 0x7a, 0xce, 0xff, 0x7a, 0xce, 0xff,
    0x7a, 0xce, 0xff, 0x7a, 0xce, 0xff, 0x7a, 0xce, 0xff, 0x7a, 0xce, 0xff, 0x7a, 0xce, 0xff, 0x7a,
    0xce, 0xff, 0x7a, 0xce, 0xff, 0x7a, 0xce, 0xff, 0x7a, 0xce, 0xff, 0x7a, 0xce, 0xff, 0x7a, 0xce,
    0xff, 0x7a, 0xce, 0xff, 0x7a, 0xce, 0xff, 0x7a, 0xce, 0xff, 0x7a, 0xce, 0xff, 0x7a, 0xce, 0xff,
    0x7a, 0xce, 0xff, 0x7a, 0xce, 0xff, 0x7a, 0xce, 0xff, 0x7a, 0xce, 0xff, 0x7a, 0xce, 0xff, 0x7a,
    0xce, 0xff, 0x7a, 0xce, 0xff, 0x7a, 0xce, 0xff, 0x7a, 0xce, 0xff, 0x7a, 0xce, 0xff, 0x7a, 0xce,
    0xff, 0x7a, 0xce, 0xff, 0x7a, 0xce, 0xff, 0x7a, 0xce, 0xff, 0x7a, 0xce, 0xff, 0x7a, 0xce, 0xff,
    0x7a, 0xce, 0xff, 0x7a, 0xce, 0xff, 0x7a, 0xce, 0xff, 0x7a, 0xce, 0xff, 0x7a, 0xce, 0xff, 0x7a,
    0xce, 0xff, 0x7a, 0xce, 0xff, 0x7a, 0xce, 0xff, 0x7a, 0xce, 0xff, 0x7a, 0xce, 0xff, 0x7a, 0xce,
    0xff, 0x7a, 0xce, 0xff, 0x7a, 0xce, 0xff, 0x7a, 0xce, 0xff, 0x7a, 0xce, 0xff, 0x7a, 0xce, 0xff,
    0x7a, 0xce, 0xff, 0x7a, 0xce, 0xff, 0x7a, 0xce, 0xff, 0x7a, 0xce, 0xff, 0x7a, 0xce, 0xff, 0x7a,
    0xce, 0xff, 0x7a, 0xce, 0xff, 0x7a, 0xce, 0xff, 0x7a, 0xce, 0xff, 0x7a, 0xce, 0xff, 0x7a, 0xce,
    0xff, 0x7a, 0xce, 0xff, 0x7a, 0xce, 0xff, 0x7a, 0xce, 0xff, 0x7a, 0xce, 0xff, 0x7a, 0xce, 0xff,
    0x7a, 0xce, 0xff, 0x7a, 0xce, 0xff, 0x7a, 0xce, 0xff, 0x7a, 0xce, 0xff, 0x7a, 0xce, 0xff, 0x7a,
    0xce, 0xff, 0x7a, 0xce, 0xff, 0x7a, 0xce, 0xff, 0x7a, 0xce, 0xff, 0x7a, 0xce, 0xff, 0x7a, 0xce,
    0xff, 0x7a, 0xce, 0xff, 0x7a, 0xce, 0xff, 0x7a, 0xce, 0xff, 0x7a, 0xce, 0xff, 0x7a, 0xce, 0xff,
    0x7a, 0xce, 0xff, 0x7a, 0xce, 0xff, 0x7a, 0xce, 0xff, 0x7a, 0xce, 0xff, 0x7a, 0xce, 0xff, 0x7a,
    0xce, 0xff, 0x7a, 0xce, 0xff, 0x7a, 0xce, 0xff, 0x7a, 0xce, 0xff, 0x7a, 0xce, 0xff, 0x7a, 0xce,
    0xff, 0x7a, 0xce, 0xff, 0x7a, 0xce, 0xff, 0x7a, 0xce, 0xff, 0x7a, 0xc6, 0xff, 0x9b, 0xce, 0xff,
    0x5d, 0xe7, 0xff, 0xdf, 0xff, 0xff, 0xdf, 0xf7, 0xff, 0xbf, 0xf7, 0xff, 0xbf, 0xf7, 0xff, 0xbf,
    0xf7, 0xff, 0xbf, 0xf7, 0xff, 0xbf, 0xf7, 0xff, 0xbf, 0xf7, 0xff, 0xbf, 0xf7, 0xff, 0xbf, 0xf7,
    0xff, 0xbf, 0xf7, 0xff, 0xbf, 0xf7, 0xff, 0xbf, 0xf7, 0xff, 0xbf, 0xf7, 0xff, 0xbf, 0xf7, 0xff,
    0xbf, 0xf7, 0xff, 0xbf, 0xf7, 0xff, 0xbf, 0xf7, 0xff, 0xbf, 0xf7, 0xff, 0xbf, 0xf7, 0xff, 0xbf,
    0xf7, 0xff, 0xbf, 0xf7, 0xff, 0xbf, 0xf7, 0xff, 0xbf, 0xf7, 0xff, 0xbf, 0xf7, 0xff, 0xbf, 0xf7,
    0xff, 0xbf, 0xf7, 0xff, 0xbf, 0xf7, 0xff, 0xbf, 0xf7, 0xff, 0xbf, 0xf7, 0xff, 0xbf, 0xf7, 0xff,
    0xbf, 0xf7, 0xff, 0xbf, 0xf7, 0xff, 0xbf, 0xf7, 0xff, 0xbf, 0xf7, 0xff, 0xbf, 0xf7, 0xff, 0xbf,
    0xf7, 0xff, 0xbf, 0xf7, 0xff, 0xbf, 0xf7, 0xff, 0xbf, 0xf7, 0xff, 0xbf, 0xf7, 0xff, 0xbf, 0xf7,
    0xff, 0xbf, 0xf7, 0xff, 0xbf, 0xf7, 0xff, 0xbf, 0xf7, 0xff, 0xbf, 0xf7, 0xff, 0xbf, 0xf7, 0xff,
    0xbf, 0xf7, 0xff, 0xbf, 0xf7, 0xff, 0xbf, 0xf7, 0xff, 0xbf, 0xf7, 0xff, 0xbf, 0xf7, 0xff, 0xbf,
    0xf7, 0xff, 0xbf, 0xf7, 0xff, 0xbf, 0xf7, 0xff, 0xbf, 0xf7, 0xff, 0xbf, 0xf7, 0xff, 0xbf, 0xf7,
    0xff, 0xbf, 0xf7, 0xff, 0xbf, 0xf7, 0xff, 0xbf, 0xf7, 0xff, 0xbf, 0xf7, 0xff, 0xbf, 0xf7, 0xff,
    0xbf, 0xf7, 0xff, 0xbf, 0xf7, 0xff, 0xdf, 0xff, 0xff, 0x7e, 0xef, 0xff, 0xbb, 0xd6, 0xff, 0x5a,
    0xc6, 0xff, 0x7a, 0xce, 0xff, 0x7a, 0xce, 0xff, 0x7a, 0xce, 0xff, 0x7a, 0xce, 0xff, 0x7a, 0xce,
    0xff, 0x7a, 0xce, 0xff, 0x7a, 0xce, 0xff, 0x7a, 0xce, 0xff, 0x7a, 0xce, 0xff, 0x7a, 0xce, 0xff,
    0x7a, 0xce, 0xff, 0x7a, 0xce, 0xff, 0x7a, 0xce, 0xff, 0x7a, 0xce, 0xff, 0x7a, 0xce, 0xff, 0x7a,
    0xce, 0xff, 0x7a, 0xce, 0xff, 0x7a, 0xce, 0xff, 0x7a, 0xce, 0xff, 0x7a, 0xce, 0xff, 0x7a, 0xce,
    0xff, 0x7a, 0xce, 0xff, 0x7a, 0xce, 0xff, 0x7a, 0xce, 0xff, 0x7a, 0xce, 0xff, 0x7a, 0xce, 0xff,
    0x7a, 0xce, 0xff, 0x7a, 0xce, 0xff, 0x7a, 0xce, 0xff, 0x7a, 0xce, 0xff, 0x7a, 0xce, 0xff, 0x7a,
    0xce, 0xff, 0x7a, 0xce, 0xff, 0x7a, 0xce, 0xff, 0x7a, 0xce, 0xff, 0x7a, 0xce, 0xff, 0x7a, 0xce,
    0xff, 0x7a, 0xce, 0xff, 0x7a, 0xce, 0xff, 0x7a, 0xce, 0xff, 0x7a, 0xce, 0xff, 0x7a, 0xce, 0xff,
    0x7a, 0xce, 0xff, 0x7a, 0xce, 0xff, 0x7a, 0xce, 0xff, 0x7a, 0xce, 0xff, 0x7a, 0xce, 0xff, 0x7a,
    0xce, 0xff, 0x7a, 0xce, 0xff, 0x7a, 0xce, 0xff, 0x7a, 0xce, 0xff, 0x7a, 0xce, 0xff, 0x7a, 0xce,
    0xff, 0x7a, 0xce, 0xff, 0x7a, 0xce, 0xff, 0x7a, 0xce, 0xff, 0x7a, 0xce, 0xff, 0x7a, 0xce, 0xff,
    0x7a, 0xce, 0xff, 0x7a, 0xce, 0xff, 0x7a, 0xce, 0xff, 0x7a, 0xce, 0xff, 0x7a, 0xce, 0xff, 0x7a,
    0xce, 0xff, 0x7a, 0xce, 0xff, 0x7a, 0xce, 0xff, 0x7a, 0xce, 0xff, 0x7a, 0xce, 0xff, 0x7a, 0xce,
    0xff, 0x7a, 0xce, 0xff, 0x7a, 0xce, 0xff, 0x7a, 0xce, 0xff, 0x7a, 0xce, 0xff, 0x7a, 0xce, 0xff,
    0x7a, 0xce, 0xff, 0x7a, 0xce, 0xff, 0x7a, 0xce, 0xff, 0x7a, 0xce, 0xff, 0x7a, 0xce, 0xff, 0x7a,
    0xce, 0xff, 0x7a, 0xce, 0xff, 0x7a, 0xce, 0xff, 0x7a, 0xce, 0xff, 0x7a, 0xce, 0xff, 0x7a, 0xce,
    0xff, 0x7a, 0xce, 0xff, 0x7a, 0xce, 0xff, 0x7a, 0xce, 0xff, 0x7a, 0xce, 0xff, 0x7a, 0xce, 0xff,
    0x7a, 0xce, 0xff, 0x7a, 0xce, 0xff, 0x7a, 0xce, 0xff, 0x7a, 0xce, 0xff, 0x7a, 0xce, 0xff, 0x7a,
    0xce, 0xff, 0x7a, 0xce, 0xff, 0x7a, 0xce, 0xff, 0x7a, 0xce, 0xff, 0x7a, 0xce, 0xff, 0x7a, 0xce,
    0xff, 0x7a, 0xce, 0xff, 0x7a, 0xce, 0xff, 0x7a, 0xce, 0xff, 0x7a, 0xce, 0xff, 0x7a, 0xce, 0xff,
    0x7a, 0xce, 0xff, 0x5a, 0xc6, 0xff, 0xdb, 0xd6, 0xff, 0xbf, 0xf7, 0xff, 0xdf, 0xff, 0xff, 0xbf,
    0xf7, 0xff, 0xbf, 0xf7, 0xff, 0xbf, 0xf7, 0xff, 0xbf, 0xf7, 0xff, 0xbf, 0xf7, 0xff, 0xbf, 0xf7,
    0xff, 0xbf, 0xf7, 0xff, 0xbf, 0xf7, 0xff, 0xbf, 0xf7, 0xff, 0xbf, 0xf7, 0xff, 0xbf, 0xf7, 0xff,
    0xbf, 0xf7, 0xff, 0xbf, 0xf7, 0xff, 0xbf, 0xf7, 0xff, 0xbf, 0xf7, 0xff, 0xbf, 0xf7, 0xff, 0xbf,
    0xf7, 0xff, 0xbf, 0xf7, 0xff, 0xbf, 0xf7, 0xff, 0xbf, 0xf7, 0xff, 0xbf, 0xf7, 0xff, 0xbf, 0xf7,
    0xff, 0xbf, 0xf7, 0xff, 0xbf, 0xf7, 0xff, 0xbf, 0xf7, 0xff, 0xbf, 0xf7, 0xff, 0xbf, 0xf7, 0xff,
    0xbf, 0xf7, 0xff, 0xbf, 0xf7, 0xff, 0xbf, 0xf7, 0xff, 0xbf, 0xf7, 0xff, 0xbf, 0xf7, 0xff, 0xbf,
    0xf7, 0xff, 0xbf, 0xf7, 0xff, 0xbf, 0xf7, 0xff, 0xbf, 0xf7, 0xff, 0xbf, 0xf7, 0xff, 0xbf, 0xf7,
    0xff, 0xbf, 0xf7, 0xff, 0xbf, 0xf7, 0xff, 0xbf, 0xf7, 0xff, 0xbf, 0xf7, 0xff, 0xbf, 0xf7, 0xff,
    0xbf, 0xf7, 0xff, 0xbf, 0xf7, 0xff, 0xbf, 0xf7, 0xff, 0xbf, 0xf7, 0xff, 0xbf, 0xf7, 0xff, 0xbf,
    0xf7, 0xff, 0xbf, 0xf7, 0xff, 0xbf, 0xf7, 0xff, 0xbf, 0xf7, 0xff, 0xbf, 0xf7, 0xff, 0xbf, 0xf7,
    0xff, 0xbf, 0xf7, 0xff, 0xbf, 0xf7, 0xff, 0xbf, 0xf7, 0xff, 0xbf, 0xf7, 0xff, 0xbf, 0xf7, 0xff,
    0xbf, 0xf7, 0xff, 0xbf, 0xf7, 0xff, 0xbf, 0xf7, 0xff, 0xbf, 0xf7, 0xff, 0xbf, 0xf7, 0xff, 0xbf,
    0xf7, 0xff, 0xbf, 0xf7, 0xff, 0xdf, 0xf7, 0xff, 0xdf, 0xf7, 0xff, 0x1c, 0xdf, 0xff, 0x7a, 0xc6,
    0xff, 0x7a, 0xc6, 0xff, 0x7a, 0xce, 0xff, 0x7a, 0xce, 0xff, 0x7a, 0xce, 0xff, 0x7a, 0xce, 0xff,
    0x7a, 0xce, 0xff, 0x7a, 0xce, 0xff, 0x7a, 0xce, 0xff, 0x7a, 0xce, 0xff, 0x7a, 0xce, 0xff, 0x7a,
    0xce, 0xff, 0x7a, 0xce, 0xff, 0x7a, 0xce, 0xff, 0x7a, 0xce, 0xff, 0x7a, 0xce, 0xff, 0x7a, 0xce,
    0xff, 0x7a, 0xce, 0xff, 0x7a, 0xce, 0xff, 0x7a, 0xce, 0xff, 0x7a, 0xce, 0xff, 0x7a, 0xce, 0xff,
    0x7a, 0xce, 0xff, 0x7a, 0xce, 0xff, 0x7a, 0xce, 0xff, 0x7a, 0xce, 0xff, 0x7a, 0xce, 0xff, 0x7a,
    0xce, 0xff, 0x7a, 0xce, 0xff, 0x7a, 0xce, 0xff, 0x7a, 0xce, 0xff, 0x7a, 0xce, 0xff, 0x7a, 0xce,
    0xff, 0x7a, 0xce, 0xff, 0x7a, 0xce, 0xff, 0x7a, 0xce, 0xff, 0x7a, 0xce, 0xff, 0x7a, 0xce, 0xff,
    0x7a, 0xce, 0xff, 0x7a, 0xce, 0xff, 0x7a, 0xce, 0xff, 0x7a, 0xce, 0xff, 0x7a, 0xce, 0xff, 0x7a,
    0xce, 0xff, 0x7a, 0xce, 0xff, 0x7a, 0xce, 0xff, 0x7a, 0xce, 0xff, 0x7a, 0xce, 0xff, 0x7a, 0xce,
    0xff, 0x7a, 0xce, 0xff, 0x7a, 0xce, 0xff, 0x7a, 0xce, 0xff, 0x7a, 0xce, 0xff, 0x7a, 0xce, 0xff,
    0x7a, 0xce, 0xff, 0x7a, 0xce, 0xff, 0x7a, 0xce, 0xff, 0x7a, 0xce, 0xff, 0x7a, 0xce, 0xff, 0x7a,
    0xce, 0xff, 0x7a, 0xce, 0xff, 0x7a, 0xce, 0xff, 0x7a, 0xce, 0xff, 0x7a, 0xce, 0xff, 0x7a, 0xce,
    0xff, 0x7a, 0xce, 0xff, 0x7a, 0xce, 0xff, 0x7a, 0xce, 0xff, 0x7a, 0xce, 0xff, 0x7a, 0xce, 0xff,
    0x7a, 0xce, 0xff, 0x7a, 0xce, 0xff, 0x7a, 0xce, 0xff, 0x7a, 0xce, 0xff, 0x7a, 0xce, 0xff, 0x7a,
    0xce, 0xff, 0x7a, 0xce, 0xff, 0x7a, 0xce, 0xff, 0x7a, 0xce, 0xff, 0x7a, 0xce, 0xff, 0x7a, 0xce,
    0xff, 0x7a, 0xce, 0xff, 0x7a, 0xce, 0xff, 0x7a, 0xce, 0xff, 0x7a, 0xce, 0xff, 0x7a, 0xce, 0xff,
    0x7a, 0xce, 0xff, 0x7a, 0xce, 0xff, 0x7a, 0xce, 0xff, 0x7a, 0xce, 0xff, 0x7a, 0xce, 0xff, 0x7a,
    0xce, 0xff, 0x7a, 0xce, 0xff, 0x7a, 0xce, 0xff, 0x7a, 0xce, 0xff, 0x7a, 0xce, 0xff, 0x7a, 0xce,
    0xff, 0x7a, 0xce, 0xff, 0x7a, 0xce, 0xff, 0x7a, 0xce, 0xff, 0x7a, 0xce, 0xff, 0x7a, 0xce, 0xff,
    0x7a, 0xce, 0xff, 0x7a, 0xce, 0xff, 0x7a, 0xce, 0xff, 0x7a, 0xc6, 0xff, 0x7a, 0xc6, 0xff, 0x1d,
    0xdf, 0xff, 0xdf, 0xf7, 0xff, 0xdf, 0xf7, 0xff, 0xbf, 0xf7, 0xff, 0xbf, 0xf7, 0xff, 0xbf, 0xf7,
    0xff, 0xbf, 0xf7, 0xff, 0xbf, 0xf7, 0xff, 0xbf, 0xf7, 0xff, 0xbf, 0xf7, 0xff, 0xbf, 0xf7, 0xff,
    0xbf, 0xf7, 0xff, 0xbf, 0xf7, 0xff, 0xbf, 0xf7, 0xff, 0xbf, 0xf7, 0xff, 0xbf, 0xf7, 0xff, 0xbf,
    0xf7, 0xff, 0xbf, 0xf7, 0xff, 0xbf, 0xf7, 0xff, 0xbf, 0xf7, 0xff, 0xbf, 0xf7, 0xff, 0xbf, 0xf7,
    0xff, 0xbf, 0xf7, 0xff, 0xbf, 0xf7, 0xff, 0xbf, 0xf7, 0xff, 0xbf, 0xf7, 0xff, 0xbf, 0xf7, 0xff,
    0xbf, 0xf7, 0xff, 0xbf, 0xf7, 0xff, 0xbf, 0xf7, 0xff, 0xbf, 0xf7, 0xff, 0xbf, 0xf7, 0xff, 0xbf,
    0xf7, 0xff, 0xbf, 0xf7, 0xff, 0xbf, 0xf7, 0xff, 0xbf, 0xf7, 0xff, 0xbf, 0xf7, 0xff, 0xbf, 0xf7,
    0xff, 0xbf, 0xf7, 0xff, 0xbf, 0xf7, 0xff, 0xbf, 0xf7, 0xff, 0xbf, 0xf7, 0xff, 0xbf, 0xf7, 0xff,
    0xbf, 0xf7, 0xff, 0xbf, 0xf7, 0xff, 0xbf, 0xf7, 0xff, 0xbf, 0xf7, 0xff, 0xbf, 0xf7, 0xff, 0xbf,
    0xf7, 0xff, 0xbf, 0xf7, 0xff, 0xbf, 0xf7, 0xff, 0xbf, 0xf7, 0xff, 0xbf, 0xf7, 0xff, 0xbf, 0xf7,
    0xff, 0xbf, 0xf7, 0xff, 0xbf, 0xf7, 0xff, 0xbf, 0xf7, 0xff, 0xbf, 0xf7, 0xff, 0xbf, 0xf7, 0xff,
    0xbf, 0xf7, 0xff, 0xbf, 0xf7, 0xff, 0xbf, 0xf7, 0xff, 0xbf, 0xf7, 0xff, 0xbf, 0xf7, 0xff, 0xbf,
    0xf7, 0xff, 0xbf, 0xf7, 0xff, 0xbf, 0xf7, 0xff, 0xbf, 0xf7, 0xff, 0xbf, 0xf7, 0xff, 0xbf, 0xf7,
    0xff, 0xbf, 0xf7, 0xff, 0xbf, 0xf7, 0xff, 0xdf, 0xff, 0xff, 0x5d, 0xe7, 0xff, 0x9a, 0xce, 0xff,
    0x7a, 0xc6, 0xff, 0x7a, 0xce, 0xff, 0x7a, 0xce, 0xff, 0x7a, 0xce, 0xff, 0x7a, 0xce, 0xff, 0x7a,
    0xce, 0xff, 0x7a, 0xce, 0xff, 0x7a, 0xce, 0xff, 0x7a, 0xce, 0xff, 0x7a, 0xce, 0xff, 0x7a, 0xce,
    0xff, 0x7a, 0xce, 0xff, 0x7a, 0xce, 0xff, 0x7a, 0xce, 0xff, 0x7a, 0xce, 0xff, 0x7a, 0xce, 0xff,
    0x7a, 0xce, 0xff, 0x7a, 0xce, 0xff, 0x7a, 0xce, 0xff, 0x7a, 0xce, 0xff, 0x7a, 0xce, 0xff, 0x7a,
    0xce, 0xff, 0x7a, 0xce, 0xff, 0x7a, 0xce, 0xff, 0x7a, 0xce, 0xff, 0x7a, 0xce, 0xff, 0x7a, 0xce,
    0xff, 0x7a, 0xce, 0xff, 0x7a, 0xce, 0xff, 0x7a, 0xce, 0xff, 0x7a, 0xce, 0xff, 0x7a, 0xce, 0xff,
    0x7a, 0xce, 0xff, 0x7a, 0xce, 0xff, 0x7a, 0xce, 0xff, 0x7a, 0xce, 0xff, 0x7a, 0xce, 0xff, 0x7a,
    0xce, 0xff, 0x7a, 0xce, 0xff, 0x7a, 0xce, 0xff, 0x7a, 0xce, 0xff, 0x7a, 0xce, 0xff, 0x7a, 0xce,
    0xff, 0x7a, 0xce, 0xff, 0x7a, 0xce, 0xff, 0x7a, 0xce, 0xff, 0x7a, 0xce, 0xff, 0x7a, 0xce, 0xff,
    0x7a, 0xce, 0xff, 0x7a, 0xce, 0xff, 0x7a, 0xce, 0xff, 0x7a, 0xce, 0xff, 0x7a, 0xce, 0xff, 0x7a,
    0xce, 0xff, 0x7a, 0xce, 0xff, 0x7a, 0xce, 0xff, 0x7a, 0xce, 0xff, 0x7a, 0xce, 0xff, 0x7a, 0xce,
    0xff, 0x7a, 0xce, 0xff, 0x7a, 0xce, 0xff, 0x7a, 0xce, 0xff, 0x7a, 0xce, 0xff, 0x7a, 0xce, 0xff,
    0x7a, 0xce, 0xff, 0x7a, 0xce, 0xff, 0x7a, 0xce, 0xff, 0x7a, 0xce, 0xff, 0x7a, 0xce, 0xff, 0x7a,
    0xce, 0xff, 0x7a, 0xce, 0xff, 0x7a, 0xce, 0xff, 0x7a, 0xce, 0xff, 0x7a, 0xce, 0xff, 0x7a, 0xce,
    0xff, 0x7a, 0xce, 0xff, 0x7a, 0xce, 0xff, 0x7a, 0xce, 0xff, 0x7a, 0xce, 0xff, 0x7a, 0xce, 0xff,
    0x7a, 0xce, 0xff, 0x7a, 0xce, 0xff, 0x7a, 0xce, 0xff, 0x7a, 0xce, 0xff, 0x7a, 0xce, 0xff, 0x7a,
    0xce, 0xff, 0x7a, 0xce, 0xff, 0x7a, 0xce, 0xff, 0x7a, 0xce, 0xff, 0x7a, 0xce, 0xff, 0x7a, 0xce,
    0xff, 0x7a, 0xce, 0xff, 0x7a, 0xce, 0xff, 0x7a, 0xce, 0xff, 0x7a, 0xce, 0xff, 0x7a, 0xce, 0xff,
    0x7a, 0xce, 0xff, 0x7a, 0xce, 0xff, 0x7a, 0xce, 0xff, 0x7a, 0xce, 0xff, 0x7a, 0xce, 0xff, 0x7a,
    0xce, 0xff, 0x7a, 0xc6, 0xff, 0x9a, 0xce, 0xff, 0x7e, 0xef, 0xff, 0xdf, 0xff, 0xff, 0xbf, 0xf7,
    0xff, 0xbf, 0xf7, 0xff, 0xbf, 0xf7, 0xff, 0xbf, 0xf7, 0xff, 0xbf, 0xf7, 0xff, 0xbf, 0xf7, 0xff,
    0xbf, 0xf7, 0xff, 0xbf, 0xf7, 0xff, 0xbf, 0xf7, 0xff, 0xbf, 0xf7, 0xff, 0xbf, 0xf7, 0xff, 0xbf,
    0xf7, 0xff, 0xbf, 0xf7, 0xff, 0xbf, 0xf7, 0xff, 0xbf, 0xf7, 0xff, 0xbf, 0xf7, 0xff, 0xbf, 0xf7,
    0xff, 0xbf, 0xf7, 0xff, 0xbf, 0xf7, 0xff, 0xbf, 0xf7, 0xff, 0xbf, 0xf7, 0xff, 0xbf, 0xf7, 0xff,
    0xbf, 0xf7, 0xff, 0xbf, 0xf7, 0xff, 0xbf, 0xf7, 0xff, 0xbf, 0xf7, 0xff, 0xbf, 0xf7, 0xff, 0xbf,
    0xf7, 0xff, 0xbf, 0xf7, 0xff, 0xbf, 0xf7, 0xff, 0xbf, 0xf7, 0xff, 0xbf, 0xf7, 0xff, 0xbf, 0xf7,
    0xff, 0xbf, 0xf7, 0xff, 0xbf, 0xf7, 0xff, 0xbf, 0xf7, 0xff, 0xbf, 0xf7, 0xff, 0xbf, 0xf7, 0xff,
    0xbf, 0xf7, 0xff, 0xbf, 0xf7, 0xff, 0xbf, 0xf7, 0xff, 0xbf, 0xf7, 0xff, 0xbf, 0xf7, 0xff, 0xbf,
    0xf7, 0xff, 0xbf, 0xf7, 0xff, 0xbf, 0xf7, 0xff, 0xbf, 0xf7, 0xff, 0xbf, 0xf7, 0xff, 0xbf, 0xf7,
    0xff, 0xbf, 0xf7, 0xff, 0xbf, 0xf7, 0xff, 0xbf, 0xf7, 0xff, 0xbf, 0xf7, 0xff, 0xbf, 0xf7, 0xff,
    0xbf, 0xf7, 0xff, 0xbf, 0xf7, 0xff, 0xbf, 0xf7, 0xff, 0xbf, 0xf7, 0xff, 0xbf, 0xf7, 0xff, 0xbf,
    0xf7, 0xff, 0xbf, 0xf7, 0xff, 0xbf, 0xf7, 0xff, 0xbf, 0xf7, 0xff, 0xbf, 0xf7, 0xff, 0xbf, 0xf7,
    0xff, 0xbf, 0xf7, 0xff, 0xbf, 0xf7, 0xff, 0xbf, 0xf7, 0xff, 0xbf, 0xf7, 0xff, 0xbf, 0xf7, 0xff,
    0xbf, 0xf7, 0xff, 0xbf, 0xf7, 0xff, 0xdf, 0xff, 0xff, 0x9e, 0xf7, 0xff, 0xbb, 0xd6, 0xff, 0x5a,
    0xc6, 0xff, 0x7a, 0xce, 0xff, 0x7a, 0xce, 0xff, 0x7a, 0xce, 0xff, 0x7a, 0xce, 0xff, 0x7a, 0xce,
    0xff, 0x7a, 0xce, 0xff, 0x7a, 0xce, 0xff, 0x7a, 0xce, 0xff, 0x7a, 0xce, 0xff, 0x7a, 0xce, 0xff,
    0x7a, 0xce, 0xff, 0x7a, 0xce, 0xff, 0x7a, 0xce, 0xff, 0x7a, 0xce, 0xff, 0x7a, 0xce, 0xff, 0x7a,
    0xce, 0xff, 0x7a, 0xce, 0xff, 0x7a, 0xce, 0xff, 0x7a, 0xce, 0xff, 0x7a, 0xce, 0xff, 0x7a, 0xce,
    0xff, 0x7a, 0xce, 0xff, 0x7a, 0xce, 0xff, 0x7a, 0xce, 0xff, 0x7a, 0xce, 0xff, 0x7a, 0xce, 0xff,
    0x7a, 0xce, 0xff, 0x7a, 0xce, 0xff, 0x7a, 0xce, 0xff, 0x7a, 0xce, 0xff, 0x7a, 0xce, 0xff, 0x7a,
    0xce, 0xff, 0x7a, 0xce, 0xff, 0x7a, 0xce, 0xff, 0x7a, 0xce, 0xff, 0x7a, 0xce, 0xff, 0x7a, 0xce,
    0xff, 0x7a, 0xce, 0xff, 0x7a, 0xce, 0xff, 0x7a, 0xce, 0xff, 0x7a, 0xce, 0xff, 0x7a, 0xce, 0xff,
    0x7a, 0xce, 0xff, 0x7a, 0xce, 0xff, 0x7a, 0xce, 0xff, 0x7a, 0xce, 0xff, 0x7a, 0xce, 0xff, 0x7a,
    0xce, 0xff, 0x7a, 0xce, 0xff, 0x7a, 0xce, 0xff, 0x7a, 0xce, 0xff, 0x7a, 0xce, 0xff, 0x7a, 0xce,
    0xff, 0x7a, 0xce, 0xff, 0x7a, 0xce, 0xff, 0x7a, 0xce, 0xff, 0x7a, 0xce, 0xff, 0x7a, 0xce, 0xff,
    0x7a, 0xce, 0xff, 0x7a, 0xce, 0xff, 0x7a, 0xce, 0xff, 0x7a, 0xce, 0xff, 0x7a, 0xce, 0xff, 0x7a,
    0xce, 0xff, 0x7a, 0xce, 0xff, 0x7a, 0xce, 0xff, 0x7a, 0xce, 0xff, 0x7a, 0xce, 0xff, 0x7a, 0xce,
    0xff, 0x7a, 0xce, 0xff, 0x7a, 0xce, 0xff, 0x7a, 0xce, 0xff, 0x7a, 0xce, 0xff, 0x7a, 0xce, 0xff,
    0x7a, 0xce, 0xff, 0x7a, 0xce, 0xff, 0x7a, 0xce, 0xff, 0x7a, 0xce, 0xff, 0x7a, 0xce, 0xff, 0x7a,
    0xce, 0xff, 0x7a, 0xce, 0xff, 0x7a, 0xce, 0xff, 0x7a, 0xce, 0xff, 0x7a, 0xce, 0xff, 0x7a, 0xce,
    0xff, 0x7a, 0xce, 0xff, 0x7a, 0xce, 0xff, 0x7a, 0xce, 0xff, 0x7a, 0xce, 0xff, 0x7a, 0xce, 0xff,
    0x7a, 0xce, 0xff, 0x7a, 0xce, 0xff, 0x7a, 0xce, 0xff, 0x7a, 0xce, 0xff, 0x7a, 0xce, 0xff, 0x7a,
    0xce, 0xff, 0x7a, 0xce, 0xff, 0x7a, 0xce, 0xff, 0x7a, 0xce, 0xff, 0x7a, 0xc6, 0xff, 0xbb, 0xce,
    0xff, 0x9e, 0xef, 0xff, 0xdf, 0xff, 0xff, 0xbf, 0xf7, 0xff, 0xbf, 0xf7, 0xff, 0xbf, 0xf7, 0xff,
    0xbf, 0xf7, 0xff, 0xbf, 0xf7, 0xff, 0xbf, 0xf7, 0xff, 0xbf, 0xf7, 0xff, 0xbf, 0xf7, 0xff, 0xbf,
    0xf7, 0xff, 0xbf, 0xf7, 0xff, 0xbf, 0xf7, 0xff, 0xbf, 0xf7, 0xff, 0xbf, 0xf7, 0xff, 0xbf, 0xf7,
    0xff, 0xbf, 0xf7, 0xff, 0xbf, 0xf7, 0xff, 0xbf, 0xf7, 0xff, 0xbf, 0xf7, 0xff, 0xbf, 0xf7, 0xff,
    0xbf, 0xf7, 0xff, 0xbf, 0xf7, 0xff, 0xbf, 0xf7, 0xff, 0xbf, 0xf7, 0xff, 0xbf, 0xf7, 0xff, 0xbf,
    0xf7, 0xff, 0xbf, 0xf7, 0xff, 0xbf, 0xf7, 0xff, 0xbf, 0xf7, 0xff, 0xbf, 0xf7, 0xff, 0xbf, 0xf7,
    0xff, 0xbf, 0xf7, 0xff, 0xbf, 0xf7, 0xff, 0xbf, 0xf7, 0xff, 0xbf, 0xf7, 0xff, 0xbf, 0xf7, 0xff,
    0xbf, 0xf7, 0xff, 0xbf, 0xf7, 0xff, 0xbf, 0xf7, 0xff, 0xbf, 0xf7, 0xff, 0xbf, 0xf7, 0xff, 0xbf,
    0xf7, 0xff, 0xbf, 0xf7, 0xff, 0xbf, 0xf7, 0xff, 0xbf, 0xf7, 0xff, 0xbf, 0xf7, 0xff, 0xbf, 0xf7,
    0xff, 0xbf, 0xf7, 0xff, 0xbf, 0xf7, 0xff, 0xbf, 0xf7, 0xff, 0xbf, 0xf7, 0xff, 0xbf, 0xf7, 0xff,
    0xbf, 0xf7, 0xff, 0xbf, 0xf7, 0xff, 0xbf, 0xf7, 0xff, 0xbf, 0xf7, 0xff, 0xbf, 0xf7, 0xff, 0xbf,
    0xf7, 0xff, 0xbf, 0xf7, 0xff, 0xbf, 0xf7, 0xff, 0xbf, 0xf7, 0xff, 0xbf, 0xf7, 0xff, 0xbf, 0xf7,
    0xff, 0xbf, 0xf7, 0xff, 0xbf, 0xf7, 0xff, 0xbf, 0xf7, 0xff, 0xbf, 0xf7, 0xff, 0xbf, 0xf7, 0xff,
    0xbf, 0xf7, 0xff, 0xbf, 0xf7, 0xff, 0xbf, 0xf7, 0xff, 0xbf, 0xf7, 0xff, 0xbf, 0xf7, 0xff, 0xbf,
    0xf7, 0xff, 0xbf, 0xf7, 0xff, 0xdf, 0xf7, 0xff, 0xbf, 0xf7, 0xff, 0xdc, 0xd6, 0xff, 0x5a, 0xc6,
    0xff, 0x7a, 0xce, 0xff, 0x7a, 0xce, 0xff, 0x7a, 0xce, 0xff, 0x7a, 0xce, 0xff, 0x7a, 0xce, 0xff,
    0x7a, 0xce, 0xff, 0x7a, 0xce, 0xff, 0x7a, 0xce, 0xff, 0x7a, 0xce, 0xff, 0x7a, 0xce, 0xff, 0x7a,
    0xce, 0xff, 0x7a, 0xce, 0xff, 0x7a, 0xce, 0xff, 0x7a, 0xce, 0xff, 0x7a, 0xce, 0xff, 0x7a, 0xce,
    0xff, 0x7a, 0xce, 0xff, 0x7a, 0xce, 0xff, 0x7a, 0xce, 0xff, 0x7a, 0xce, 0xff, 0x7a, 0xce, 0xff,
    0x7a, 0xce, 0xff, 0x7a, 0xce, 0xff, 0x7a, 0xce, 0xff, 0x7a, 0xce, 0xff, 0x7a, 0xce, 0xff, 0x7a,
    0xce, 0xff, 0x7a, 0xce, 0xff, 0x7a, 0xce, 0xff, 0x7a, 0xce, 0xff, 0x7a, 0xce, 0xff, 0x7a, 0xce,
    0xff, 0x7a, 0xce, 0xff, 0x7a, 0xce, 0xff, 0x7a, 0xce, 0xff, 0x7a, 0xce, 0xff, 0x7a, 0xce, 0xff,
    0x7a, 0xce, 0xff, 0x7a, 0xce, 0xff, 0x7a, 0xce, 0xff, 0x7a, 0xce, 0xff, 0x7a, 0xce, 0xff, 0x7a,
    0xce, 0xff, 0x7a, 0xce, 0xff, 0x7a, 0xce, 0xff, 0x7a, 0xce, 0xff, 0x7a, 0xce, 0xff, 0x7a, 0xce,
    0xff, 0x7a, 0xce, 0xff, 0x7a, 0xce, 0xff, 0x7a, 0xce, 0xff, 0x7a, 0xce, 0xff, 0x7a, 0xce, 0xff,
    0x7a, 0xce, 0xff, 0x7a, 0xce, 0xff, 0x7a, 0xce, 0xff, 0x7a, 0xce, 0xff, 0x7a, 0xce, 0xff, 0x7a,
    0xce, 0xff, 0x7a, 0xce, 0xff, 0x7a, 0xce, 0xff, 0x7a, 0xce, 0xff, 0x7a, 0xce, 0xff, 0x7a, 0xce,
    0xff, 0x7a, 0xce, 0xff, 0x7a, 0xce, 0xff, 0x7a, 0xce, 0xff, 0x7a, 0xce, 0xff, 0x7a, 0xce, 0xff,
    0x7a, 0xce, 0xff, 0x7a, 0xce, 0xff, 0x7a, 0xce, 0xff, 0x7a, 0xce, 0xff, 0x7a, 0xce, 0xff, 0x7a,
    0xce, 0xff, 0x7a, 0xce, 0xff, 0x7a, 0xce, 0xff, 0x7a, 0xce, 0xff, 0x7a, 0xce, 0xff, 0x7a, 0xce,
    0xff, 0x7a, 0xce, 0xff, 0x7a, 0xce, 0xff, 0x7a, 0xce, 0xff, 0x7a, 0xce, 0xff, 0x7a, 0xce, 0xff,
    0x7a, 0xce, 0xff, 0x7a, 0xce, 0xff, 0x7a, 0xce, 0xff, 0x7a, 0xce, 0xff, 0x7a, 0xce, 0xff, 0x7a,
    0xce, 0xff, 0x7a, 0xce, 0xff, 0x7a, 0xce, 0xff, 0x7a, 0xce, 0xff, 0x7a, 0xce, 0xff, 0x7a, 0xce,
    0xff, 0x7a, 0xce, 0xff, 0x5a, 0xc6, 0xff, 0xbb, 0xd6, 0xff, 0xbf, 0xf7, 0xff, 0xdf, 0xf7, 0xff,
    0xbf, 0xf7, 0xff, 0xbf, 0xf7, 0xff, 0xbf, 0xf7, 0xff, 0xbf, 0xf7, 0xff, 0xbf, 0xf7, 0xff, 0xbf,
    0xf7, 0xff, 0xbf, 0xf7, 0xff, 0xbf, 0xf7, 0xff, 0xbf, 0xf7, 0xff, 0xbf, 0xf7, 0xff, 0xbf, 0xf7,
    0xff, 0xbf, 0xf7, 0xff, 0xbf, 0xf7, 0xff, 0xbf, 0xf7, 0xff, 0xbf, 0xf7, 0xff, 0xbf, 0xf7, 0xff,
    0xbf, 0xf7, 0xff, 0xbf, 0xf7, 0xff, 0xbf, 0xf7, 0xff, 0xbf, 0xf7, 0xff, 0xbf, 0xf7, 0xff, 0xbf,
    0xf7, 0xff, 0xbf, 0xf7, 0xff, 0xbf, 0xf7, 0xff, 0xbf, 0xf7, 0xff, 0xbf, 0xf7, 0xff, 0xbf, 0xf7,
    0xff, 0xbf, 0xf7, 0xff, 0xbf, 0xf7, 0xff, 0xbf, 0xf7, 0xff, 0xbf, 0xf7, 0xff, 0xbf, 0xf7, 0xff,
    0xbf, 0xf7, 0xff, 0xbf, 0xf7, 0xff, 0xbf, 0xf7, 0xff, 0xbf, 0xf7, 0xff, 0xbf, 0xf7, 0xff, 0xbf,
    0xf7, 0xff, 0xbf, 0xf7, 0xff, 0xbf, 0xf7, 0xff, 0xbf, 0xf7, 0xff, 0xbf, 0xf7, 0xff, 0xbf, 0xf7,
    0xff, 0xbf, 0xf7, 0xff, 0xbf, 0xf7, 0xff, 0xbf, 0xf7, 0xff, 0xbf, 0xf7, 0xff, 0xbf, 0xf7, 0xff,
    0xbf, 0xf7, 0xff, 0xbf, 0xf7, 0xff, 0xbf, 0xf7, 0xff, 0xbf, 0xf7, 0xff, 0xbf, 0xf7, 0xff, 0xbf,
    0xf7, 0xff, 0xbf, 0xf7, 0xff, 0xbf, 0xf7, 0xff, 0xbf, 0xf7, 0xff, 0xbf, 0xf7, 0xff, 0xbf, 0xf7,
    0xff, 0xbf, 0xf7, 0xff, 0xbf, 0xf7, 0xff, 0xbf, 0xf7, 0xff, 0xbf, 0xf7, 0xff, 0xbf, 0xf7, 0xff,
    0xbf, 0xf7, 0xff, 0xbf, 0xf7, 0xff, 0xbf, 0xf7, 0xff, 0xbf, 0xf7, 0xff, 0xbf, 0xf7, 0xff, 0xbf,
    0xf7, 0xff, 0xbf, 0xf7, 0xff, 0xbf, 0xf7, 0xff, 0xbf, 0xf7, 0xff, 0xbf, 0xf7, 0xff, 0xbf, 0xf7,
    0xff, 0xbf, 0xf7, 0xff, 0xdf, 0xf7, 0xff, 0xdf, 0xff, 0xff, 0xfc, 0xde, 0xff, 0x5a, 0xc6, 0xff,
    0x7a, 0xce, 0xff, 0x7a, 0xce, 0xff, 0x7a, 0xce, 0xff, 0x7a, 0xce, 0xff, 0x7a, 0xce, 0xff, 0x7a,
    0xce, 0xff, 0x7a, 0xce, 0xff, 0x7a, 0xce, 0xff, 0x7a, 0xce, 0xff, 0x7a, 0xce, 0xff, 0x7a, 0xce,
    0xff, 0x7a, 0xce, 0xff, 0x7a, 0xce, 0xff, 0x7a, 0xce, 0xff, 0x7a, 0xce, 0xff, 0x7a, 0xce, 0xff,
    0x7a, 0xce, 0xff, 0x7a, 0xce, 0xff, 0x7a, 0xce, 0xff, 0x7a, 0xce, 0xff, 0x7a, 0xce, 0xff, 0x7a,
    0xce, 0xff, 0x7a, 0xce, 0xff, 0x7a, 0xce, 0xff, 0x7a, 0xce, 0xff, 0x7a, 0xce, 0xff, 0x7a, 0xce,
    0xff, 0x7a, 0xce, 0xff, 0x7a, 0xce, 0xff, 0x7a, 0xce, 0xff, 0x7a, 0xce, 0xff, 0x7a, 0xce, 0xff,
    0x7a, 0xce, 0xff, 0x7a, 0xce, 0xff, 0x7a, 0xce, 0xff, 0x7a, 0xce, 0xff, 0x7a, 0xce, 0xff, 0x7a,
    0xce, 0xff, 0x7a, 0xce, 0xff, 0x7a, 0xce, 0xff, 0x7a, 0xce, 0xff, 0x7a, 0xce, 0xff, 0x7a, 0xce,
    0xff, 0x7a, 0xce, 0xff, 0x7a, 0xce, 0xff, 0x7a, 0xce, 0xff, 0x7a, 0xce, 0xff, 0x7a, 0xce, 0xff,
    0x7a, 0xce, 0xff, 0x7a, 0xce, 0xff, 0x7a, 0xce, 0xff, 0x7a, 0xce, 0xff, 0x7a, 0xce, 0xff, 0x7a,
    0xce, 0xff, 0x7a, 0xce, 0xff, 0x7a, 0xce, 0xff, 0x7a, 0xce, 0xff, 0x7a, 0xce, 0xff, 0x7a, 0xce,
    0xff, 0x7a, 0xce, 0xff, 0x7a, 0xce, 0xff, 0x7a, 0xce, 0xff, 0x7a, 0xce, 0xff, 0x7a, 0xce, 0xff,
    0x7a, 0xce, 0xff, 0x7a, 0xce, 0xff, 0x7a, 0xce, 0xff, 0x7a, 0xce, 0xff, 0x7a, 0xce, 0xff, 0x7a,
    0xce, 0xff, 0x7a, 0xce, 0xff, 0x7a, 0xce, 0xff, 0x7a, 0xce, 0xff, 0x7a, 0xce, 0xff, 0x7a, 0xce,
    0xff, 0x7a, 0xce, 0xff, 0x7a, 0xce, 0xff, 0x7a, 0xce, 0xff, 0x7a, 0xce, 0xff, 0x7a, 0xce, 0xff,
    0x7a, 0xce, 0xff, 0x7a, 0xce, 0xff, 0x7a, 0xce, 0xff, 0x7a, 0xce, 0xff, 0x7a, 0xce, 0xff, 0x7a,
    0xce, 0xff, 0x7a, 0xce, 0xff, 0x7a, 0xce, 0xff, 0x7a, 0xce, 0xff, 0x7a, 0xce, 0xff, 0x7a, 0xce,
    0xff, 0x7a, 0xce, 0xff, 0x7a, 0xce, 0xff, 0x7a, 0xce, 0xff, 0x7a, 0xce, 0xff, 0x5a, 0xc6, 0xff,
    0xbb, 0xd6, 0xff, 0xbf, 0xf7, 0xff, 0xdf, 0xf7, 0xff, 0xbf, 0xf7, 0xff, 0xbf, 0xf7, 0xff, 0xbf,
    0xf7, 0xff, 0xbf, 0xf7, 0xff, 0xbf, 0xf7, 0xff, 0xbf, 0xf7, 0xff, 0xbf, 0xf7, 0xff, 0xbf, 0xf7,
    0xff, 0xbf, 0xf7, 0xff, 0xbf, 0xf7, 0xff, 0xbf, 0xf7, 0xff, 0xbf, 0xf7, 0xff, 0xbf, 0xf7, 0xff,
    0xbf, 0xf7, 0xff, 0xbf, 0xf7, 0xff, 0xbf, 0xf7, 0xff, 0xbf, 0xf7, 0xff, 0xbf, 0xf7, 0xff, 0xbf,
    0xf7, 0xff, 0xbf, 0xf7, 0xff, 0xbf, 0xf7, 0xff, 0xbf, 0xf7, 0xff, 0xbf, 0xf7, 0xff, 0xbf, 0xf7,
    0xff, 0xbf, 0xf7, 0xff, 0xbf, 0xf7, 0xff, 0xbf, 0xf7, 0xff, 0xbf, 0xf7, 0xff, 0xbf, 0xf7, 0xff,
    0xbf, 0xf7, 0xff, 0xbf, 0xf7, 0xff, 0xbf, 0xf7, 0xff, 0xbf, 0xf7, 0xff, 0xbf, 0xf7, 0xff, 0xbf,
    0xf7, 0xff, 0xbf, 0xf7, 0xff, 0xbf, 0xf7, 0xff, 0xbf, 0xf7, 0xff, 0xbf, 0xf7, 0xff, 0xbf, 0xf7,
    0xff, 0xbf, 0xf7, 0xff, 0xbf, 0xf7, 0xff, 0xbf, 0xf7, 0xff, 0xbf, 0xf7, 0xff, 0xbf, 0xf7, 0xff,
    0xbf, 0xf7, 0xff, 0xbf, 0xf7, 0xff, 0xbf, 0xf7, 0xff, 0xbf, 0xf7, 0xff, 0xbf, 0xf7, 0xff, 0xbf,
    0xf7, 0xff, 0xbf, 0xf7, 0xff, 0xbf, 0xf7, 0xff, 0xbf, 0xf7, 0xff, 0xbf, 0xf7, 0xff, 0xbf, 0xf7,
    0xff, 0xbf, 0xf7, 0xff, 0xbf, 0xf7, 0xff, 0xbf, 0xf7, 0xff, 0xbf, 0xf7, 0xff, 0xbf, 0xf7, 0xff,
    0xbf, 0xf7, 0xff, 0xbf, 0xf7, 0xff, 0xbf, 0xf7, 0xff, 0xbf, 0xf7, 0xff, 0xbf, 0xf7, 0xff, 0xbf,
    0xf7, 0xff, 0xbf, 0xf7, 0xff, 0xbf, 0xf7, 0xff, 0xbf, 0xf7, 0xff, 0xbf, 0xf7, 0xff, 0xbf, 0xf7,
    0xff, 0xbf, 0xf7, 0xff, 0xbf, 0xf7, 0xff, 0xbf, 0xf7, 0xff, 0xbf, 0xf7, 0xff, 0xbf, 0xf7, 0xff,
    0xbf, 0xf7, 0xff, 0xbf, 0xf7, 0xff, 0xdf, 0xf7, 0xff, 0xfc, 0xde, 0xff, 0x5a, 0xc6, 0xff, 0x7a,
    0xce, 0xff, 0x7a, 0xce, 0xff, 0x7a, 0xce, 0xff, 0x7a, 0xce, 0xff, 0x7a, 0xce, 0xff, 0x7a, 0xce,
    0xff, 0x7a, 0xce, 0xff, 0x7a, 0xce, 0xff, 0x7a, 0xce, 0xff, 0x7a, 0xce, 0xff, 0x7a, 0xce, 0xff,
    0x7a, 0xce, 0xff, 0x7a, 0xce, 0xff, 0x7a, 0xce, 0xff, 0x7a, 0xce, 0xff, 0x7a, 0xce, 0xff, 0x7a,
    0xce, 0xff, 0x7a, 0xce, 0xff, 0x7a, 0xce, 0xff, 0x7a, 0xce, 0xff, 0x7a, 0xce, 0xff, 0x7a, 0xce,
    0xff, 0x7a, 0xce, 0xff, 0x7a, 0xce, 0xff, 0x7a, 0xce, 0xff, 0x7a, 0xce, 0xff, 0x7a, 0xce, 0xff,
    0x7a, 0xce, 0xff, 0x7a, 0xce, 0xff, 0x7a, 0xce, 0xff, 0x7a, 0xce, 0xff, 0x7a, 0xce, 0xff, 0x7a,
    0xce, 0xff, 0x7a, 0xce, 0xff, 0x7a, 0xce, 0xff, 0x7a, 0xce, 0xff, 0x7a, 0xce, 0xff, 0x7a, 0xce,
    0xff, 0x7a, 0xce, 0xff, 0x7a, 0xce, 0xff, 0x7a, 0xce, 0xff, 0x7a, 0xce, 0xff, 0x7a, 0xce, 0xff,
    0x7a, 0xce, 0xff, 0x7a, 0xce, 0xff, 0x7a, 0xce, 0xff, 0x7a, 0xce, 0xff, 0x7a, 0xce, 0xff, 0x7a,
    0xce, 0xff, 0x7a, 0xce, 0xff, 0x7a, 0xce, 0xff, 0x7a, 0xce, 0xff, 0x7a, 0xce, 0xff, 0x7a, 0xce,
    0xff, 0x7a, 0xce, 0xff, 0x7a, 0xce, 0xff, 0x7a, 0xce, 0xff, 0x7a, 0xce, 0xff, 0x7a, 0xce, 0xff,
    0x7a, 0xce, 0xff, 0x7a, 0xce, 0xff, 0x7a, 0xce, 0xff, 0x7a, 0xce, 0xff, 0x7a, 0xce, 0xff, 0x7a,
    0xce, 0xff, 0x7a, 0xce, 0xff, 0x7a, 0xce, 0xff, 0x7a, 0xce, 0xff, 0x7a, 0xce, 0xff, 0x7a, 0xce,
    0xff, 0x7a, 0xce, 0xff, 0x7a, 0xce, 0xff, 0x7a, 0xce, 0xff, 0x7a, 0xce, 0xff, 0x7a, 0xce, 0xff,
    0x7a, 0xce, 0xff, 0x7a, 0xce, 0xff, 0x7a, 0xce, 0xff, 0x7a, 0xce, 0xff, 0x7a, 0xce, 0xff, 0x7a,
    0xce, 0xff, 0x7a, 0xce, 0xff, 0x7a, 0xce, 0xff, 0x7a, 0xce, 0xff, 0x7a, 0xce, 0xff, 0x7a, 0xce,
    0xff, 0x7a, 0xce, 0xff, 0x7a, 0xce, 0xff, 0x7a, 0xce, 0xff, 0x7a, 0xce, 0xff, 0x7a, 0xce, 0xff,
    0x7a, 0xce, 0xff, 0x7a, 0xce, 0xff, 0x5a, 0xc6, 0xff, 0xbb, 0xd6, 0xff, 0xbf, 0xf7, 0xff, 0xdf,
    0xf7, 0xff, 0xbf, 0xf7, 0xff, 0xbf, 0xf7, 0xff, 0xbf, 0xf7, 0xff, 0xbf, 0xf7, 0xff, 0xbf, 0xf7,
    0xff, 0xbf, 0xf7, 0xff, 0xbf, 0xf7, 0xff, 0xbf, 0xf7, 0xff, 0xbf, 0xf7, 0xff, 0xbf, 0xf7, 0xff,
    0xbf, 0xf7, 0xff, 0xbf, 0xf7, 0xff, 0xbf, 0xf7, 0xff, 0xbf, 0xf7, 0xff, 0xbf, 0xf7, 0xff, 0xbf,
    0xf7, 0xff, 0xbf, 0xf7, 0xff, 0xbf, 0xf7, 0xff, 0xbf, 0xf7, 0xff, 0xbf, 0xf7, 0xff, 0xbf, 0xf7,
    0xff, 0xbf, 0xf7, 0xff, 0xbf, 0xf7, 0xff, 0xbf, 0xf7, 0xff, 0xbf, 0xf7, 0xff, 0xbf, 0xf7, 0xff,
    0xbf, 0xf7, 0xff, 0xbf, 0xf7, 0xff, 0xbf, 0xf7, 0xff, 0xbf, 0xf7, 0xff, 0xbf, 0xf7, 0xff, 0xbf,
    0xf7, 0xff, 0xbf, 0xf7, 0xff, 0xbf, 0xf7, 0xff, 0xbf, 0xf7, 0xff, 0xbf, 0xf7, 0xff, 0xbf, 0xf7,
    0xff, 0xbf, 0xf7, 0xff, 0xbf, 0xf7, 0xff, 0xbf, 0xf7, 0xff, 0xbf, 0xf7, 0xff, 0xbf, 0xf7, 0xff,
    0xbf, 0xf7, 0xff, 0xbf, 0xf7, 0xff, 0xbf, 0xf7, 0xff, 0xbf, 0xf7, 0xff, 0xbf, 0xf7, 0xff, 0xbf,
    0xf7, 0xff, 0xbf, 0xf7, 0xff, 0xbf, 0xf7, 0xff, 0xbf, 0xf7, 0xff, 0xbf, 0xf7, 0xff, 0xbf, 0xf7,
    0xff, 0xbf, 0xf7, 0xff, 0xbf, 0xf7, 0xff, 0xbf, 0xf7, 0xff, 0xbf, 0xf7, 0xff, 0xbf, 0xf7, 0xff,
    0xbf, 0xf7, 0xff, 0xbf, 0xf7, 0xff, 0xbf, 0xf7, 0xff, 0xbf, 0xf7, 0xff, 0xbf, 0xf7, 0xff, 0xbf,
    0xf7, 0xff, 0xbf, 0xf7, 0xff, 0xbf, 0xf7, 0xff, 0xbf, 0xf7, 0xff, 0xbf, 0xf7, 0xff, 0xbf, 0xf7,
    0xff, 0xbf, 0xf7, 0xff, 0xbf, 0xf7, 0xff, 0xbf, 0xf7, 0xff, 0xbf, 0xf7, 0xff, 0xbf, 0xf7, 0xff,
    0xbf, 0xf7, 0xff, 0xbf, 0xf7, 0xff, 0xbf, 0xf7, 0xff, 0xbf, 0xf7, 0xff, 0xbf, 0xf7, 0xff, 0xbf,
    0xf7, 0xff, 0xbf, 0xf7, 0xff, 0xdf, 0xf7, 0xff, 0xfc, 0xde, 0xff, 0x5a, 0xc6, 0xff, 0x7a, 0xce,
    0xff, 0x7a, 0xce, 0xff, 0x7a, 0xce, 0xff, 0x7a, 0xce, 0xff, 0x7a, 0xce, 0xff, 0x7a, 0xce, 0xff,
    0x7a, 0xce, 0xff, 0x7a, 0xce, 0xff, 0x7a, 0xce, 0xff, 0x7a, 0xce, 0xff, 0x7a, 0xce, 0xff, 0x7a,
    0xce, 0xff, 0x7a, 0xce, 0xff, 0x7a, 0xce, 0xff, 0x7a, 0xce, 0xff, 0x7a, 0xce, 0xff, 0x7a, 0xce,
    0xff, 0x7a, 0xce, 0xff, 0x7a, 0xce, 0xff, 0x7a, 0xce, 0xff, 0x7a, 0xce, 0xff, 0x7a, 0xce, 0xff,
    0x7a, 0xce, 0xff, 0x7a, 0xce, 0xff, 0x7a, 0xce, 0xff, 0x7a, 0xce, 0xff, 0x7a, 0xce, 0xff, 0x7a,
    0xce, 0xff, 0x7a, 0xce, 0xff, 0x7a, 0xce, 0xff, 0x7a, 0xce, 0xff, 0x7a, 0xce, 0xff, 0x7a, 0xce,
    0xff, 0x7a, 0xce, 0xff, 0x7a, 0xce, 0xff, 0x7a, 0xce, 0xff, 0x7a, 0xce, 0xff, 0x7a, 0xce, 0xff,
    0x7a, 0xce, 0xff, 0x7a, 0xce, 0xff, 0x7a, 0xce, 0xff, 0x7a, 0xce, 0xff, 0x7a, 0xce, 0xff, 0x7a,
    0xce, 0xff, 0x7a, 0xce, 0xff, 0x7a, 0xce, 0xff, 0x7a, 0xce, 0xff, 0x7a, 0xce, 0xff, 0x7a, 0xce,
    0xff, 0x7a, 0xce, 0xff, 0x7a, 0xce, 0xff, 0x7a, 0xce, 0xff, 0x7a, 0xce, 0xff, 0x7a, 0xce, 0xff,
    0x7a, 0xce, 0xff, 0x7a, 0xce, 0xff, 0x7a, 0xce, 0xff, 0x7a, 0xce, 0xff, 0x7a, 0xce, 0xff, 0x7a,
    0xce, 0xff, 0x7a, 0xce, 0xff, 0x7a, 0xce, 0xff, 0x7a, 0xce, 0xff, 0x7a, 0xce, 0xff, 0x7a, 0xce,
    0xff, 0x7a, 0xce, 0xff, 0x7a, 0xce, 0xff, 0x7a, 0xce, 0xff, 0x7a, 0xce, 0xff, 0x7a, 0xce, 0xff,
    0x7a, 0xce, 0xff, 0x7a, 0xce, 0xff, 0x7a, 0xce, 0xff, 0x7a, 0xce, 0xff, 0x7a, 0xce, 0xff, 0x7a,
    0xce, 0xff, 0x7a, 0xce, 0xff, 0x7a, 0xce, 0xff, 0x7a, 0xce, 0xff, 0x7a, 0xce, 0xff, 0x7a, 0xce,
    0xff, 0x7a, 0xce, 0xff, 0x7a, 0xce, 0xff, 0x7a, 0xce, 0xff, 0x7a, 0xce, 0xff, 0x7a, 0xce, 0xff,
    0x7a, 0xce, 0xff, 0x7a, 0xce, 0xff, 0x7a, 0xce, 0xff, 0x7a, 0xce, 0xff, 0x7a, 0xce, 0xff, 0x5a,
    0xc6, 0xff, 0xbb, 0xd6, 0xff, 0xbf, 0xf7, 0xff, 0xdf, 0xf7, 0xff, 0xbf, 0xf7, 0xff, 0xbf, 0xf7,
    0xff, 0xbf, 0xf7, 0xff, 0xbf, 0xf7, 0xff, 0xbf, 0xf7, 0xff, 0xbf, 0xf7, 0xff, 0xbf, 0xf7, 0xff,
    0xbf, 0xf7, 0xff, 0xbf, 0xf7, 0xff, 0xbf, 0xf7, 0xff, 0xbf, 0xf7, 0xff, 0xbf, 0xf7, 0xff, 0xbf,
    0xf7, 0xff, 0xbf, 0xf7, 0xff, 0xbf, 0xf7, 0xff, 0xbf, 0xf7, 0xff, 0xbf, 0xf7, 0xff, 0xbf, 0xf7,
    0xff, 0xbf, 0xf7, 0xff, 0xbf, 0xf7, 0xff, 0xbf, 0xf7, 0xff, 0xbf, 0xf7, 0xff, 0xbf, 0xf7, 0xff,
    0xbf, 0xf7, 0xff, 0xbf, 0xf7, 0xff, 0xbf, 0xf7, 0xff, 0xbf, 0xf7, 0xff, 0xbf, 0xf7, 0xff, 0xbf,
    0xf7, 0xff, 0xbf, 0xf7, 0xff, 0xbf, 0xf7, 0xff, 0xbf, 0xf7, 0xff, 0xbf, 0xf7, 0xff, 0xbf, 0xf7,
    0xff, 0xbf, 0xf7, 0xff, 0xbf, 0xf7, 0xff, 0xbf, 0xf7, 0xff, 0xbf, 0xf7, 0xff, 0xbf, 0xf7, 0xff,
    0xbf, 0xf7, 0xff, 0xbf, 0xf7, 0xff, 0xbf, 0xf7, 0xff, 0xbf, 0xf7, 0xff, 0xbf, 0xf7, 0xff, 0xbf,
    0xf7, 0xff, 0xbf, 0xf7, 0xff, 0xbf, 0xf7, 0xff, 0xbf, 0xf7, 0xff, 0xbf, 0xf7, 0xff, 0xbf, 0xf7,
    0xff, 0xbf, 0xf7, 0xff, 0xbf, 0xf7, 0xff, 0xbf, 0xf7, 0xff, 0xbf, 0xf7, 0xff, 0xbf, 0xf7, 0xff,
    0xbf, 0xf7, 0xff, 0xbf, 0xf7, 0xff, 0xbf, 0xf7, 0xff, 0xbf, 0xf7, 0xff, 0xbf, 0xf7, 0xff, 0xbf,
    0xf7, 0xff, 0xbf, 0xf7, 0xff, 0xbf, 0xf7, 0xff, 0xbf, 0xf7, 0xff, 0xbf, 0xf7, 0xff, 0xbf, 0xf7,
    0xff, 0xbf, 0xf7, 0xff, 0xbf, 0xf7, 0xff, 0xbf, 0xf7, 0xff, 0xbf, 0xf7, 0xff, 0xbf, 0xf7, 0xff,
    0xbf, 0xf7, 0xff, 0xbf, 0xf7, 0xff, 0xbf, 0xf7, 0xff, 0xbf, 0xf7, 0xff, 0xbf, 0xf7, 0xff, 0xbf,
    0xf7, 0xff, 0xbf, 0xf7, 0xff, 0xbf, 0xf7, 0xff, 0xbf, 0xf7, 0xff, 0xbf, 0xf7, 0xff, 0xbf, 0xf7,
    0xff, 0xbf, 0xf7, 0xff, 0xdf, 0xf7, 0xff, 0xfc, 0xde, 0xff, 0x5a, 0xc6, 0xff, 0x7a, 0xce, 0xff,
    0x7a, 0xce, 0xff, 0x7a, 0xce, 0xff, 0x7a, 0xce, 0xff, 0x7a, 0xce, 0xff, 0x7a, 0xce, 0xff, 0x7a,
    0xce, 0xff, 0x7a, 0xce, 0xff, 0x7a, 0xce, 0xff, 0x7a, 0xce, 0xff, 0x7a, 0xce, 0xff, 0x7a, 0xce,
    0xff, 0x7a, 0xce, 0xff, 0x7a, 0xce, 0xff, 0x7a, 0xce, 0xff, 0x7a, 0xce, 0xff, 0x7a, 0xce, 0xff,
    0x7a, 0xce, 0xff, 0x7a, 0xce, 0xff, 0x7a, 0xce, 0xff, 0x7a, 0xce, 0xff, 0x7a, 0xce, 0xff, 0x7a,
    0xce, 0xff, 0x7a, 0xce, 0xff, 0x7a, 0xce, 0xff, 0x7a, 0xce, 0xff, 0x7a, 0xce, 0xff, 0x7a, 0xce,
    0xff, 0x7a, 0xce, 0xff, 0x7a, 0xce, 0xff, 0x7a, 0xce, 0xff, 0x7a, 0xce, 0xff, 0x7a, 0xce, 0xff,
    0x7a, 0xce, 0xff, 0x7a, 0xce, 0xff, 0x7a, 0xce, 0xff, 0x7a, 0xce, 0xff, 0x7a, 0xce, 0xff, 0x7a,
    0xce, 0xff, 0x7a, 0xce, 0xff, 0x7a, 0xce, 0xff, 0x7a, 0xce, 0xff, 0x7a, 0xce, 0xff, 0x7a, 0xce,
    0xff, 0x7a, 0xce, 0xff, 0x7a, 0xce, 0xff, 0x7a, 0xce, 0xff, 0x7a, 0xce, 0xff, 0x7a, 0xce, 0xff,
    0x7a, 0xce, 0xff, 0x7a, 0xce, 0xff, 0x7a, 0xce, 0xff, 0x7a, 0xce, 0xff, 0x7a, 0xce, 0xff, 0x7a,
    0xce, 0xff, 0x7a, 0xce, 0xff, 0x7a, 0xce, 0xff, 0x7a, 0xce, 0xff, 0x7a, 0xce, 0xff, 0x7a, 0xce,
    0xff, 0x7a, 0xce, 0xff, 0x7a, 0xce, 0xff, 0x7a, 0xce, 0xff, 0x7a, 0xce, 0xff, 0x7a, 0xce, 0xff,
    0x7a, 0xce, 0xff, 0x7a, 0xce, 0xff, 0x7a, 0xce, 0xff, 0x7a, 0xce, 0xff, 0x7a, 0xce, 0xff, 0x7a,
    0xce, 0xff, 0x7a, 0xce, 0xff, 0x7a, 0xce, 0xff, 0x7a, 0xce, 0xff, 0x7a, 0xce, 0xff, 0x7a, 0xce,
    0xff, 0x7a, 0xce, 0xff, 0x7a, 0xce, 0xff, 0x7a, 0xce, 0xff, 0x7a, 0xce, 0xff, 0x7a, 0xce, 0xff,
    0x7a, 0xce, 0xff, 0x7a, 0xce, 0xff, 0x7a, 0xce, 0xff, 0x7a, 0xce, 0xff, 0x7a, 0xce, 0xff, 0x7a,
    0xce, 0xff, 0x7a, 0xce, 0xff, 0x7a, 0xce, 0xff, 0x7a, 0xc6, 0xff, 0xbb, 0xd6, 0xff, 0xbf, 0xf7,
    0xff, 0xdf, 0xf7, 0xff, 0xbf, 0xf7, 0xff, 0xbf, 0xf7, 0xff, 0xbf, 0xf7, 0xff, 0xbf, 0xf7, 0xff,
    0xbf, 0xf7, 0xff, 0xbf, 0xf7, 0xff, 0xbf, 0xf7, 0xff, 0xbf, 0xf7, 0xff, 0xbf, 0xf7, 0xff, 0xbf,
    0xf7, 0xff, 0xbf, 0xf7, 0xff, 0xbf, 0xf7, 0xff, 0xbf, 0xf7, 0xff, 0xbf, 0xf7, 0xff, 0xbf, 0xf7,
    0xff, 0xbf, 0xf7, 0xff, 0xbf, 0xf7, 0xff, 0xbf, 0xf7, 0xff, 0xbf, 0xf7, 0xff, 0xbf, 0xf7, 0xff,
    0xbf, 0xf7, 0xff, 0xbf, 0xf7, 0xff, 0xbf, 0xf7, 0xff, 0xbf, 0xf7, 0xff, 0xbf, 0xf7, 0xff, 0xbf,
    0xf7, 0xff, 0xbf, 0xf7, 0xff, 0xbf, 0xf7, 0xff, 0xbf, 0xf7, 0xff, 0xbf, 0xf7, 0xff, 0xbf, 0xf7,
    0xff, 0xbf, 0xf7, 0xff, 0xbf, 0xf7, 0xff, 0xbf, 0xf7, 0xff, 0xbf, 0xf7, 0xff, 0xbf, 0xf7, 0xff,
    0xbf, 0xf7, 0xff, 0xbf, 0xf7, 0xff, 0xbf, 0xf7, 0xff, 0xbf, 0xf7, 0xff, 0xbf, 0xf7, 0xff, 0xbf,
    0xf7, 0xff, 0xbf, 0xf7, 0xff, 0xbf, 0xf7, 0xff, 0xbf, 0xf7, 0xff, 0xbf, 0xf7, 0xff, 0xbf, 0xf7,
    0xff, 0xbf, 0xf7, 0xff, 0xbf, 0xf7, 0xff, 0xbf, 0xf7, 0xff, 0xbf, 0xf7, 0xff, 0xbf, 0xf7, 0xff,
    0xbf, 0xf7, 0xff, 0xbf, 0xf7, 0xff, 0xbf, 0xf7, 0xff, 0xbf, 0xf7, 0xff, 0xbf, 0xf7, 0xff, 0xbf,
    0xf7, 0xff, 0xbf, 0xf7, 0xff, 0xbf, 0xf7, 0xff, 0xbf, 0xf7, 0xff, 0xbf, 0xf7, 0xff, 0xbf, 0xf7,
    0xff, 0xbf, 0xf7, 0xff, 0xbf, 0xf7, 0xff, 0xbf, 0xf7, 0xff, 0xbf, 0xf7, 0xff, 0xbf, 0xf7, 0xff,
    0xbf, 0xf7, 0xff, 0xbf, 0xf7, 0xff, 0xbf, 0xf7, 0xff, 0xbf, 0xf7, 0xff, 0xbf, 0xf7, 0xff, 0xbf,
    0xf7, 0xff, 0xbf, 0xf7, 0xff, 0xbf, 0xf7, 0xff, 0xbf, 0xf7, 0xff, 0xbf, 0xf7, 0xff, 0xbf, 0xf7,
    0xff, 0xbf, 0xf7, 0xff, 0xbf, 0xf7, 0xff, 0xbf, 0xf7, 0xff, 0xbf, 0xf7, 0xff, 0xbf, 0xf7, 0xff,
    0xbf, 0xf7, 0xff, 0xdf, 0xf7, 0xff, 0xfc, 0xde, 0xff, 0x5a, 0xc6, 0xff, 0x7a, 0xce, 0xff, 0x7a,
    0xce, 0xff, 0x7a, 0xce, 0xff, 0x7a, 0xce, 0xff, 0x7a, 0xce, 0xff, 0x7a, 0xce, 0xff, 0x7a, 0xce,
    0xff, 0x7a, 0xce, 0xff, 0x7a, 0xce, 0xff, 0x7a, 0xce, 0xff, 0x7a, 0xce, 0xff, 0x7a, 0xce, 0xff,
    0x7a, 0xce, 0xff, 0x7a, 0xce, 0xff, 0x7a, 0xce, 0xff, 0x7a, 0xce, 0xff, 0x7a, 0xce, 0xff, 0x7a,
    0xce, 0xff, 0x7a, 0xce, 0xff, 0x7a, 0xce, 0xff, 0x7a, 0xce, 0xff, 0x7a, 0xce, 0xff, 0x7a, 0xce,
    0xff, 0x7a, 0xce, 0xff, 0x7a, 0xce, 0xff, 0x7a, 0xce, 0xff, 0x7a, 0xce, 0xff, 0x7a, 0xce, 0xff,
    0x7a, 0xce, 0xff, 0x7a, 0xce, 0xff, 0x7a, 0xce, 0xff, 0x7a, 0xce, 0xff, 0x7a, 0xce, 0xff, 0x7a,
    0xce, 0xff, 0x7a, 0xce, 0xff, 0x7a, 0xce, 0xff, 0x7a, 0xce, 0xff, 0x7a, 0xce, 0xff, 0x7a, 0xce,
    0xff, 0x7a, 0xce, 0xff, 0x7a, 0xce, 0xff, 0x7a, 0xce, 0xff, 0x7a, 0xce, 0xff, 0x7a, 0xce, 0xff,
    0x7a, 0xce, 0xff, 0x7a, 0xce, 0xff, 0x7a, 0xce, 0xff, 0x7a, 0xce, 0xff, 0x7a, 0xce, 0xff, 0x7a,
    0xce, 0xff, 0x7a, 0xce, 0xff, 0x7a, 0xce, 0xff, 0x7a, 0xce, 0xff, 0x7a, 0xce, 0xff, 0x7a, 0xce,
    0xff, 0x7a, 0xce, 0xff, 0x7a, 0xce, 0xff, 0x7a, 0xce, 0xff, 0x7a, 0xce, 0xff, 0x7a, 0xce, 0xff,
    0x7a, 0xce, 0xff, 0x7a, 0xce, 0xff, 0x7a, 0xce, 0xff, 0x7a, 0xce, 0xff, 0x7a, 0xce, 0xff, 0x7a,
    0xce, 0xff, 0x7a, 0xce, 0xff, 0x7a, 0xce, 0xff, 0x7a, 0xce, 0xff, 0x7a, 0xce, 0xff, 0x7a, 0xce,
    0xff, 0x7a, 0xce, 0xff, 0x7a, 0xce, 0xff, 0x7a, 0xce, 0xff, 0x7a, 0xce, 0xff, 0x7a, 0xce, 0xff,
    0x7a, 0xce, 0xff, 0x7a, 0xce, 0xff, 0x7a, 0xce, 0xff, 0x7a, 0xce, 0xff, 0x7a, 0xce, 0xff, 0x7a,
    0xce, 0xff, 0x7a, 0xce, 0xff, 0x7a, 0xce, 0xff, 0x7a, 0xce, 0xff, 0x7a, 0xce, 0xff, 0x7a, 0xce,
    0xff, 0x7a, 0xc6, 0xff, 0xbb, 0xce, 0xff, 0xbf, 0xf7, 0xff, 0xdf, 0xf7, 0xff, 0xbf, 0xf7, 0xff,
    0xbf, 0xf7, 0xff, 0xbf, 0xf7, 0xff, 0xbf, 0xf7, 0xff, 0xbf, 0xf7, 0xff, 0xbf, 0xf7, 0xff, 0xbf,
    0xf7, 0xff, 0xbf, 0xf7, 0xff, 0xbf, 0xf7, 0xff, 0xbf, 0xf7, 0xff, 0xbf, 0xf7, 0xff, 0xbf, 0xf7,
    0xff, 0xbf, 0xf7, 0xff, 0xbf, 0xf7, 0xff, 0xbf, 0xf7, 0xff, 0xbf, 0xf7, 0xff, 0xbf, 0xf7, 0xff,
    0xbf, 0xf7, 0xff, 0xbf, 0xf7, 0xff, 0xbf, 0xf7, 0xff, 0xbf, 0xf7, 0xff, 0xbf, 0xf7, 0xff, 0xbf,
    0xf7, 0xff, 0xbf, 0xf7, 0xff, 0xbf, 0xf7, 0xff, 0xbf, 0xf7, 0xff, 0xbf, 0xf7, 0xff, 0xbf, 0xf7,
    0xff, 0xbf, 0xf7, 0xff, 0xbf, 0xf7, 0xff, 0xbf, 0xf7, 0xff, 0xbf, 0xf7, 0xff, 0xbf, 0xf7, 0xff,
    0xbf, 0xf7, 0xff, 0xbf, 0xf7, 0xff, 0xbf, 0xf7, 0xff, 0xbf, 0xf7, 0xff, 0xbf, 0xf7, 0xff, 0xbf,
    0xf7, 0xff, 0xbf, 0xf7, 0xff, 0xbf, 0xf7, 0xff, 0xbf, 0xf7, 0xff, 0xbf, 0xf7, 0xff, 0xbf, 0xf7,
    0xff, 0xbf, 0xf7, 0xff, 0xbf, 0xf7, 0xff, 0xbf, 0xf7, 0xff, 0xbf, 0xf7, 0xff, 0xbf, 0xf7, 0xff,
    0xbf, 0xf7, 0xff, 0xbf, 0xf7, 0xff, 0xbf, 0xf7, 0xff, 0xbf, 0xf7, 0xff, 0xbf, 0xf7, 0xff, 0xbf,
    0xf7, 0xff, 0xbf, 0xf7, 0xff, 0xbf, 0xf7, 0xff, 0xbf, 0xf7, 0xff, 0xbf, 0xf7, 0xff, 0xbf, 0xf7,
    0xff, 0xbf, 0xf7, 0xff, 0xbf, 0xf7, 0xff, 0xbf, 0xf7, 0xff, 0xbf, 0xf7, 0xff, 0xbf, 0xf7, 0xff,
    0xbf, 0xf7, 0xff, 0xbf, 0xf7, 0xff, 0xbf, 0xf7, 0xff, 0xbf, 0xf7, 0xff, 0xbf, 0xf7, 0xff, 0xbf,
    0xf7, 0xff, 0xbf, 0xf7, 0xff, 0xbf, 0xf7, 0xff, 0xbf, 0xf7, 0xff, 0xbf, 0xf7, 0xff, 0xbf, 0xf7,
    0xff, 0xbf, 0xf7, 0xff, 0xbf, 0xf7, 0xff, 0xbf, 0xf7, 0xff, 0xbf, 0xf7, 0xff, 0xbf, 0xf7, 0xff,
    0xbf, 0xf7, 0xff, 0xbf, 0xf7, 0xff, 0xbf, 0xf7, 0xff, 0xbf, 0xf7, 0xff, 0xbf, 0xf7, 0xff, 0xbf,
    0xf7, 0xff, 0xdf, 0xf7, 0xff, 0xfc, 0xde, 0xff, 0x5a, 0xc6, 0xff, 0x7a, 0xce, 0xff, 0x7a, 0xce,
    0xff, 0x7a, 0xce, 0xff, 0x7a, 0xce, 0xff, 0x7a, 0xce, 0xff, 0x7a, 0xce, 0xff, 0x7a, 0xce, 0xff,
    0x7a, 0xce, 0xff, 0x7a, 0xce, 0xff, 0x7a, 0xce, 0xff, 0x7a, 0xce, 0xff, 0x7a, 0xce, 0xff, 0x7a,
    0xce, 0xff, 0x7a, 0xce, 0xff, 0x7a, 0xce, 0xff, 0x7a, 0xce, 0xff, 0x7a, 0xce, 0xff, 0x7a, 0xce,
    0xff, 0x7a, 0xce, 0xff, 0x7a, 0xce, 0xff, 0x7a, 0xce, 0xff, 0x7a, 0xce, 0xff, 0x7a, 0xce, 0xff,
    0x7a, 0xce, 0xff, 0x7a, 0xce, 0xff, 0x7a, 0xce, 0xff, 0x7a, 0xce, 0xff, 0x7a, 0xce, 0xff, 0x7a,
    0xce, 0xff, 0x7a, 0xce, 0xff, 0x7a, 0xce, 0xff, 0x7a, 0xce, 0xff, 0x7a, 0xce, 0xff, 0x7a, 0xce,
    0xff, 0x7a, 0xce, 0xff, 0x7a, 0xce, 0xff, 0x7a, 0xce, 0xff, 0x7a, 0xce, 0xff, 0x7a, 0xce, 0xff,
    0x7a, 0xce, 0xff, 0x7a, 0xce, 0xff, 0x7a, 0xce, 0xff, 0x7a, 0xce, 0xff, 0x7a, 0xce, 0xff, 0x7a,
    0xce, 0xff, 0x7a, 0xce, 0xff, 0x7a, 0xce, 0xff, 0x7a, 0xce, 0xff, 0x7a, 0xce, 0xff, 0x7a, 0xce,
    0xff, 0x7a, 0xce, 0xff, 0x7a, 0xce, 0xff, 0x7a, 0xce, 0xff, 0x7a, 0xce, 0xff, 0x7a, 0xce, 0xff,
    0x7a, 0xce, 0xff, 0x7a, 0xce, 0xff, 0x7a, 0xce, 0xff, 0x7a, 0xce, 0xff, 0x7a, 0xce, 0xff, 0x7a,
    0xce, 0xff, 0x7a, 0xce, 0xff, 0x7a, 0xce, 0xff, 0x7a, 0xce, 0xff, 0x7a, 0xce, 0xff, 0x7a, 0xce,
    0xff, 0x7a, 0xce, 0xff, 0x7a, 0xce, 0xff, 0x7a, 0xce, 0xff, 0x7a, 0xce, 0xff, 0x7a, 0xce, 0xff,
    0x7a, 0xce, 0xff, 0x7a, 0xce, 0xff, 0x7a, 0xce, 0xff, 0x7a, 0xce, 0xff, 0x7a, 0xce, 0xff, 0x7a,
    0xce, 0xff, 0x7a, 0xce, 0xff, 0x7a, 0xce, 0xff, 0x7a, 0xce, 0xff, 0x7a, 0xce, 0xff, 0x7a, 0xce,
    0xff, 0x7a, 0xce, 0xff, 0x7a, 0xce, 0xff, 0x7a, 0xce, 0xff, 0x7a, 0xc6, 0xff, 0x9a, 0xce, 0xff,
    0x9e, 0xef, 0xff, 0xdf, 0xf7, 0xff, 0xbf, 0xf7, 0xff, 0xbf, 0xf7, 0xff, 0xbf, 0xf7, 0xff, 0xbf,
    0xf7, 0xff, 0xbf, 0xf7, 0xff, 0xbf, 0xf7, 0xff, 0xbf, 0xf7, 0xff, 0xbf, 0xf7, 0xff, 0xbf, 0xf7,
    0xff, 0xbf, 0xf7, 0xff, 0xbf, 0xf7, 0xff, 0xbf, 0xf7, 0xff, 0xbf, 0xf7, 0xff, 0xbf, 0xf7, 0xff,
    0xbf, 0xf7, 0xff, 0xbf, 0xf7, 0xff, 0xbf, 0xf7, 0xff, 0xbf, 0xf7, 0xff, 0xbf, 0xf7, 0xff, 0xbf,
    0xf7, 0xff, 0xbf, 0xf7, 0xff, 0xbf, 0xf7, 0xff, 0xbf, 0xf7, 0xff, 0xbf, 0xf7, 0xff, 0xbf, 0xf7,
    0xff, 0xbf, 0xf7, 0xff, 0xbf, 0xf7, 0xff, 0xbf, 0xf7, 0xff, 0xbf, 0xf7, 0xff, 0xbf, 0xf7, 0xff,
    0xbf, 0xf7, 0xff, 0xbf, 0xf7, 0xff, 0xbf, 0xf7, 0xff, 0xbf, 0xf7, 0xff, 0xbf, 0xf7, 0xff, 0xbf,
    0xf7, 0xff, 0xbf, 0xf7, 0xff, 0xbf, 0xf7, 0xff, 0xbf, 0xf7, 0xff, 0xbf, 0xf7, 0xff, 0xbf, 0xf7,
    0xff, 0xbf, 0xf7, 0xff, 0xbf, 0xf7, 0xff, 0xbf, 0xf7, 0xff, 0xbf, 0xf7, 0xff, 0xbf, 0xf7, 0xff,
    0xbf, 0xf7, 0xff, 0xbf, 0xf7, 0xff, 0xbf, 0xf7, 0xff, 0xbf, 0xf7, 0xff, 0xbf, 0xf7, 0xff, 0xbf,
    0xf7, 0xff, 0xbf, 0xf7, 0xff, 0xbf, 0xf7, 0xff, 0xbf, 0xf7, 0xff, 0xbf, 0xf7, 0xff, 0xbf, 0xf7,
    0xff, 0xbf, 0xf7, 0xff, 0xbf, 0xf7, 0xff, 0xbf, 0xf7, 0xff, 0xbf, 0xf7, 0xff, 0xbf, 0xf7, 0xff,
    0xbf, 0xf7, 0xff, 0xbf, 0xf7, 0xff, 0xbf, 0xf7, 0xff, 0xbf, 0xf7, 0xff, 0xbf, 0xf7, 0xff, 0xbf,
    0xf7, 0xff, 0xbf, 0xf7, 0xff, 0xbf, 0xf7, 0xff, 0xbf, 0xf7, 0xff, 0xbf, 0xf7, 0xff, 0xbf, 0xf7,
    0xff, 0xbf, 0xf7, 0xff, 0xbf, 0xf7, 0xff, 0xbf, 0xf7, 0xff, 0xbf, 0xf7, 0xff, 0xbf, 0xf7, 0xff,
    0xbf, 0xf7, 0xff, 0xbf, 0xf7, 0xff, 0xbf, 0xf7, 0xff, 0xbf, 0xf7, 0xff, 0xbf, 0xf7, 0xff, 0xbf,
    0xf7, 0xff, 0xbf, 0xf7, 0xff, 0xbf, 0xf7, 0xff, 0xbf, 0xf7, 0xff, 0xbf, 0xf7, 0xff, 0xdf, 0xf7,
    0xff, 0xbf, 0xf7, 0xff, 0xbb, 0xd6, 0xff, 0x7a, 0xc6, 0xff, 0x7a, 0xce, 0xff, 0x7a, 0xce, 0xff,
    0x7a, 0xce, 0xff, 0x7a, 0xce, 0xff, 0x7a, 0xce, 0xff, 0x7a, 0xce, 0xff, 0x7a, 0xce, 0xff, 0x7a,
    0xce, 0xff, 0x7a, 0xce, 0xff, 0x7a, 0xce, 0xff, 0x7a, 0xce, 0xff, 0x7a, 0xce, 0xff, 0x7a, 0xce,
    0xff, 0x7a, 0xce, 0xff, 0x7a, 0xce, 0xff, 0x7a, 0xce, 0xff, 0x7a, 0xce, 0xff, 0x7a, 0xce, 0xff,
    0x7a, 0xce, 0xff, 0x7a, 0xce, 0xff, 0x7a, 0xce, 0xff, 0x7a, 0xce, 0xff, 0x7a, 0xce, 0xff, 0x7a,
    0xce, 0xff, 0x7a, 0xce, 0xff, 0x7a, 0xce, 0xff, 0x7a, 0xce, 0xff, 0x7a, 0xce, 0xff, 0x7a, 0xce,
    0xff, 0x7a, 0xce, 0xff, 0x7a, 0xce, 0xff, 0x7a, 0xce, 0xff, 0x7a, 0xce, 0xff, 0x7a, 0xce, 0xff,
    0x7a, 0xce, 0xff, 0x7a, 0xce, 0xff, 0x7a, 0xce, 0xff, 0x7a, 0xce, 0xff, 0x7a, 0xce, 0xff, 0x7a,
    0xce, 0xff, 0x7a, 0xce, 0xff, 0x7a, 0xce, 0xff, 0x7a, 0xce, 0xff, 0x7a, 0xce, 0xff, 0x7a, 0xce,
    0xff, 0x7a, 0xce, 0xff, 0x7a, 0xce, 0xff, 0x7a, 0xce, 0xff, 0x7a, 0xce, 0xff, 0x7a, 0xce, 0xff,
    0x7a, 0xce, 0xff, 0x7a, 0xce, 0xff, 0x7a, 0xce, 0xff, 0x7a, 0xce, 0xff, 0x7a, 0xce, 0xff, 0x7a,
    0xce, 0xff, 0x7a, 0xce, 0xff, 0x7a, 0xce, 0xff, 0x7a, 0xce, 0xff, 0x7a, 0xce, 0xff, 0x7a, 0xce,
    0xff, 0x7a, 0xce, 0xff, 0x7a, 0xce, 0xff, 0x7a, 0xce, 0xff, 0x7a, 0xce, 0xff, 0x7a, 0xce, 0xff,
    0x7a, 0xce, 0xff, 0x7a, 0xce, 0xff, 0x7a, 0xce, 0xff, 0x7a, 0xce, 0xff, 0x7a, 0xce, 0xff, 0x7a,
    0xce, 0xff, 0x7a, 0xce, 0xff, 0x7a, 0xce, 0xff, 0x7a, 0xce, 0xff, 0x7a, 0xce, 0xff, 0x7a, 0xce,
    0xff, 0x7a, 0xce, 0xff, 0x7a, 0xce, 0xff, 0x7a, 0xce, 0xff, 0x7a, 0xce, 0xff, 0x7a, 0xce, 0xff,
    0x7a, 0xce, 0xff, 0x7a, 0xce, 0xff, 0x7a, 0xc6, 0xff, 0x7e, 0xef, 0xff, 0xdf, 0xff, 0xff, 0xbf,
    0xf7, 0xff, 0xbf, 0xf7, 0xff, 0xbf, 0xf7, 0xff, 0xbf, 0xf7, 0xff, 0xbf, 0xf7, 0xff, 0xbf, 0xf7,
    0xff, 0xbf, 0xf7, 0xff, 0xbf, 0xf7, 0xff, 0xbf, 0xf7, 0xff, 0xbf, 0xf7, 0xff, 0xbf, 0xf7, 0xff,
    0xbf, 0xf7, 0xff, 0xbf, 0xf7, 0xff, 0xbf, 0xf7, 0xff, 0xbf, 0xf7, 0xff, 0xbf, 0xf7, 0xff, 0xbf,
    0xf7, 0xff, 0xbf, 0xf7, 0xff, 0xbf, 0xf7, 0xff, 0xbf, 0xf7, 0xff, 0xbf, 0xf7, 0xff, 0xbf, 0xf7,
    0xff, 0xbf, 0xf7, 0xff, 0xbf, 0xf7, 0xff, 0xbf, 0xf7, 0xff, 0xbf, 0xf7, 0xff, 0xbf, 0xf7, 0xff,
    0xbf, 0xf7, 0xff, 0xbf, 0xf7, 0xff, 0xbf, 0xf7, 0xff, 0xbf, 0xf7, 0xff, 0xbf, 0xf7, 0xff, 0xbf,
    0xf7, 0xff, 0xbf, 0xf7, 0xff, 0xbf, 0xf7, 0xff, 0xbf, 0xf7, 0xff, 0xbf, 0xf7, 0xff, 0xbf, 0xf7,
    0xff, 0xbf, 0xf7, 0xff, 0xbf, 0xf7, 0xff, 0xbf, 0xf7, 0xff, 0xbf, 0xf7, 0xff, 0xbf, 0xf7, 0xff,
    0xbf, 0xf7, 0xff, 0xbf, 0xf7, 0xff, 0xbf, 0xf7, 0xff, 0xbf, 0xf7, 0xff, 0xbf, 0xf7, 0xff, 0xbf,
    0xf7, 0xff, 0xbf, 0xf7, 0xff, 0xbf, 0xf7, 0xff, 0xbf, 0xf7, 0xff, 0xbf, 0xf7, 0xff, 0xbf, 0xf7,
    0xff, 0xbf, 0xf7, 0xff, 0xbf, 0xf7, 0xff, 0xbf, 0xf7, 0xff, 0xbf, 0xf7, 0xff, 0xbf, 0xf7, 0xff,
    0xbf, 0xf7, 0xff, 0xbf, 0xf7, 0xff, 0xbf, 0xf7, 0xff, 0xbf, 0xf7, 0xff, 0xbf, 0xf7, 0xff, 0xbf,
    0xf7, 0xff, 0xbf, 0xf7, 0xff, 0xbf, 0xf7, 0xff, 0xbf, 0xf7, 0xff, 0xbf, 0xf7, 0xff, 0xbf, 0xf7,
    0xff, 0xbf, 0xf7, 0xff, 0xbf, 0xf7, 0xff, 0xbf, 0xf7, 0xff, 0xbf, 0xf7, 0xff, 0xbf, 0xf7, 0xff,
    0xbf, 0xf7, 0xff, 0xbf, 0xf7, 0xff, 0xbf, 0xf7, 0xff, 0xbf, 0xf7, 0xff, 0xbf, 0xf7, 0xff, 0xbf,
    0xf7, 0xff, 0xbf, 0xf7, 0xff, 0xbf, 0xf7, 0xff, 0xbf, 0xf7, 0xff, 0xbf, 0xf7, 0xff, 0xbf, 0xf7,
    0xff, 0xbf, 0xf7, 0xff, 0xbf, 0xf7, 0xff, 0xbf, 0xf7, 0xff, 0xbf, 0xf7, 0xff, 0xdf, 0xf7, 0xff,
    0xbf, 0xf7, 0xff, 0x9b, 0xce, 0xff, 0x7a, 0xc6, 0xff, 0x7a, 0xce, 0xff, 0x7a, 0xce, 0xff, 0x7a,
    0xce, 0xff, 0x7a, 0xce, 0xff, 0x7a, 0xce, 0xff, 0x7a, 0xce, 0xff, 0x7a, 0xce, 0xff, 0x7a, 0xce,
    0xff, 0x7a, 0xce, 0xff, 0x7a, 0xce, 0xff, 0x7a, 0xce, 0xff, 0x7a, 0xce, 0xff, 0x7a, 0xce, 0xff,
    0x7a, 0xce, 0xff, 0x7a, 0xce, 0xff, 0x7a, 0xce, 0xff, 0x7a, 0xce, 0xff, 0x7a, 0xce, 0xff, 0x7a,
    0xce, 0xff, 0x7a, 0xce, 0xff, 0x7a, 0xce, 0xff, 0x7a, 0xce, 0xff, 0x7a, 0xce, 0xff, 0x7a, 0xce,
    0xff, 0x7a, 0xce, 0xff, 0x7a, 0xce, 0xff, 0x7a, 0xce, 0xff, 0x7a, 0xce, 0xff, 0x7a, 0xce, 0xff,
    0x7a, 0xce, 0xff, 0x7a, 0xce, 0xff, 0x7a, 0xce, 0xff, 0x7a, 0xce, 0xff, 0x7a, 0xce, 0xff, 0x7a,
    0xce, 0xff, 0x7a, 0xce, 0xff, 0x7a, 0xce, 0xff, 0x7a, 0xce, 0xff, 0x7a, 0xce, 0xff, 0x7a, 0xce,
    0xff, 0x7a, 0xce, 0xff, 0x7a, 0xce, 0xff, 0x7a, 0xce, 0xff, 0x7a, 0xce, 0xff, 0x7a, 0xce, 0xff,
    0x7a, 0xce, 0xff, 0x7a, 0xce, 0xff, 0x7a, 0xce, 0xff, 0x7a, 0xce, 0xff, 0x7a, 0xce, 0xff, 0x7a,
    0xce, 0xff, 0x7a, 0xce, 0xff, 0x7a, 0xce, 0xff, 0x7a, 0xce, 0xff, 0x7a, 0xce, 0xff, 0x7a, 0xce,
    0xff, 0x7a, 0xce, 0xff, 0x7a, 0xce, 0xff, 0x7a, 0xce, 0xff, 0x7a, 0xce, 0xff, 0x7a, 0xce, 0xff,
    0x7a, 0xce, 0xff, 0x7a, 0xce, 0xff, 0x7a, 0xce, 0xff, 0x7a, 0xce, 0xff, 0x7a, 0xce, 0xff, 0x7a,
    0xce, 0xff, 0x7a, 0xce, 0xff, 0x7a, 0xce, 0xff, 0x7a, 0xce, 0xff, 0x7a, 0xce, 0xff, 0x7a, 0xce,
    0xff, 0x7a, 0xce, 0xff, 0x7a, 0xce, 0xff, 0x7a, 0xce, 0xff, 0x7a, 0xce, 0xff, 0x7a, 0xce, 0xff,
    0x7a, 0xce, 0xff, 0x7a, 0xce, 0xff, 0x7a, 0xce, 0xff, 0x7a, 0xce, 0xff, 0x7a, 0xce, 0xff, 0x5a,
    0xc6, 0xff, 0x1d, 0xdf, 0xff, 0xdf, 0xff, 0xff, 0xbf, 0xf7, 0xff, 0xbf, 0xf7, 0xff, 0xbf, 0xf7,
    0xff, 0xbf, 0xf7, 0xff, 0xbf, 0xf7, 0xff, 0xbf, 0xf7, 0xff, 0xbf, 0xf7, 0xff, 0xbf, 0xf7, 0xff,
    0xbf, 0xf7, 0xff, 0xbf, 0xf7, 0xff, 0xbf, 0xf7, 0xff, 0xbf, 0xf7, 0xff, 0xbf, 0xf7, 0xff, 0xbf,
    0xf7, 0xff, 0xbf, 0xf7, 0xff, 0xbf, 0xf7, 0xff, 0xbf, 0xf7, 0xff, 0xbf, 0xf7, 0xff, 0xbf, 0xf7,
    0xff, 0xbf, 0xf7, 0xff, 0xbf, 0xf7, 0xff, 0xbf, 0xf7, 0xff, 0xbf, 0xf7, 0xff, 0xbf, 0xf7, 0xff,
    0xbf, 0xf7, 0xff, 0xbf, 0xf7, 0xff, 0xbf, 0xf7, 0xff, 0xbf, 0xf7, 0xff, 0xbf, 0xf7, 0xff, 0xbf,
    0xf7, 0xff, 0xbf, 0xf7, 0xff, 0xbf, 0xf7, 0xff, 0xbf, 0xf7, 0xff, 0xbf, 0xf7, 0xff, 0xbf, 0xf7,
    0xff, 0xbf, 0xf7, 0xff, 0xbf, 0xf7, 0xff, 0xbf, 0xf7, 0xff, 0xbf, 0xf7, 0xff, 0xbf, 0xf7, 0xff,
    0xbf, 0xf7, 0xff, 0xbf, 0xf7, 0xff, 0xbf, 0xf7, 0xff, 0xbf, 0xf7, 0xff, 0xbf, 0xf7, 0xff, 0xbf,
    0xf7, 0xff, 0xbf, 0xf7, 0xff, 0xbf, 0xf7, 0xff, 0xbf, 0xf7, 0xff, 0xbf, 0xf7, 0xff, 0xbf, 0xf7,
    0xff, 0xbf, 0xf7, 0xff, 0xbf, 0xf7, 0xff, 0xbf, 0xf7, 0xff, 0xbf, 0xf7, 0xff, 0xbf, 0xf7, 0xff,
    0xbf, 0xf7, 0xff, 0xbf, 0xf7, 0xff, 0xbf, 0xf7, 0xff, 0xbf, 0xf7, 0xff, 0xbf, 0xf7, 0xff, 0xbf,
    0xf7, 0xff, 0xbf, 0xf7, 0xff, 0xbf, 0xf7, 0xff, 0xbf, 0xf7, 0xff, 0xbf, 0xf7, 0xff, 0xbf, 0xf7,
    0xff, 0xbf, 0xf7, 0xff, 0xbf, 0xf7, 0xff, 0xbf, 0xf7, 0xff, 0xbf, 0xf7, 0xff, 0xbf, 0xf7, 0xff,
    0xbf, 0xf7, 0xff, 0xbf, 0xf7, 0xff, 0xbf, 0xf7, 0xff, 0xbf, 0xf7, 0xff, 0xbf, 0xf7, 0xff, 0xbf,
    0xf7, 0xff, 0xbf, 0xf7, 0xff, 0xbf, 0xf7, 0xff, 0xbf, 0xf7, 0xff, 0xbf, 0xf7, 0xff, 0xbf, 0xf7,
    0xff, 0xbf, 0xf7, 0xff, 0xbf, 0xf7, 0xff, 0xbf, 0xf7, 0xff, 0xbf, 0xf7, 0xff, 0xbf, 0xf7, 0xff,
    0xbf, 0xf7, 0xff, 0xbf, 0xf7, 0xff, 0xbf, 0xf7, 0xff, 0xbf, 0xf7, 0xff, 0xdf, 0xf7, 0xff, 0x7e,
    0xef, 0xff, 0x7a, 0xc6, 0xff, 0x7a, 0xce, 0xff, 0x7a, 0xce, 0xff, 0x7a, 0xce, 0xff, 0x7a, 0xce,
    0xff, 0x7a, 0xce, 0xff, 0x7a, 0xce, 0xff, 0x7a, 0xce, 0xff, 0x7a, 0xce, 0xff, 0x7a, 0xce, 0xff,
    0x7a, 0xce, 0xff, 0x7a, 0xce, 0xff, 0x7a, 0xce, 0xff, 0x7a, 0xce, 0xff, 0x7a, 0xce, 0xff, 0x7a,
    0xce, 0xff, 0x7a, 0xce, 0xff, 0x7a, 0xce, 0xff, 0x7a, 0xce, 0xff, 0x7a, 0xce, 0xff, 0x7a, 0xce,
    0xff, 0x7a, 0xce, 0xff, 0x7a, 0xce, 0xff, 0x7a, 0xce, 0xff, 0x7a, 0xce, 0xff, 0x7a, 0xce, 0xff,
    0x7a, 0xce, 0xff, 0x7a, 0xce, 0xff, 0x7a, 0xce, 0xff, 0x7a, 0xce, 0xff, 0x7a, 0xce, 0xff, 0x7a,
    0xce, 0xff, 0x7a, 0xce, 0xff, 0x7a, 0xce, 0xff, 0x7a, 0xce, 0xff, 0x7a, 0xce, 0xff, 0x7a, 0xce,
    0xff, 0x7a, 0xce, 0xff, 0x7a, 0xce, 0xff, 0x7a, 0xce, 0xff, 0x7a, 0xce, 0xff, 0x7a, 0xce, 0xff,
    0x7a, 0xce, 0xff, 0x7a, 0xce, 0xff, 0x7a, 0xce, 0xff, 0x7a, 0xce, 0xff, 0x7a, 0xce, 0xff, 0x7a,
    0xce, 0xff, 0x7a, 0xce, 0xff, 0x7a, 0xce, 0xff, 0x7a, 0xce, 0xff, 0x7a, 0xce, 0xff, 0x7a, 0xce,
    0xff, 0x7a, 0xce, 0xff, 0x7a, 0xce, 0xff, 0x7a, 0xce, 0xff, 0x7a, 0xce, 0xff, 0x7a, 0xce, 0xff,
    0x7a, 0xce, 0xff, 0x7a, 0xce, 0xff, 0x7a, 0xce, 0xff, 0x7a, 0xce, 0xff, 0x7a, 0xce, 0xff, 0x7a,
    0xce, 0xff, 0x7a, 0xce, 0xff, 0x7a, 0xce, 0xff, 0x7a, 0xce, 0xff, 0x7a, 0xce, 0xff, 0x7a, 0xce,
    0xff, 0x7a, 0xce, 0xff, 0x7a, 0xce, 0xff, 0x7a, 0xce, 0xff, 0x7a, 0xce, 0xff, 0x7a, 0xce, 0xff,
    0x7a, 0xce, 0xff, 0x7a, 0xce, 0xff, 0x7a, 0xce, 0xff, 0x7a, 0xce, 0xff, 0x7a, 0xce, 0xff, 0x7a,
    0xce, 0xff, 0x7a, 0xce, 0xff, 0x7a, 0xce, 0xff, 0x7a, 0xc6, 0xff, 0xdb, 0xd6, 0xff, 0xdf, 0xf7,
    0xff, 0xbf, 0xf7, 0xff, 0xbf, 0xf7, 0xff, 0xbf, 0xf7, 0xff, 0xbf, 0xf7, 0xff, 0xbf, 0xf7, 0xff,
    0xbf, 0xf7, 0xff, 0xbf, 0xf7, 0xff, 0xbf, 0xf7, 0xff, 0xbf, 0xf7, 0xff, 0xbf, 0xf7, 0xff, 0xbf,
    0xf7, 0xff, 0xbf, 0xf7, 0xff, 0xbf, 0xf7, 0xff, 0xbf, 0xf7, 0xff, 0xbf, 0xf7, 0xff, 0xbf, 0xf7,
    0xff, 0xbf, 0xf7, 0xff, 0xbf, 0xf7, 0xff, 0xbf, 0xf7, 0xff, 0xbf, 0xf7, 0xff, 0xbf, 0xf7, 0xff,
    0xbf, 0xf7, 0xff, 0xbf, 0xf7, 0xff, 0xbf, 0xf7, 0xff, 0xbf, 0xf7, 0xff, 0xbf, 0xf7, 0xff, 0xbf,
    0xf7, 0xff, 0xbf, 0xf7, 0xff, 0xbf, 0xf7, 0xff, 0xbf, 0xf7, 0xff, 0xbf, 0xf7, 0xff, 0xbf, 0xf7,
    0xff, 0xbf, 0xf7, 0xff, 0xbf, 0xf7, 0xff, 0xbf, 0xf7, 0xff, 0xbf, 0xf7, 0xff, 0xbf, 0xf7, 0xff,
    0xbf, 0xf7, 0xff, 0xbf, 0xf7, 0xff, 0xbf, 0xf7, 0xff, 0xbf, 0xf7, 0xff, 0xbf, 0xf7, 0xff, 0xbf,
    0xf7, 0xff, 0xbf, 0xf7, 0xff, 0xbf, 0xf7, 0xff, 0xbf, 0xf7, 0xff, 0xbf, 0xf7, 0xff, 0xbf, 0xf7,
    0xff, 0xbf, 0xf7, 0xff, 0xbf, 0xf7, 0xff, 0xbf, 0xf7, 0xff, 0xbf, 0xf7, 0xff, 0xbf, 0xf7, 0xff,
    0xbf, 0xf7, 0xff, 0xbf, 0xf7, 0xff, 0xbf, 0xf7, 0xff, 0xbf, 0xf7, 0xff, 0xbf, 0xf7, 0xff, 0xbf,
    0xf7, 0xff, 0xbf, 0xf7, 0xff, 0xbf, 0xf7, 0xff, 0xbf, 0xf7, 0xff, 0xbf, 0xf7, 0xff, 0xbf, 0xf7,
    0xff, 0xbf, 0xf7, 0xff, 0xbf, 0xf7, 0xff, 0xbf, 0xf7, 0xff, 0xbf, 0xf7, 0xff, 0xbf, 0xf7, 0xff,
    0xbf, 0xf7, 0xff, 0xbf, 0xf7, 0xff, 0xbf, 0xf7, 0xff, 0xbf, 0xf7, 0xff, 0xbf, 0xf7, 0xff, 0xbf,
    0xf7, 0xff, 0xbf, 0xf7, 0xff, 0xbf, 0xf7, 0xff, 0xbf, 0xf7, 0xff, 0xbf, 0xf7, 0xff, 0xbf, 0xf7,
    0xff, 0xbf, 0xf7, 0xff, 0xbf, 0xf7, 0xff, 0xbf, 0xf7, 0xff, 0xbf, 0xf7, 0xff, 0xbf, 0xf7, 0xff,
    0xbf, 0xf7, 0xff, 0xbf, 0xf7, 0xff, 0xbf, 0xf7, 0xff, 0xbf, 0xf7, 0xff, 0xbf, 0xf7, 0xff, 0xbf,
    0xf7, 0xff, 0xbf, 0xf7, 0xff, 0xbf, 0xf7, 0xff, 0xbf, 0xf7, 0xff, 0xdf, 0xff, 0xff, 0x1d, 0xdf,
    0xff, 0x5a, 0xc6, 0xff, 0x7a, 0xce, 0xff, 0x7a, 0xce, 0xff, 0x7a, 0xce, 0xff, 0x7a, 0xce, 0xff,
    0x7a, 0xce, 0xff, 0x7a, 0xce, 0xff, 0x7a, 0xce, 0xff, 0x7a, 0xce, 0xff, 0x7a, 0xce, 0xff, 0x7a,
    0xce, 0xff, 0x7a, 0xce, 0xff, 0x7a, 0xce, 0xff, 0x7a, 0xce, 0xff, 0x7a, 0xce, 0xff, 0x7a, 0xce,
    0xff, 0x7a, 0xce, 0xff, 0x7a, 0xce, 0xff, 0x7a, 0xce, 0xff, 0x7a, 0xce, 0xff, 0x7a, 0xce, 0xff,
    0x7a, 0xce, 0xff, 0x7a, 0xce, 0xff, 0x7a, 0xce, 0xff, 0x7a, 0xce, 0xff, 0x7a, 0xce, 0xff, 0x7a,
    0xce, 0xff, 0x7a, 0xce, 0xff, 0x7a, 0xce, 0xff, 0x7a, 0xce, 0xff, 0x7a, 0xce, 0xff, 0x7a, 0xce,
    0xff, 0x7a, 0xce, 0xff, 0x7a, 0xce, 0xff, 0x7a, 0xce, 0xff, 0x7a, 0xce, 0xff, 0x7a, 0xce, 0xff,
    0x7a, 0xce, 0xff, 0x7a, 0xce, 0xff, 0x7a, 0xce, 0xff, 0x7a, 0xce, 0xff, 0x7a, 0xce, 0xff, 0x7a,
    0xce, 0xff, 0x7a, 0xce, 0xff, 0x7a, 0xce, 0xff, 0x7a, 0xce, 0xff, 0x7a, 0xce, 0xff, 0x7a, 0xce,
    0xff, 0x7a, 0xce, 0xff, 0x7a, 0xce, 0xff, 0x7a, 0xce, 0xff, 0x7a, 0xce, 0xff, 0x7a, 0xce, 0xff,
    0x7a, 0xce, 0xff, 0x7a, 0xce, 0xff, 0x7a, 0xce, 0xff, 0x7a, 0xce, 0xff, 0x7a, 0xce, 0xff, 0x7a,
    0xce, 0xff, 0x7a, 0xce, 0xff, 0x7a, 0xce, 0xff, 0x7a, 0xce, 0xff, 0x7a, 0xce, 0xff, 0x7a, 0xce,
    0xff, 0x7a, 0xce, 0xff, 0x7a, 0xce, 0xff, 0x7a, 0xce, 0xff, 0x7a, 0xce, 0xff, 0x7a, 0xce, 0xff,
    0x7a, 0xce, 0xff, 0x7a, 0xce, 0xff, 0x7a, 0xce, 0xff, 0x7a, 0xce, 0xff, 0x7a, 0xce, 0xff, 0x7a,
    0xce, 0xff, 0x7a, 0xce, 0xff, 0x7a, 0xce, 0xff, 0x7a, 0xce, 0xff, 0x7a, 0xce, 0xff, 0x7a, 0xce,
    0xff, 0x7a, 0xc6, 0xff, 0x9b, 0xce, 0xff, 0xbf, 0xf7, 0xff, 0xdf, 0xf7, 0xff, 0xbf, 0xf7, 0xff,
    0xbf, 0xf7, 0xff, 0xbf, 0xf7, 0xff, 0xbf, 0xf7, 0xff, 0xbf, 0xf7, 0xff, 0xbf, 0xf7, 0xff, 0xbf,
    0xf7, 0xff, 0xbf, 0xf7, 0xff, 0xbf, 0xf7, 0xff, 0xbf, 0xf7, 0xff, 0xbf, 0xf7, 0xff, 0xbf, 0xf7,
    0xff, 0xbf, 0xf7, 0xff, 0xbf, 0xf7, 0xff, 0xbf, 0xf7, 0xff, 0xbf, 0xf7, 0xff, 0xbf, 0xf7, 0xff,
    0xbf, 0xf7, 0xff, 0xbf, 0xf7, 0xff, 0xbf, 0xf7, 0xff, 0xbf, 0xf7, 0xff, 0xbf, 0xf7, 0xff, 0xbf,
    0xf7, 0xff, 0xbf, 0xf7, 0xff, 0xbf, 0xf7, 0xff, 0xbf, 0xf7, 0xff, 0xbf, 0xf7, 0xff, 0xbf, 0xf7,
    0xff, 0xbf, 0xf7, 0xff, 0xbf, 0xf7, 0xff, 0xbf, 0xf7, 0xff, 0xbf, 0xf7, 0xff, 0xbf, 0xf7, 0xff,
    0xbf, 0xf7, 0xff, 0xbf, 0xf7, 0xff, 0xbf, 0xf7, 0xff, 0xbf, 0xf7, 0xff, 0xbf, 0xf7, 0xff, 0xbf,
    0xf7, 0xff, 0xbf, 0xf7, 0xff, 0xbf, 0xf7, 0xff, 0xbf, 0xf7, 0xff, 0xbf, 0xf7, 0xff, 0xbf, 0xf7,
    0xff, 0xbf, 0xf7, 0xff, 0xbf, 0xf7, 0xff, 0xbf, 0xf7, 0xff, 0xbf, 0xf7, 0xff, 0xbf, 0xf7, 0xff,
    0xbf, 0xf7, 0xff, 0xbf, 0xf7, 0xff, 0xbf, 0xf7, 0xff, 0xbf, 0xf7, 0xff, 0xbf, 0xf7, 0xff, 0xbf,
    0xf7, 0xff, 0xbf, 0xf7, 0xff, 0xbf, 0xf7, 0xff, 0xbf, 0xf7, 0xff, 0xbf, 0xf7, 0xff, 0xbf, 0xf7,
    0xff, 0xbf, 0xf7, 0xff, 0xbf, 0xf7, 0xff, 0xbf, 0xf7, 0xff, 0xbf, 0xf7, 0xff, 0xbf, 0xf7, 0xff,
    0xbf, 0xf7, 0xff, 0xbf, 0xf7, 0xff, 0xbf, 0xf7, 0xff, 0xbf, 0xf7, 0xff, 0xbf, 0xf7, 0xff, 0xbf,
    0xf7, 0xff, 0xbf, 0xf7, 0xff, 0xbf, 0xf7, 0xff, 0xbf, 0xf7, 0xff, 0xbf, 0xf7, 0xff, 0xbf, 0xf7,
    0xff, 0xbf, 0xf7, 0xff, 0xbf, 0xf7, 0xff, 0xbf, 0xf7, 0xff, 0xbf, 0xf7, 0xff, 0xbf, 0xf7, 0xff,
    0xbf, 0xf7, 0xff, 0xbf, 0xf7, 0xff, 0xbf, 0xf7, 0xff, 0xbf, 0xf7, 0xff, 0xbf, 0xf7, 0xff, 0xbf,
    0xf7, 0xff, 0xbf, 0xf7, 0xff, 0xbf, 0xf7, 0xff, 0xbf, 0xf7, 0xff, 0xbf, 0xf7, 0xff, 0xbf, 0xf7,
    0xff, 0xbf, 0xf7, 0xff, 0xbf, 0xf7, 0xff, 0xbf, 0xf7, 0xff, 0xdf, 0xf7, 0xff, 0xdb, 0xd6, 0xff,
    0x7a, 0xc6, 0xff, 0x7a, 0xce, 0xff, 0x7a, 0xce, 0xff, 0x7a, 0xce, 0xff, 0x7a, 0xce, 0xff, 0x7a,
    0xce, 0xff, 0x7a, 0xce, 0xff, 0x7a, 0xce, 0xff, 0x7a, 0xce, 0xff, 0x7a, 0xce, 0xff, 0x7a, 0xce,
    0xff, 0x7a, 0xce, 0xff, 0x7a, 0xce, 0xff, 0x7a, 0xce, 0xff, 0x7a, 0xce, 0xff, 0x7a, 0xce, 0xff,
    0x7a, 0xce, 0xff, 0x7a, 0xce, 0xff, 0x7a, 0xce, 0xff, 0x7a, 0xce, 0xff, 0x7a, 0xce, 0xff, 0x7a,
    0xce, 0xff, 0x7a, 0xce, 0xff, 0x7a, 0xce, 0xff, 0x7a, 0xce, 0xff, 0x7a, 0xce, 0xff, 0x7a, 0xce,
    0xff, 0x7a, 0xce, 0xff, 0x7a, 0xce, 0xff, 0x7a, 0xce, 0xff, 0x7a, 0xce, 0xff, 0x7a, 0xce, 0xff,
    0x7a, 0xce, 0xff, 0x7a, 0xce, 0xff, 0x7a, 0xce, 0xff, 0x7a, 0xce, 0xff, 0x7a, 0xce, 0xff, 0x7a,
    0xce, 0xff, 0x7a, 0xce, 0xff, 0x7a, 0xce, 0xff, 0x7a, 0xce, 0xff, 0x7a, 0xce, 0xff, 0x7a, 0xce,
    0xff, 0x7a, 0xce, 0xff, 0x7a, 0xce, 0xff, 0x7a, 0xce, 0xff, 0x7a, 0xce, 0xff, 0x7a, 0xce, 0xff,
    0x7a, 0xce, 0xff, 0x7a, 0xce, 0xff, 0x7a, 0xce, 0xff, 0x7a, 0xce, 0xff, 0x7a, 0xce, 0xff, 0x7a,
    0xce, 0xff, 0x7a, 0xce, 0xff, 0x7a, 0xce, 0xff, 0x7a, 0xce, 0xff, 0x7a, 0xce, 0xff, 0x7a, 0xce,
    0xff, 0x7a, 0xce, 0xff, 0x7a, 0xce, 0xff, 0x7a, 0xce, 0xff, 0x7a, 0xce, 0xff, 0x7a, 0xce, 0xff,
    0x7a, 0xce, 0xff, 0x7a, 0xce, 0xff, 0x7a, 0xce, 0xff, 0x7a, 0xce, 0xff, 0x7a, 0xce, 0xff, 0x7a,
    0xce, 0xff, 0x7a, 0xce, 0xff, 0x7a, 0xce, 0xff, 0x7a, 0xce, 0xff, 0x7a, 0xce, 0xff, 0x7a, 0xce,
    0xff, 0x7a, 0xce, 0xff, 0x7a, 0xce, 0xff, 0x7a, 0xce, 0xff, 0x7a, 0xce, 0xff, 0x7a, 0xc6, 0xff,
    0x5d, 0xe7, 0xff, 0xdf, 0xff, 0xff, 0xbf, 0xf7, 0xff, 0xbf, 0xf7, 0xff, 0xbf, 0xf7, 0xff, 0xbf,
    0xf7, 0xff, 0xbf, 0xf7, 0xff, 0xbf, 0xf7, 0xff, 0xbf, 0xf7, 0xff, 0xbf, 0xf7, 0xff, 0xbf, 0xf7,
    0xff, 0xbf, 0xf7, 0xff, 0xbf, 0xf7, 0xff, 0xbf, 0xf7, 0xff, 0xbf, 0xf7, 0xff, 0xbf, 0xf7, 0xff,
    0xbf, 0xf7, 0xff, 0xbf, 0xf7, 0xff, 0xbf, 0xf7, 0xff, 0xbf, 0xf7, 0xff, 0xbf, 0xf7, 0xff, 0xbf,
    0xf7, 0xff, 0xbf, 0xf7, 0xff, 0xbf, 0xf7, 0xff, 0xbf, 0xf7, 0xff, 0xbf, 0xf7, 0xff, 0xbf, 0xf7,
    0xff, 0xbf, 0xf7, 0xff, 0xbf, 0xf7, 0xff, 0xbf, 0xf7, 0xff, 0xbf, 0xf7, 0xff, 0xbf, 0xf7, 0xff,
    0xbf, 0xf7, 0xff, 0xbf, 0xf7, 0xff, 0xbf, 0xf7, 0xff, 0xbf, 0xf7, 0xff, 0xbf, 0xf7, 0xff, 0xbf,
    0xf7, 0xff, 0xbf, 0xf7, 0xff, 0xbf, 0xf7, 0xff, 0xbf, 0xf7, 0xff, 0xbf, 0xf7, 0xff, 0xbf, 0xf7,
    0xff, 0xbf, 0xf7, 0xff, 0xbf, 0xf7, 0xff, 0xbf, 0xf7, 0xff, 0xbf, 0xf7, 0xff, 0xbf, 0xf7, 0xff,
    0xbf, 0xf7, 0xff, 0xbf, 0xf7, 0xff, 0xbf, 0xf7, 0xff, 0xbf, 0xf7, 0xff, 0xbf, 0xf7, 0xff, 0xbf,
    0xf7, 0xff, 0xbf, 0xf7, 0xff, 0xbf, 0xf7, 0xff, 0xbf, 0xf7, 0xff, 0xbf, 0xf7, 0xff, 0xbf, 0xf7,
    0xff, 0xbf, 0xf7, 0xff, 0xbf, 0xf7, 0xff, 0xbf, 0xf7, 0xff, 0xbf, 0xf7, 0xff, 0xbf, 0xf7, 0xff,
    0xbf, 0xf7, 0xff, 0xbf, 0xf7, 0xff, 0xbf, 0xf7, 0xff, 0xbf, 0xf7, 0xff, 0xbf, 0xf7, 0xff, 0xbf,
    0xf7, 0xff, 0xbf, 0xf7, 0xff, 0xbf, 0xf7, 0xff, 0xbf, 0xf7, 0xff, 0xbf, 0xf7, 0xff, 0xbf, 0xf7,
    0xff, 0xbf, 0xf7, 0xff, 0xbf, 0xf7, 0xff, 0xbf, 0xf7, 0xff, 0xbf, 0xf7, 0xff, 0xbf, 0xf7, 0xff,
    0xbf, 0xf7, 0xff, 0xbf, 0xf7, 0xff, 0xbf, 0xf7, 0xff, 0xbf, 0xf7, 0xff, 0xbf, 0xf7, 0xff, 0xbf,
    0xf7, 0xff, 0xbf, 0xf7, 0xff, 0xbf, 0xf7, 0xff, 0xbf, 0xf7, 0xff, 0xbf, 0xf7, 0xff, 0xbf, 0xf7,
    0xff, 0xbf, 0xf7, 0xff, 0xbf, 0xf7, 0xff, 0xbf, 0xf7, 0xff, 0xbf, 0xf7, 0xff, 0xbf, 0xf7, 0xff,
    0xbf, 0xf7, 0xff, 0xbf, 0xf7, 0xff, 0xdf, 0xf7, 0xff, 0x9e, 0xef, 0xff, 0x7a, 0xce, 0xff, 0x7a,
    0xc6, 0xff, 0x7a, 0xce, 0xff, 0x7a, 0xce, 0xff, 0x7a, 0xce, 0xff, 0x7a, 0xce, 0xff, 0x7a, 0xce,
    0xff, 0x7a, 0xce, 0xff, 0x7a, 0xce, 0xff, 0x7a, 0xce, 0xff, 0x7a, 0xce, 0xff, 0x7a, 0xce, 0xff,
    0x7a, 0xce, 0xff, 0x7a, 0xce, 0xff, 0x7a, 0xce, 0xff, 0x7a, 0xce, 0xff, 0x7a, 0xce, 0xff, 0x7a,
    0xce, 0xff, 0x7a, 0xce, 0xff, 0x7a, 0xce, 0xff, 0x7a, 0xce, 0xff, 0x7a, 0xce, 0xff, 0x7a, 0xce,
    0xff, 0x7a, 0xce, 0xff, 0x7a, 0xce, 0xff, 0x7a, 0xce, 0xff, 0x7a, 0xce, 0xff, 0x7a, 0xce, 0xff,
    0x7a, 0xce, 0xff, 0x7a, 0xce, 0xff, 0x7a, 0xce, 0xff, 0x7a, 0xce, 0xff, 0x7a, 0xce, 0xff, 0x7a,
    0xce, 0xff, 0x7a, 0xce, 0xff, 0x7a, 0xce, 0xff, 0x7a, 0xce, 0xff, 0x7a, 0xce, 0xff, 0x7a, 0xce,
    0xff, 0x7a, 0xce, 0xff, 0x7a, 0xce, 0xff, 0x7a, 0xce, 0xff, 0x7a, 0xce, 0xff, 0x7a, 0xce, 0xff,
    0x7a, 0xce, 0xff, 0x7a, 0xce, 0xff, 0x7a, 0xce, 0xff, 0x7a, 0xce, 0xff, 0x7a, 0xce, 0xff, 0x7a,
    0xce, 0xff, 0x7a, 0xce, 0xff, 0x7a, 0xce, 0xff, 0x7a, 0xce, 0xff, 0x7a, 0xce, 0xff, 0x7a, 0xce,
    0xff, 0x7a, 0xce, 0xff, 0x7a, 0xce, 0xff, 0x7a, 0xce, 0xff, 0x7a, 0xce, 0xff, 0x7a, 0xce, 0xff,
    0x7a, 0xce, 0xff, 0x7a, 0xce, 0xff, 0x7a, 0xce, 0xff, 0x7a, 0xce, 0xff, 0x7a, 0xce, 0xff, 0x7a,
    0xce, 0xff, 0x7a, 0xce, 0xff, 0x7a, 0xce, 0xff, 0x7a, 0xce, 0xff, 0x7a, 0xce, 0xff, 0x7a, 0xce,
    0xff, 0x7a, 0xce, 0xff, 0x7a, 0xce, 0xff, 0x7a, 0xce, 0xff, 0x7a, 0xce, 0xff, 0x7a, 0xce, 0xff,
    0x7a, 0xce, 0xff, 0x7a, 0xce, 0xff, 0x5a, 0xc6, 0xff, 0xfc, 0xd6, 0xff, 0xdf, 0xf7, 0xff, 0xbf,
    0xf7, 0xff, 0xbf, 0xf7, 0xff, 0xbf, 0xf7, 0xff, 0xbf, 0xf7, 0xff, 0xbf, 0xf7, 0xff, 0xbf, 0xf7,
    0xff, 0xbf, 0xf7, 0xff, 0xbf, 0xf7, 0xff, 0xbf, 0xf7, 0xff, 0xbf, 0xf7, 0xff, 0xbf, 0xf7, 0xff,
    0xbf, 0xf7, 0xff, 0xbf, 0xf7, 0xff, 0xbf, 0xf7, 0xff, 0xbf, 0xf7, 0xff, 0xbf, 0xf7, 0xff, 0xbf,
    0xf7, 0xff, 0xbf, 0xf7, 0xff, 0xbf, 0xf7, 0xff, 0xbf, 0xf7, 0xff, 0xbf, 0xf7, 0xff, 0xbf, 0xf7,
    0xff, 0xbf, 0xf7, 0xff, 0xbf, 0xf7, 0xff, 0xbf, 0xf7, 0xff, 0xbf, 0xf7, 0xff, 0xbf, 0xf7, 0xff,
    0xbf, 0xf7, 0xff, 0xbf, 0xf7, 0xff, 0xbf, 0xf7, 0xff, 0xbf, 0xf7, 0xff, 0xbf, 0xf7, 0xff, 0xbf,
    0xf7, 0xff, 0xbf, 0xf7, 0xff, 0xbf, 0xf7, 0xff, 0xbf, 0xf7, 0xff, 0xbf, 0xf7, 0xff, 0xbf, 0xf7,
    0xff, 0xbf, 0xf7, 0xff, 0xbf, 0xf7, 0xff, 0xbf, 0xf7, 0xff, 0xbf, 0xf7, 0xff, 0xbf, 0xf7, 0xff,
    0xbf, 0xf7, 0xff, 0xbf, 0xf7, 0xff, 0xbf, 0xf7, 0xff, 0xbf, 0xf7, 0xff, 0xbf, 0xf7, 0xff, 0xbf,
    0xf7, 0xff, 0xbf, 0xf7, 0xff, 0xbf, 0xf7, 0xff, 0xbf, 0xf7, 0xff, 0xbf, 0xf7, 0xff, 0xbf, 0xf7,
    0xff, 0xbf, 0xf7, 0xff, 0xbf, 0xf7, 0xff, 0xbf, 0xf7, 0xff, 0xbf, 0xf7, 0xff, 0xbf, 0xf7, 0xff,
    0xbf, 0xf7, 0xff, 0xbf, 0xf7, 0xff, 0xbf, 0xf7, 0xff, 0xbf, 0xf7, 0xff, 0xbf, 0xf7, 0xff, 0xbf,
    0xf7, 0xff, 0xbf, 0xf7, 0xff, 0xbf, 0xf7, 0xff, 0xbf, 0xf7, 0xff, 0xbf, 0xf7, 0xff, 0xbf, 0xf7,
    0xff, 0xbf, 0xf7, 0xff, 0xbf, 0xf7, 0xff, 0xbf, 0xf7, 0xff, 0xbf, 0xf7, 0xff, 0xbf, 0xf7, 0xff,
    0xbf, 0xf7, 0xff, 0xbf, 0xf7, 0xff, 0xbf, 0xf7, 0xff, 0xbf, 0xf7, 0xff, 0xbf, 0xf7, 0xff, 0xbf,
    0xf7, 0xff, 0xbf, 0xf7, 0xff, 0xbf, 0xf7, 0xff, 0xbf, 0xf7, 0xff, 0xbf, 0xf7, 0xff, 0xbf, 0xf7,
    0xff, 0xbf, 0xf7, 0xff, 0xbf, 0xf7, 0xff, 0xbf, 0xf7, 0xff, 0xbf, 0xf7, 0xff, 0xbf, 0xf7, 0xff,
    0xbf, 0xf7, 0xff, 0xbf, 0xf7, 0xff, 0xbf, 0xf7, 0xff, 0xbf, 0xf7, 0xff, 0xbf, 0xf7, 0xff, 0xbf,
    0xf7, 0xff, 0xbf, 0xf7, 0xff, 0xdf, 0xff, 0xff, 0x3d, 0xe7, 0xff, 0x5a, 0xc6, 0xff, 0x7a, 0xce,
    0xff, 0x7a, 0xce, 0xff, 0x7a, 0xce, 0xff, 0x7a, 0xce, 0xff, 0x7a, 0xce, 0xff, 0x7a, 0xce, 0xff,
    0x7a, 0xce, 0xff, 0x7a, 0xce, 0xff, 0x7a, 0xce, 0xff, 0x7a, 0xce, 0xff, 0x7a, 0xce, 0xff, 0x7a,
    0xce, 0xff, 0x7a, 0xce, 0xff, 0x7a, 0xce, 0xff, 0x7a, 0xce, 0xff, 0x7a, 0xce, 0xff, 0x7a, 0xce,
    0xff, 0x7a, 0xce, 0xff, 0x7a, 0xce, 0xff, 0x7a, 0xce, 0xff, 0x7a, 0xce, 0xff, 0x7a, 0xce, 0xff,
    0x7a, 0xce, 0xff, 0x7a, 0xce, 0xff, 0x7a, 0xce, 0xff, 0x7a, 0xce, 0xff, 0x7a, 0xce, 0xff, 0x7a,
    0xce, 0xff, 0x7a, 0xce, 0xff, 0x7a, 0xce, 0xff, 0x7a, 0xce, 0xff, 0x7a, 0xce, 0xff, 0x7a, 0xce,
    0xff, 0x7a, 0xce, 0xff, 0x7a, 0xce, 0xff, 0x7a, 0xce, 0xff, 0x7a, 0xce, 0xff, 0x7a, 0xce, 0xff,
    0x7a, 0xce, 0xff, 0x7a, 0xce, 0xff, 0x7a, 0xce, 0xff, 0x7a, 0xce, 0xff, 0x7a, 0xce, 0xff, 0x7a,
    0xce, 0xff, 0x7a, 0xce, 0xff, 0x7a, 0xce, 0xff, 0x7a, 0xce, 0xff, 0x7a, 0xce, 0xff, 0x7a, 0xce,
    0xff, 0x7a, 0xce, 0xff, 0x7a, 0xce, 0xff, 0x7a, 0xce, 0xff, 0x7a, 0xce, 0xff, 0x7a, 0xce, 0xff,
    0x7a, 0xce, 0xff, 0x7a, 0xce, 0xff, 0x7a, 0xce, 0xff, 0x7a, 0xce, 0xff, 0x7a, 0xce, 0xff, 0x7a,
    0xce, 0xff, 0x7a, 0xce, 0xff, 0x7a, 0xce, 0xff, 0x7a, 0xce, 0xff, 0x7a, 0xce, 0xff, 0x7a, 0xce,
    0xff, 0x7a, 0xce, 0xff, 0x7a, 0xce, 0xff, 0x7a, 0xce, 0xff, 0x7a, 0xce, 0xff, 0x7a, 0xce, 0xff,
    0x7a, 0xce, 0xff, 0x7a, 0xce, 0xff, 0x7a, 0xce, 0xff, 0x7a, 0xce, 0xff, 0x7a, 0xce, 0xff, 0x7a,
    0xc6, 0xff, 0x9a, 0xce, 0xff, 0xbf, 0xf7, 0xff, 0xdf, 0xf7, 0xff, 0xbf, 0xf7, 0xff, 0xbf, 0xf7,
    0xff, 0xbf, 0xf7, 0xff, 0xbf, 0xf7, 0xff, 0xbf, 0xf7, 0xff, 0xbf, 0xf7, 0xff, 0xbf, 0xf7, 0xff,
    0xbf, 0xf7, 0xff, 0xbf, 0xf7, 0xff, 0xbf, 0xf7, 0xff, 0xbf, 0xf7, 0xff, 0xbf, 0xf7, 0xff, 0xbf,
    0xf7, 0xff, 0xbf, 0xf7, 0xff, 0xbf, 0xf7, 0xff, 0xbf, 0xf7, 0xff, 0xbf, 0xf7, 0xff, 0xbf, 0xf7,
    0xff, 0xbf, 0xf7, 0xff, 0xbf, 0xf7, 0xff, 0xbf, 0xf7, 0xff, 0xbf, 0xf7, 0xff, 0xbf, 0xf7, 0xff,
    0xbf, 0xf7, 0xff, 0xbf, 0xf7, 0xff, 0xbf, 0xf7, 0xff, 0xbf, 0xf7, 0xff, 0xbf, 0xf7, 0xff, 0xbf,
    0xf7, 0xff, 0xbf, 0xf7, 0xff, 0xbf, 0xf7, 0xff, 0xbf, 0xf7, 0xff, 0xbf, 0xf7, 0xff, 0xbf, 0xf7,
    0xff, 0xbf, 0xf7, 0xff, 0xbf, 0xf7, 0xff, 0xbf, 0xf7, 0xff, 0xbf, 0xf7, 0xff, 0xbf, 0xf7, 0xff,
    0xbf, 0xf7, 0xff, 0xbf, 0xf7, 0xff, 0xbf, 0xf7, 0xff, 0xbf, 0xf7, 0xff, 0xbf, 0xf7, 0xff, 0xbf,
    0xf7, 0xff, 0xbf, 0xf7, 0xff, 0xbf, 0xf7, 0xff, 0xbf, 0xf7, 0xff, 0xbf, 0xf7, 0xff, 0xbf, 0xf7,
    0xff, 0xbf, 0xf7, 0xff, 0xbf, 0xf7, 0xff, 0xbf, 0xf7, 0xff, 0xbf, 0xf7, 0xff, 0xbf, 0xf7, 0xff,
    0xbf, 0xf7, 0xff, 0xbf, 0xf7, 0xff, 0xbf, 0xf7, 0xff, 0xbf, 0xf7, 0xff, 0xbf, 0xf7, 0xff, 0xbf,
    0xf7, 0xff, 0xbf, 0xf7, 0xff, 0xbf, 0xf7, 0xff, 0xbf, 0xf7, 0xff, 0xbf, 0xf7, 0xff, 0xbf, 0xf7,
    0xff, 0xbf, 0xf7, 0xff, 0xbf, 0xf7, 0xff, 0xbf, 0xf7, 0xff, 0xbf, 0xf7, 0xff, 0xbf, 0xf7, 0xff,
    0xbf, 0xf7, 0xff, 0xbf, 0xf7, 0xff, 0xbf, 0xf7, 0xff, 0xbf, 0xf7, 0xff, 0xbf, 0xf7, 0xff, 0xbf,
    0xf7, 0xff, 0xbf, 0xf7, 0xff, 0xbf, 0xf7, 0xff, 0xbf, 0xf7, 0xff, 0xbf, 0xf7, 0xff, 0xbf, 0xf7,
    0xff, 0xbf, 0xf7, 0xff, 0xbf, 0xf7, 0xff, 0xbf, 0xf7, 0xff, 0xbf, 0xf7, 0xff, 0xbf, 0xf7, 0xff,
    0xbf, 0xf7, 0xff, 0xbf, 0xf7, 0xff, 0xbf, 0xf7, 0xff, 0xbf, 0xf7, 0xff, 0xbf, 0xf7, 0xff, 0xbf,
    0xf7, 0xff, 0xbf, 0xf7, 0xff, 0xbf, 0xf7, 0xff, 0xbf, 0xf7, 0xff, 0xbf, 0xf7, 0xff, 0xbf, 0xf7,
    0xff, 0xbf, 0xf7, 0xff, 0xdf, 0xf7, 0xff, 0xdb, 0xd6, 0xff, 0x7a, 0xc6, 0xff, 0x7a, 0xce, 0xff,
    0x7a, 0xce, 0xff, 0x7a, 0xce, 0xff, 0x7a, 0xce, 0xff, 0x7a, 0xce, 0xff, 0x7a, 0xce, 0xff, 0x7a,
    0xce, 0xff, 0x7a, 0xce, 0xff, 0x7a, 0xce, 0xff, 0x7a, 0xce, 0xff, 0x7a, 0xce, 0xff, 0x7a, 0xce,
    0xff, 0x7a, 0xce, 0xff, 0x7a, 0xce, 0xff, 0x7a, 0xce, 0xff, 0x7a, 0xce, 0xff, 0x7a, 0xce, 0xff,
    0x7a, 0xce, 0xff, 0x7a, 0xce, 0xff, 0x7a, 0xce, 0xff, 0x7a, 0xce, 0xff, 0x7a, 0xce, 0xff, 0x7a,
    0xce, 0xff, 0x7a, 0xce, 0xff, 0x7a, 0xce, 0xff, 0x7a, 0xce, 0xff, 0x7a, 0xce, 0xff, 0x7a, 0xce,
    0xff, 0x7a, 0xce, 0xff, 0x7a, 0xce, 0xff, 0x7a, 0xce, 0xff, 0x7a, 0xce, 0xff, 0x7a, 0xce, 0xff,
    0x7a, 0xce, 0xff, 0x7a, 0xce, 0xff, 0x7a, 0xce, 0xff, 0x7a, 0xce, 0xff, 0x7a, 0xce, 0xff, 0x7a,
    0xce, 0xff, 0x7a, 0xce, 0xff, 0x7a, 0xce, 0xff, 0x7a, 0xce, 0xff, 0x7a, 0xce, 0xff, 0x7a, 0xce,
    0xff, 0x7a, 0xce, 0xff, 0x7a, 0xce, 0xff, 0x7a, 0xce, 0xff, 0x7a, 0xce, 0xff, 0x7a, 0xce, 0xff,
    0x7a, 0xce, 0xff, 0x7a, 0xce, 0xff, 0x7a, 0xce, 0xff, 0x7a, 0xce, 0xff, 0x7a, 0xce, 0xff, 0x7a,
    0xce, 0xff, 0x7a, 0xce, 0xff, 0x7a, 0xce, 0xff, 0x7a, 0xce, 0xff, 0x7a, 0xce, 0xff, 0x7a, 0xce,
    0xff, 0x7a, 0xce, 0xff, 0x7a, 0xce, 0xff, 0x7a, 0xce, 0xff, 0x7a, 0xce, 0xff, 0x7a, 0xce, 0xff,
    0x7a, 0xce, 0xff, 0x7a, 0xce, 0xff, 0x7a, 0xce, 0xff, 0x7a, 0xce, 0xff, 0x7a, 0xce, 0xff, 0x7a,
    0xce, 0xff, 0x7a, 0xce, 0xff, 0x7a, 0xce, 0xff, 0x7a, 0xce, 0xff, 0x5a, 0xc6, 0xff, 0x3d, 0xe7,
    0xff, 0xdf, 0xff, 0xff, 0xbf, 0xf7, 0xff, 0xbf, 0xf7, 0xff, 0xbf, 0xf7, 0xff, 0xbf, 0xf7, 0xff,
    0xbf, 0xf7, 0xff, 0xbf, 0xf7, 0xff, 0xbf, 0xf7, 0xff, 0xbf, 0xf7, 0xff, 0xbf, 0xf7, 0xff, 0xbf,
    0xf7, 0xff, 0xbf, 0xf7, 0xff, 0xbf, 0xf7, 0xff, 0xbf, 0xf7, 0xff, 0xbf, 0xf7, 0xff, 0xbf, 0xf7,
    0xff, 0xbf, 0xf7, 0xff, 0xbf, 0xf7, 0xff, 0xbf, 0xf7, 0xff, 0xbf, 0xf7, 0xff, 0xbf, 0xf7, 0xff,
    0xbf, 0xf7, 0xff, 0xbf, 0xf7, 0xff, 0xbf, 0xf7, 0xff, 0xbf, 0xf7, 0xff, 0xbf, 0xf7, 0xff, 0xbf,
    0xf7, 0xff, 0xbf, 0xf7, 0xff, 0xbf, 0xf7, 0xff, 0xbf, 0xf7, 0xff, 0xbf, 0xf7, 0xff, 0xbf, 0xf7,
    0xff, 0xbf, 0xf7, 0xff, 0xbf, 0xf7, 0xff, 0xbf, 0xf7, 0xff, 0xbf, 0xf7, 0xff, 0xbf, 0xf7, 0xff,
    0xbf, 0xf7, 0xff, 0xbf, 0xf7, 0xff, 0xbf, 0xf7, 0xff, 0xbf, 0xf7, 0xff, 0xbf, 0xf7, 0xff, 0xbf,
    0xf7, 0xff, 0xbf, 0xf7, 0xff, 0xbf, 0xf7, 0xff, 0xbf, 0xf7, 0xff, 0xbf, 0xf7, 0xff, 0xbf, 0xf7,
    0xff, 0xbf, 0xf7, 0xff, 0xbf, 0xf7, 0xff, 0xbf, 0xf7, 0xff, 0xbf, 0xf7, 0xff, 0xbf, 0xf7, 0xff,
    0xbf, 0xf7, 0xff, 0xbf, 0xf7, 0xff, 0xbf, 0xf7, 0xff, 0xbf, 0xf7, 0xff, 0xbf, 0xf7, 0xff, 0xbf,
    0xf7, 0xff, 0xbf, 0xf7, 0xff, 0xbf, 0xf7, 0xff, 0xbf, 0xf7, 0xff, 0xbf, 0xf7, 0xff, 0xbf, 0xf7,
    0xff, 0xbf, 0xf7, 0xff, 0xbf, 0xf7, 0xff, 0xbf, 0xf7, 0xff, 0xbf, 0xf7, 0xff, 0xbf, 0xf7, 0xff,
    0xbf, 0xf7, 0xff, 0xbf, 0xf7, 0xff, 0xbf, 0xf7, 0xff, 0xbf, 0xf7, 0xff, 0xbf, 0xf7, 0xff, 0xbf,
    0xf7, 0xff, 0xbf, 0xf7, 0xff, 0xbf, 0xf7, 0xff, 0xbf, 0xf7, 0xff, 0xbf, 0xf7, 0xff, 0xbf, 0xf7,
    0xff, 0xbf, 0xf7, 0xff, 0xbf, 0xf7, 0xff, 0xbf, 0xf7, 0xff, 0xbf, 0xf7, 0xff, 0xbf, 0xf7, 0xff,
    0xbf, 0xf7, 0xff, 0xbf, 0xf7, 0xff, 0xbf, 0xf7, 0xff, 0xbf, 0xf7, 0xff, 0xbf, 0xf7, 0xff, 0xbf,
    0xf7, 0xff, 0xbf, 0xf7, 0xff, 0xbf, 0xf7, 0xff, 0xbf, 0xf7, 0xff, 0xbf, 0xf7, 0xff, 0xbf, 0xf7,
    0xff, 0xbf, 0xf7, 0xff, 0xbf, 0xf7, 0xff, 0xbf, 0xf7, 0xff, 0xbf, 0xf7, 0xff, 0xbf, 0xf7, 0xff,
    0xdf, 0xf7, 0xff, 0x7e, 0xef, 0xff, 0x7a, 0xce, 0xff, 0x7a, 0xce, 0xff, 0x7a, 0xce, 0xff, 0x7a,
    0xce, 0xff, 0x7a, 0xce, 0xff, 0x7a, 0xce, 0xff, 0x7a, 0xce, 0xff, 0x7a, 0xce, 0xff, 0x7a, 0xce,
    0xff, 0x7a, 0xce, 0xff, 0x7a, 0xce, 0xff, 0x7a, 0xce, 0xff, 0x7a, 0xce, 0xff, 0x7a, 0xce, 0xff,
    0x7a, 0xce, 0xff, 0x7a, 0xce, 0xff, 0x7a, 0xce, 0xff, 0x7a, 0xce, 0xff, 0x7a, 0xce, 0xff, 0x7a,
    0xce, 0xff, 0x7a, 0xce, 0xff, 0x7a, 0xce, 0xff, 0x7a, 0xce, 0xff, 0x7a, 0xce, 0xff, 0x7a, 0xce,
    0xff, 0x7a, 0xce, 0xff, 0x7a, 0xce, 0xff, 0x7a, 0xce, 0xff, 0x7a, 0xce, 0xff, 0x7a, 0xce, 0xff,
    0x7a, 0xce, 0xff, 0x7a, 0xce, 0xff, 0x7a, 0xce, 0xff, 0x7a, 0xce, 0xff, 0x7a, 0xce, 0xff, 0x7a,
    0xce, 0xff, 0x7a, 0xce, 0xff, 0x7a, 0xce, 0xff, 0x7a, 0xce, 0xff, 0x7a, 0xce, 0xff, 0x7a, 0xce,
    0xff, 0x7a, 0xce, 0xff, 0x7a, 0xce, 0xff, 0x7a, 0xce, 0xff, 0x7a, 0xce, 0xff, 0x7a, 0xce, 0xff,
    0x7a, 0xce, 0xff, 0x7a, 0xce, 0xff, 0x7a, 0xce, 0xff, 0x7a, 0xce, 0xff, 0x7a, 0xce, 0xff, 0x7a,
    0xce, 0xff, 0x7a, 0xce, 0xff, 0x7a, 0xce, 0xff, 0x7a, 0xce, 0xff, 0x7a, 0xce, 0xff, 0x7a, 0xce,
    0xff, 0x7a, 0xce, 0xff, 0x7a, 0xce, 0xff, 0x7a, 0xce, 0xff, 0x7a, 0xce, 0xff, 0x7a, 0xce, 0xff,
    0x7a, 0xce, 0xff, 0x7a, 0xce, 0xff, 0x7a, 0xce, 0xff, 0x7a, 0xce, 0xff, 0x7a, 0xce, 0xff, 0x7a,
    0xce, 0xff, 0x7a, 0xce, 0xff, 0x7a, 0xce, 0xff, 0x7a, 0xce, 0xff, 0x7a, 0xce, 0xff, 0x7a, 0xce,
    0xff, 0x7a, 0xce, 0xff, 0x7a, 0xc6, 0xff, 0xbb, 0xd6, 0xff, 0xbf, 0xf7, 0xff, 0xbf, 0xf7, 0xff,
    0xbf, 0xf7, 0xff, 0xbf, 0xf7, 0xff, 0xbf, 0xf7, 0xff, 0xbf, 0xf7, 0xff, 0xbf, 0xf7, 0xff, 0xbf,
    0xf7, 0xff, 0xbf, 0xf7, 0xff, 0xbf, 0xf7, 0xff, 0xbf, 0xf7, 0xff, 0xbf, 0xf7, 0xff, 0xbf, 0xf7,
    0xff, 0xbf, 0xf7, 0xff, 0xbf, 0xf7, 0xff, 0xbf, 0xf7, 0xff, 0xbf, 0xf7, 0xff, 0xbf, 0xf7, 0xff,
    0xbf, 0xf7, 0xff, 0xbf, 0xf7, 0xff, 0xbf, 0xf7, 0xff, 0xbf, 0xf7, 0xff, 0xbf, 0xf7, 0xff, 0xbf,
    0xf7, 0xff, 0xbf, 0xf7, 0xff, 0xbf, 0xf7, 0xff, 0xbf, 0xf7, 0xff, 0xbf, 0xf7, 0xff, 0xbf, 0xf7,
    0xff, 0xbf, 0xf7, 0xff, 0xbf, 0xf7, 0xff, 0xbf, 0xf7, 0xff, 0xbf, 0xf7, 0xff, 0xbf, 0xf7, 0xff,
    0xbf, 0xf7, 0xff, 0xbf, 0xf7, 0xff, 0xbf, 0xf7, 0xff, 0xbf, 0xf7, 0xff, 0xbf, 0xf7, 0xff, 0xbf,
    0xf7, 0xff, 0xbf, 0xf7, 0xff, 0xbf, 0xf7, 0xff, 0xbf, 0xf7, 0xff, 0xbf, 0xf7, 0xff, 0xbf, 0xf7,
    0xff, 0xbf, 0xf7, 0xff, 0xbf, 0xf7, 0xff, 0xbf, 0xf7, 0xff, 0xbf, 0xf7, 0xff, 0xbf, 0xf7, 0xff,
    0xbf, 0xf7, 0xff, 0xbf, 0xf7, 0xff, 0xbf, 0xf7, 0xff, 0xbf, 0xf7, 0xff, 0xbf, 0xf7, 0xff, 0xbf,
    0xf7, 0xff, 0xbf, 0xf7, 0xff, 0xbf, 0xf7, 0xff, 0xbf, 0xf7, 0xff, 0xbf, 0xf7, 0xff, 0xbf, 0xf7,
    0xff, 0xbf, 0xf7, 0xff, 0xbf, 0xf7, 0xff, 0xbf, 0xf7, 0xff, 0xbf, 0xf7, 0xff, 0xbf, 0xf7, 0xff,
    0xbf, 0xf7, 0xff, 0xbf, 0xf7, 0xff, 0xbf, 0xf7, 0xff, 0xbf, 0xf7, 0xff, 0xbf, 0xf7, 0xff, 0xbf,
    0xf7, 0xff, 0xbf, 0xf7, 0xff, 0xbf, 0xf7, 0xff, 0xbf, 0xf7, 0xff, 0xbf, 0xf7, 0xff, 0xbf, 0xf7,
    0xff, 0xbf, 0xf7, 0xff, 0xbf, 0xf7, 0xff, 0xbf, 0xf7, 0xff, 0xbf, 0xf7, 0xff, 0xbf, 0xf7, 0xff,
    0xbf, 0xf7, 0xff, 0xbf, 0xf7, 0xff, 0xbf, 0xf7, 0xff, 0xbf, 0xf7, 0xff, 0xbf, 0xf7, 0xff, 0xbf,
    0xf7, 0xff, 0xbf, 0xf7, 0xff, 0xbf, 0xf7, 0xff, 0xbf, 0xf7, 0xff, 0xbf, 0xf7, 0xff, 0xbf, 0xf7,
    0xff, 0xbf, 0xf7, 0xff, 0xbf, 0xf7, 0xff, 0xbf, 0xf7, 0xff, 0xbf, 0xf7, 0xff, 0xbf, 0xf7, 0xff,
    0xbf, 0xf7, 0xff, 0xbf, 0xf7, 0xff, 0xbf, 0xf7, 0xff, 0xbf, 0xf7, 0xff, 0xbf, 0xf7, 0xff, 0xdf,
    0xff, 0xff, 0x1c, 0xdf, 0xff, 0x5a, 0xc6, 0xff, 0x7a, 0xce, 0xff, 0x7a, 0xce, 0xff, 0x7a, 0xce,
    0xff, 0x7a, 0xce, 0xff, 0x7a, 0xce, 0xff, 0x7a, 0xce, 0xff, 0x7a, 0xce, 0xff, 0x7a, 0xce, 0xff,
    0x7a, 0xce, 0xff, 0x7a, 0xce, 0xff, 0x7a, 0xce, 0xff, 0x7a, 0xce, 0xff, 0x7a, 0xce, 0xff, 0x7a,
    0xce, 0xff, 0x7a, 0xce, 0xff, 0x7a, 0xce, 0xff, 0x7a, 0xce, 0xff, 0x7a, 0xce, 0xff, 0x7a, 0xce,
    0xff, 0x7a, 0xce, 0xff, 0x7a, 0xce, 0xff, 0x7a, 0xce, 0xff, 0x7a, 0xce, 0xff, 0x7a, 0xce, 0xff,
    0x7a, 0xce, 0xff, 0x7a, 0xce, 0xff, 0x7a, 0xce, 0xff, 0x7a, 0xce, 0xff, 0x7a, 0xce, 0xff, 0x7a,
    0xce, 0xff, 0x7a, 0xce, 0xff, 0x7a, 0xce, 0xff, 0x7a, 0xce, 0xff, 0x7a, 0xce, 0xff, 0x7a, 0xce,
    0xff, 0x7a, 0xce, 0xff, 0x7a, 0xce, 0xff, 0x7a, 0xce, 0xff, 0x7a, 0xce, 0xff, 0x7a, 0xce, 0xff,
    0x7a, 0xce, 0xff, 0x7a, 0xce, 0xff, 0x7a, 0xce, 0xff, 0x7a, 0xce, 0xff, 0x7a, 0xce, 0xff, 0x7a,
    0xce, 0xff, 0x7a, 0xce, 0xff, 0x7a, 0xce, 0xff, 0x7a, 0xce, 0xff, 0x7a, 0xce, 0xff, 0x7a, 0xce,
    0xff, 0x7a, 0xce, 0xff, 0x7a, 0xce, 0xff, 0x7a, 0xce, 0xff, 0x7a, 0xce, 0xff, 0x7a, 0xce, 0xff,
    0x7a, 0xce, 0xff, 0x7a, 0xce, 0xff, 0x7a, 0xce, 0xff, 0x7a, 0xce, 0xff, 0x7a, 0xce, 0xff, 0x7a,
    0xce, 0xff, 0x7a, 0xce, 0xff, 0x7a, 0xce, 0xff, 0x7a, 0xce, 0xff, 0x7a, 0xce, 0xff, 0x7a, 0xce,
    0xff, 0x7a, 0xce, 0xff, 0x7a, 0xce, 0xff, 0x7a, 0xce, 0xff, 0x7a, 0xce, 0xff, 0x7a, 0xce, 0xff,
    0x7a, 0xc6, 0xff, 0x7e, 0xef, 0xff, 0xdf, 0xf7, 0xff, 0xbf, 0xf7, 0xff, 0xbf, 0xf7, 0xff, 0xbf,
    0xf7, 0xff, 0xbf, 0xf7, 0xff, 0xbf, 0xf7, 0xff, 0xbf, 0xf7, 0xff, 0xbf, 0xf7, 0xff, 0xbf, 0xf7,
    0xff, 0xbf, 0xf7, 0xff, 0xbf, 0xf7, 0xff, 0xbf, 0xf7, 0xff, 0xbf, 0xf7, 0xff, 0xbf, 0xf7, 0xff,
    0xbf, 0xf7, 0xff, 0xbf, 0xf7, 0xff, 0xbf, 0xf7, 0xff, 0xbf, 0xf7, 0xff, 0xbf, 0xf7, 0xff, 0xbf,
    0xf7, 0xff, 0xbf, 0xf7, 0xff, 0xbf, 0xf7, 0xff, 0xbf, 0xf7, 0xff, 0xbf, 0xf7, 0xff, 0xbf, 0xf7,
    0xff, 0xbf, 0xf7, 0xff, 0xbf, 0xf7, 0xff, 0xbf, 0xf7, 0xff, 0xbf, 0xf7, 0xff, 0xbf, 0xf7, 0xff,
    0xbf, 0xf7, 0xff, 0xbf, 0xf7, 0xff, 0xbf, 0xf7, 0xff, 0xbf, 0xf7, 0xff, 0xbf, 0xf7, 0xff, 0xbf,
    0xf7, 0xff, 0xbf, 0xf7, 0xff, 0xbf, 0xf7, 0xff, 0xbf, 0xf7, 0xff, 0xbf, 0xf7, 0xff, 0xbf, 0xf7,
    0xff, 0xbf, 0xf7, 0xff, 0xbf, 0xf7, 0xff, 0xbf, 0xf7, 0xff, 0xbf, 0xf7, 0xff, 0xbf, 0xf7, 0xff,
    0xbf, 0xf7, 0xff, 0xbf, 0xf7, 0xff, 0xbf, 0xf7, 0xff, 0xbf, 0xf7, 0xff, 0xbf, 0xf7, 0xff, 0xbf,
    0xf7, 0xff, 0xbf, 0xf7, 0xff, 0xbf, 0xf7, 0xff, 0xbf, 0xf7, 0xff, 0xbf, 0xf7, 0xff, 0xbf, 0xf7,
    0xff, 0xbf, 0xf7, 0xff, 0xbf, 0xf7, 0xff, 0xbf, 0xf7, 0xff, 0xbf, 0xf7, 0xff, 0xbf, 0xf7, 0xff,
    0xbf, 0xf7, 0xff, 0xbf, 0xf7, 0xff, 0xbf, 0xf7, 0xff, 0xbf, 0xf7, 0xff, 0xbf, 0xf7, 0xff, 0xbf,
    0xf7, 0xff, 0xbf, 0xf7, 0xff, 0xbf, 0xf7, 0xff, 0xbf, 0xf7, 0xff, 0xbf, 0xf7, 0xff, 0xbf, 0xf7,
    0xff, 0xbf, 0xf7, 0xff, 0xbf, 0xf7, 0xff, 0xbf, 0xf7, 0xff, 0xbf, 0xf7, 0xff, 0xbf, 0xf7, 0xff,
    0xbf, 0xf7, 0xff, 0xbf, 0xf7, 0xff, 0xbf, 0xf7, 0xff, 0xbf, 0xf7, 0xff, 0xbf, 0xf7, 0xff, 0xbf,
    0xf7, 0xff, 0xbf, 0xf7, 0xff, 0xbf, 0xf7, 0xff, 0xbf, 0xf7, 0xff, 0xbf, 0xf7, 0xff, 0xbf, 0xf7,
    0xff, 0xbf, 0xf7, 0xff, 0xbf, 0xf7, 0xff, 0xbf, 0xf7, 0xff, 0xbf, 0xf7, 0xff, 0xbf, 0xf7, 0xff,
    0xbf, 0xf7, 0xff, 0xbf, 0xf7, 0xff, 0xbf, 0xf7, 0xff, 0xbf, 0xf7, 0xff, 0xbf, 0xf7, 0xff, 0xbf,
    0xf7, 0xff, 0xbf, 0xf7, 0xff, 0xbf, 0xf7, 0xff, 0xbf, 0xf7, 0xff, 0xdf, 0xf7, 0xff, 0xbf, 0xf7,
    0xff, 0x9b, 0xce, 0xff, 0x7a, 0xc6, 0xff, 0x7a, 0xce, 0xff, 0x7a, 0xce, 0xff, 0x7a, 0xce, 0xff,
    0x7a, 0xce, 0xff, 0x7a, 0xce, 0xff, 0x7a, 0xce, 0xff, 0x7a, 0xce, 0xff, 0x7a, 0xce, 0xff, 0x7a,
    0xce, 0xff, 0x7a, 0xce, 0xff, 0x7a, 0xce, 0xff, 0x7a, 0xce, 0xff, 0x7a, 0xce, 0xff, 0x7a, 0xce,
    0xff, 0x7a, 0xce, 0xff, 0x7a, 0xce, 0xff, 0x7a, 0xce, 0xff, 0x7a, 0xce, 0xff, 0x7a, 0xce, 0xff,
    0x7a, 0xce, 0xff, 0x7a, 0xce, 0xff, 0x7a, 0xce, 0xff, 0x7a, 0xce, 0xff, 0x7a, 0xce, 0xff, 0x7a,
    0xce, 0xff, 0x7a, 0xce, 0xff, 0x7a, 0xce, 0xff, 0x7a, 0xce, 0xff, 0x7a, 0xce, 0xff, 0x7a, 0xce,
    0xff, 0x7a, 0xce, 0xff, 0x7a, 0xce, 0xff, 0x7a, 0xce, 0xff, 0x7a, 0xce, 0xff, 0x7a, 0xce, 0xff,
    0x7a, 0xce, 0xff, 0x7a, 0xce, 0xff, 0x7a, 0xce, 0xff, 0x7a, 0xce, 0xff, 0x7a, 0xce, 0xff, 0x7a,
    0xce, 0xff, 0x7a, 0xce, 0xff, 0x7a, 0xce, 0xff, 0x7a, 0xce, 0xff, 0x7a, 0xce, 0xff, 0x7a, 0xce,
    0xff, 0x7a, 0xce, 0xff, 0x7a, 0xce, 0xff, 0x7a, 0xce, 0xff, 0x7a, 0xce, 0xff, 0x7a, 0xce, 0xff,
    0x7a, 0xce, 0xff, 0x7a, 0xce, 0xff, 0x7a, 0xce, 0xff, 0x7a, 0xce, 0xff, 0x7a, 0xce, 0xff, 0x7a,
    0xce, 0xff, 0x7a, 0xce, 0xff, 0x7a, 0xce, 0xff, 0x7a, 0xce, 0xff, 0x7a, 0xce, 0xff, 0x7a, 0xce,
    0xff, 0x7a, 0xce, 0xff, 0x7a, 0xce, 0xff, 0x7a, 0xce, 0xff, 0x7a, 0xce, 0xff, 0x7a, 0xce, 0xff,
    0x7a, 0xce, 0xff, 0x7a, 0xce, 0xff, 0x7a, 0xce, 0xff, 0x7a, 0xc6, 0xff, 0xdb, 0xd6, 0xff, 0xdf,
    0xf7, 0xff, 0xbf, 0xf7, 0xff, 0xbf, 0xf7, 0xff, 0xbf, 0xf7, 0xff, 0xbf, 0xf7, 0xff, 0xbf, 0xf7,
    0xff, 0xbf, 0xf7, 0xff, 0xbf, 0xf7, 0xff, 0xbf, 0xf7, 0xff, 0xbf, 0xf7, 0xff, 0xbf, 0xf7, 0xff,
    0xbf, 0xf7, 0xff, 0xbf, 0xf7, 0xff, 0xbf, 0xf7, 0xff, 0xbf, 0xf7, 0xff, 0xbf, 0xf7, 0xff, 0xbf,
    0xf7, 0xff, 0xbf, 0xf7, 0xff, 0xbf, 0xf7, 0xff, 0xbf, 0xf7, 0xff, 0xbf, 0xf7, 0xff, 0xbf, 0xf7,
    0xff, 0xbf, 0xf7, 0xff, 0xbf, 0xf7, 0xff, 0xbf, 0xf7, 0xff, 0xbf, 0xf7, 0xff, 0xbf, 0xf7, 0xff,
    0xbf, 0xf7, 0xff, 0xbf, 0xf7, 0xff, 0xbf, 0xf7, 0xff, 0xbf, 0xf7, 0xff, 0xbf, 0xf7, 0xff, 0xbf,
    0xf7, 0xff, 0xbf, 0xf7, 0xff, 0xbf, 0xf7, 0xff, 0xbf, 0xf7, 0xff, 0xbf, 0xf7, 0xff, 0xbf, 0xf7,
    0xff, 0xbf, 0xf7, 0xff, 0xbf, 0xf7, 0xff, 0xbf, 0xf7, 0xff, 0xbf, 0xf7, 0xff, 0xbf, 0xf7, 0xff,
    0xbf, 0xf7, 0xff, 0xbf, 0xf7, 0xff, 0xbf, 0xf7, 0xff, 0xbf, 0xf7, 0xff, 0xbf, 0xf7, 0xff, 0xbf,
    0xf7, 0xff, 0xbf, 0xf7, 0xff, 0xbf, 0xf7, 0xff, 0xbf, 0xf7, 0xff, 0xbf, 0xf7, 0xff, 0xbf, 0xf7,
    0xff, 0xbf, 0xf7, 0xff, 0xbf, 0xf7, 0xff, 0xbf, 0xf7, 0xff, 0xbf, 0xf7, 0xff, 0xbf, 0xf7, 0xff,
    0xbf, 0xf7, 0xff, 0xbf, 0xf7, 0xff, 0xbf, 0xf7, 0xff, 0xbf, 0xf7, 0xff, 0xbf, 0xf7, 0xff, 0xbf,
    0xf7, 0xff, 0xbf, 0xf7, 0xff, 0xbf, 0xf7, 0xff, 0xbf, 0xf7, 0xff, 0xbf, 0xf7, 0xff, 0xbf, 0xf7,
    0xff, 0xbf, 0xf7, 0xff, 0xbf, 0xf7, 0xff, 0xbf, 0xf7, 0xff, 0xbf, 0xf7, 0xff, 0xbf, 0xf7, 0xff,
    0xbf, 0xf7, 0xff, 0xbf, 0xf7, 0xff, 0xbf, 0xf7, 0xff, 0xbf, 0xf7, 0xff, 0xbf, 0xf7, 0xff, 0xbf,
    0xf7, 0xff, 0xbf, 0xf7, 0xff, 0xbf, 0xf7, 0xff, 0xbf, 0xf7, 0xff, 0xbf, 0xf7, 0xff, 0xbf, 0xf7,
    0xff, 0xbf, 0xf7, 0xff, 0xbf, 0xf7, 0xff, 0xbf, 0xf7, 0xff, 0xbf, 0xf7, 0xff, 0xbf, 0xf7, 0xff,
    0xbf, 0xf7, 0xff, 0xbf, 0xf7, 0xff, 0xbf, 0xf7, 0xff, 0xbf, 0xf7, 0xff, 0xbf, 0xf7, 0xff, 0xbf,
    0xf7, 0xff, 0xbf, 0xf7, 0xff, 0xbf, 0xf7, 0xff, 0xbf, 0xf7, 0xff, 0xbf, 0xf7, 0xff, 0xbf, 0xf7,
    0xff, 0xbf, 0xf7, 0xff, 0xbf, 0xf7, 0xff, 0xbf, 0xf7, 0xff, 0xdf, 0xff, 0xff, 0x1d, 0xdf, 0xff,
    0x5a, 0xc6, 0xff, 0x7a, 0xce, 0xff, 0x7a, 0xce, 0xff, 0x7a, 0xce, 0xff, 0x7a, 0xce, 0xff, 0x7a,
    0xce, 0xff, 0x7a, 0xce, 0xff, 0x7a, 0xce, 0xff, 0x7a, 0xce, 0xff, 0x7a, 0xce, 0xff, 0x7a, 0xce,
    0xff, 0x7a, 0xce, 0xff, 0x7a, 0xce, 0xff, 0x7a, 0xce, 0xff, 0x7a, 0xce, 0xff, 0x7a, 0xce, 0xff,
    0x7a, 0xce, 0xff, 0x7a, 0xce, 0xff, 0x7a, 0xce, 0xff, 0x7a, 0xce, 0xff, 0x7a, 0xce, 0xff, 0x7a,
    0xce, 0xff, 0x7a, 0xce, 0xff, 0x7a, 0xce, 0xff, 0x7a, 0xce, 0xff, 0x7a, 0xce, 0xff, 0x7a, 0xce,
    0xff, 0x7a, 0xce, 0xff, 0x7a, 0xce, 0xff, 0x7a, 0xce, 0xff, 0x7a, 0xce, 0xff, 0x7a, 0xce, 0xff,
    0x7a, 0xce, 0xff, 0x7a, 0xce, 0xff, 0x7a, 0xce, 0xff, 0x7a, 0xce, 0xff, 0x7a, 0xce, 0xff, 0x7a,
    0xce, 0xff, 0x7a, 0xce, 0xff, 0x7a, 0xce, 0xff, 0x7a, 0xce, 0xff, 0x7a, 0xce, 0xff, 0x7a, 0xce,
    0xff, 0x7a, 0xce, 0xff, 0x7a, 0xce, 0xff, 0x7a, 0xce, 0xff, 0x7a, 0xce, 0xff, 0x7a, 0xce, 0xff,
    0x7a, 0xce, 0xff, 0x7a, 0xce, 0xff, 0x7a, 0xce, 0xff, 0x7a, 0xce, 0xff, 0x7a, 0xce, 0xff, 0x7a,
    0xce, 0xff, 0x7a, 0xce, 0xff, 0x7a, 0xce, 0xff, 0x7a, 0xce, 0xff, 0x7a, 0xce, 0xff, 0x7a, 0xce,
    0xff, 0x7a, 0xce, 0xff, 0x7a, 0xce, 0xff, 0x7a, 0xce, 0xff, 0x7a, 0xce, 0xff, 0x7a, 0xce, 0xff,
    0x7a, 0xce, 0xff, 0x7a, 0xce, 0xff, 0x7a, 0xce, 0xff, 0x7a, 0xce, 0xff, 0x7a, 0xce, 0xff, 0x7a,
    0xce, 0xff, 0x7a, 0xce, 0xff, 0x7a, 0xc6, 0xff, 0x7e, 0xef, 0xff, 0xdf, 0xf7, 0xff, 0xbf, 0xf7,
    0xff, 0xbf, 0xf7, 0xff, 0xbf, 0xf7, 0xff, 0xbf, 0xf7, 0xff, 0xbf, 0xf7, 0xff, 0xbf, 0xf7, 0xff,
    0xbf, 0xf7, 0xff, 0xbf, 0xf7, 0xff, 0xbf, 0xf7, 0xff, 0xbf, 0xf7, 0xff, 0xbf, 0xf7, 0xff, 0xbf,
    0xf7, 0xff, 0xbf, 0xf7, 0xff, 0xbf, 0xf7, 0xff, 0xbf, 0xf7, 0xff, 0xbf, 0xf7, 0xff, 0xbf, 0xf7,
    0xff, 0xbf, 0xf7, 0xff, 0xbf, 0xf7, 0xff, 0xbf, 0xf7, 0xff, 0xbf, 0xf7, 0xff, 0xbf, 0xf7, 0xff,
    0xbf, 0xf7, 0xff, 0xbf, 0xf7, 0xff, 0xbf, 0xf7, 0xff, 0xbf, 0xf7, 0xff, 0xbf, 0xf7, 0xff, 0xbf,
    0xf7, 0xff, 0xbf, 0xf7, 0xff, 0xbf, 0xf7, 0xff, 0xbf, 0xf7, 0xff, 0xbf, 0xf7, 0xff, 0xbf, 0xf7,
    0xff, 0xbf, 0xf7, 0xff, 0xbf, 0xf7, 0xff, 0xbf, 0xf7, 0xff, 0xbf, 0xf7, 0xff, 0xbf, 0xf7, 0xff,
    0xbf, 0xf7, 0xff, 0xbf, 0xf7, 0xff, 0xbf, 0xf7, 0xff, 0xbf, 0xf7, 0xff, 0xbf, 0xf7, 0xff, 0xbf,
    0xf7, 0xff, 0xbf, 0xf7, 0xff, 0xbf, 0xf7, 0xff, 0xbf, 0xf7, 0xff, 0xbf, 0xf7, 0xff, 0xbf, 0xf7,
    0xff, 0xbf, 0xf7, 0xff, 0xbf, 0xf7, 0xff, 0xbf, 0xf7, 0xff, 0xbf, 0xf7, 0xff, 0xbf, 0xf7, 0xff,
    0xbf, 0xf7, 0xff, 0xbf, 0xf7, 0xff, 0xbf, 0xf7, 0xff, 0xbf, 0xf7, 0xff, 0xbf, 0xf7, 0xff, 0xbf,
    0xf7, 0xff, 0xbf, 0xf7, 0xff, 0xbf, 0xf7, 0xff, 0xbf, 0xf7, 0xff, 0xbf, 0xf7, 0xff, 0xbf, 0xf7,
    0xff, 0xbf, 0xf7, 0xff, 0xbf, 0xf7, 0xff, 0xbf, 0xf7, 0xff, 0xbf, 0xf7, 0xff, 0xbf, 0xf7, 0xff,
    0xbf, 0xf7, 0xff, 0xbf, 0xf7, 0xff, 0xbf, 0xf7, 0xff, 0xbf, 0xf7, 0xff, 0xbf, 0xf7, 0xff, 0xbf,
    0xf7, 0xff, 0xbf, 0xf7, 0xff, 0xbf, 0xf7, 0xff, 0xbf, 0xf7, 0xff, 0xbf, 0xf7, 0xff, 0xbf, 0xf7,
    0xff, 0xbf, 0xf7, 0xff, 0xbf, 0xf7, 0xff, 0xbf, 0xf7, 0xff, 0xbf, 0xf7, 0xff, 0xbf, 0xf7, 0xff,
    0xbf, 0xf7, 0xff, 0xbf, 0xf7, 0xff, 0xbf, 0xf7, 0xff, 0xbf, 0xf7, 0xff, 0xbf, 0xf7, 0xff, 0xbf,
    0xf7, 0xff, 0xbf, 0xf7, 0xff, 0xbf, 0xf7, 0xff, 0xbf, 0xf7, 0xff, 0xbf, 0xf7, 0xff, 0xbf, 0xf7,
    0xff, 0xbf, 0xf7, 0xff, 0xbf, 0xf7, 0xff, 0xbf, 0xf7, 0xff, 0xbf, 0xf7, 0xff, 0xbf, 0xf7, 0xff,
    0xbf, 0xf7, 0xff, 0xbf, 0xf7, 0xff, 0xdf, 0xf7, 0xff, 0xbf, 0xf7, 0xff, 0x9b, 0xce, 0xff, 0x7a,
    0xc6, 0xff, 0x7a, 0xce, 0xff, 0x7a, 0xce, 0xff, 0x7a, 0xce, 0xff, 0x7a, 0xce, 0xff, 0x7a, 0xce,
    0xff, 0x7a, 0xce, 0xff, 0x7a, 0xce, 0xff, 0x7a, 0xce, 0xff, 0x7a, 0xce, 0xff, 0x7a, 0xce, 0xff,
    0x7a, 0xce, 0xff, 0x7a, 0xce, 0xff, 0x7a, 0xce, 0xff, 0x7a, 0xce, 0xff, 0x7a, 0xce, 0xff, 0x7a,
    0xce, 0xff, 0x7a, 0xce, 0xff, 0x7a, 0xce, 0xff, 0x7a, 0xce, 0xff, 0x7a, 0xce, 0xff, 0x7a, 0xce,
    0xff, 0x7a, 0xce, 0xff, 0x7a, 0xce, 0xff, 0x7a, 0xce, 0xff, 0x7a, 0xce, 0xff, 0x7a, 0xce, 0xff,
    0x7a, 0xce, 0xff, 0x7a, 0xce, 0xff, 0x7a, 0xce, 0xff, 0x7a, 0xce, 0xff, 0x7a, 0xce, 0xff, 0x7a,
    0xce, 0xff, 0x7a, 0xce, 0xff, 0x7a, 0xce, 0xff, 0x7a, 0xce, 0xff, 0x7a, 0xce, 0xff, 0x7a, 0xce,
    0xff, 0x7a, 0xce, 0xff, 0x7a, 0xce, 0xff, 0x7a, 0xce, 0xff, 0x7a, 0xce, 0xff, 0x7a, 0xce, 0xff,
    0x7a, 0xce, 0xff, 0x7a, 0xce, 0xff, 0x7a, 0xce, 0xff, 0x7a, 0xce, 0xff, 0x7a, 0xce, 0xff, 0x7a,
    0xce, 0xff, 0x7a, 0xce, 0xff, 0x7a, 0xce, 0xff, 0x7a, 0xce, 0xff, 0x7a, 0xce, 0xff, 0x7a, 0xce,
    0xff, 0x7a, 0xce, 0xff, 0x7a, 0xce, 0xff, 0x7a, 0xce, 0xff, 0x7a, 0xce, 0xff, 0x7a, 0xce, 0xff,
    0x7a, 0xce, 0xff, 0x7a, 0xce, 0xff, 0x7a, 0xce, 0xff, 0x7a, 0xce, 0xff, 0x7a, 0xce, 0xff, 0x7a,
    0xce, 0xff, 0x7a, 0xce, 0xff, 0x7a, 0xce, 0xff, 0x7a, 0xce, 0xff, 0x7a, 0xce, 0xff, 0x7a, 0xc6,
    0xff, 0xdb, 0xd6, 0xff, 0xdf, 0xf7, 0xff, 0xbf, 0xf7, 0xff, 0xbf, 0xf7, 0xff, 0xbf, 0xf7, 0xff,
    0xbf, 0xf7, 0xff, 0xbf, 0xf7, 0xff, 0xbf, 0xf7, 0xff, 0xbf, 0xf7, 0xff, 0xbf, 0xf7, 0xff, 0xbf,
    0xf7, 0xff, 0xbf, 0xf7, 0xff, 0xbf, 0xf7, 0xff, 0xbf, 0xf7, 0xff, 0xbf, 0xf7, 0xff, 0xbf, 0xf7,
    0xff, 0xbf, 0xf7, 0xff, 0xbf, 0xf7, 0xff, 0xbf, 0xf7, 0xff, 0xbf, 0xf7, 0xff, 0xbf, 0xf7, 0xff,
    0xbf, 0xf7, 0xff, 0xbf, 0xf7, 0xff, 0xbf, 0xf7, 0xff, 0xbf, 0xf7, 0xff, 0xbf, 0xf7, 0xff, 0xbf,
    0xf7, 0xff, 0xbf, 0xf7, 0xff, 0xbf, 0xf7, 0xff, 0xbf, 0xf7, 0xff, 0xbf, 0xf7, 0xff, 0xbf, 0xf7,
    0xff, 0xbf, 0xf7, 0xff, 0xbf, 0xf7, 0xff, 0xbf, 0xf7, 0xff, 0xbf, 0xf7, 0xff, 0xbf, 0xf7, 0xff,
    0xbf, 0xf7, 0xff, 0xbf, 0xf7, 0xff, 0xbf, 0xf7, 0xff, 0xbf, 0xf7, 0xff, 0xbf, 0xf7, 0xff, 0xbf,
    0xf7, 0xff, 0xbf, 0xf7, 0xff, 0xbf, 0xf7, 0xff, 0xbf, 0xf7, 0xff, 0xbf, 0xf7, 0xff, 0xbf, 0xf7,
    0xff, 0xbf, 0xf7, 0xff, 0xbf, 0xf7, 0xff, 0xbf, 0xf7, 0xff, 0xbf, 0xf7, 0xff, 0xbf, 0xf7, 0xff,
    0xbf, 0xf7, 0xff, 0xbf, 0xf7, 0xff, 0xbf, 0xf7, 0xff, 0xbf, 0xf7, 0xff, 0xbf, 0xf7, 0xff, 0xbf,
    0xf7, 0xff, 0xbf, 0xf7, 0xff, 0xbf, 0xf7, 0xff, 0xbf, 0xf7, 0xff, 0xbf, 0xf7, 0xff, 0xbf, 0xf7,
    0xff, 0xbf, 0xf7, 0xff, 0xbf, 0xf7, 0xff, 0xbf, 0xf7, 0xff, 0xbf, 0xf7, 0xff, 0xbf, 0xf7, 0xff,
    0xbf, 0xf7, 0xff, 0xbf, 0xf7, 0xff, 0xbf, 0xf7, 0xff, 0xbf, 0xf7, 0xff, 0xbf, 0xf7, 0xff, 0xbf,
    0xf7, 0xff, 0xbf, 0xf7, 0xff, 0xbf, 0xf7, 0xff, 0xbf, 0xf7, 0xff, 0xbf, 0xf7, 0xff, 0xbf, 0xf7,
    0xff, 0xbf, 0xf7, 0xff, 0xbf, 0xf7, 0xff, 0xbf, 0xf7, 0xff, 0xbf, 0xf7, 0xff, 0xbf, 0xf7, 0xff,
    0xbf, 0xf7, 0xff, 0xbf, 0xf7, 0xff, 0xbf, 0xf7, 0xff, 0xbf, 0xf7, 0xff, 0xbf, 0xf7, 0xff, 0xbf,
    0xf7, 0xff, 0xbf, 0xf7, 0xff, 0xbf, 0xf7, 0xff, 0xbf, 0xf7, 0xff, 0xbf, 0xf7, 0xff, 0xbf, 0xf7,
    0xff, 0xbf, 0xf7, 0xff, 0xbf, 0xf7, 0xff, 0xbf, 0xf7, 0xff, 0xbf, 0xf7, 0xff, 0xbf, 0xf7, 0xff,
    0xbf, 0xf7, 0xff, 0xbf, 0xf7, 0xff, 0xbf, 0xf7, 0xff, 0xbf, 0xf7, 0xff, 0xbf, 0xf7, 0xff, 0xbf,
    0xf7, 0xff, 0xbf, 0xf7, 0xff, 0xdf, 0xff, 0xff, 0x1d, 0xdf, 0xff, 0x5a, 0xc6, 0xff, 0x7a, 0xce,
    0xff, 0x7a, 0xce, 0xff, 0x7a, 0xce, 0xff, 0x7a, 0xce, 0xff, 0x7a, 0xce, 0xff, 0x7a, 0xce, 0xff,
    0x7a, 0xce, 0xff, 0x7a, 0xce, 0xff, 0x7a, 0xce, 0xff, 0x7a, 0xce, 0xff, 0x7a, 0xce, 0xff, 0x7a,
    0xce, 0xff, 0x7a, 0xce, 0xff, 0x7a, 0xce, 0xff, 0x7a, 0xce, 0xff, 0x7a, 0xce, 0xff, 0x7a, 0xce,
    0xff, 0x7a, 0xce, 0xff, 0x7a, 0xce, 0xff, 0x7a, 0xce, 0xff, 0x7a, 0xce, 0xff, 0x7a, 0xce, 0xff,
    0x7a, 0xce, 0xff, 0x7a, 0xce, 0xff, 0x7a, 0xce, 0xff, 0x7a, 0xce, 0xff, 0x7a, 0xce, 0xff, 0x7a,
    0xce, 0xff, 0x7a, 0xce, 0xff, 0x7a, 0xce, 0xff, 0x7a, 0xce, 0xff, 0x7a, 0xce, 0xff, 0x7a, 0xce,
    0xff, 0x7a, 0xce, 0xff, 0x7a, 0xce, 0xff, 0x7a, 0xce, 0xff, 0x7a, 0xce, 0xff, 0x7a, 0xce, 0xff,
    0x7a, 0xce, 0xff, 0x7a, 0xce, 0xff, 0x7a, 0xce, 0xff, 0x7a, 0xce, 0xff, 0x7a, 0xce, 0xff, 0x7a,
    0xce, 0xff, 0x7a, 0xce, 0xff, 0x7a, 0xce, 0xff, 0x7a, 0xce, 0xff, 0x7a, 0xce, 0xff, 0x7a, 0xce,
    0xff, 0x7a, 0xce, 0xff, 0x7a, 0xce, 0xff, 0x7a, 0xce, 0xff, 0x7a, 0xce, 0xff, 0x7a, 0xce, 0xff,
    0x7a, 0xce, 0xff, 0x7a, 0xce, 0xff, 0x7a, 0xce, 0xff, 0x7a, 0xce, 0xff, 0x7a, 0xce, 0xff, 0x7a,
    0xce, 0xff, 0x7a, 0xce, 0xff, 0x7a, 0xce, 0xff, 0x7a, 0xce, 0xff, 0x7a, 0xce, 0xff, 0x7a, 0xce,
    0xff, 0x7a, 0xce, 0xff, 0x7a, 0xce, 0xff, 0x7a, 0xce, 0xff, 0x7a, 0xc6, 0xff, 0x7e, 0xef, 0xff,
    0xdf, 0xf7, 0xff, 0xbf, 0xf7, 0xff, 0xbf, 0xf7, 0xff, 0xbf, 0xf7, 0xff, 0xbf, 0xf7, 0xff, 0xbf,
    0xf7, 0xff, 0xbf, 0xf7, 0xff, 0xbf, 0xf7, 0xff, 0xbf, 0xf7, 0xff, 0xbf, 0xf7, 0xff, 0xbf, 0xf7,
    0xff, 0xbf, 0xf7, 0xff, 0xbf, 0xf7, 0xff, 0xbf, 0xf7, 0xff, 0xbf, 0xf7, 0xff, 0xbf, 0xf7, 0xff,
    0xbf, 0xf7, 0xff, 0xbf, 0xf7, 0xff, 0xbf, 0xf7, 0xff, 0xbf, 0xf7, 0xff, 0xbf, 0xf7, 0xff, 0xbf,
    0xf7, 0xff, 0xbf, 0xf7, 0xff, 0xbf, 0xf7, 0xff, 0xbf, 0xf7, 0xff, 0xbf, 0xf7, 0xff, 0xbf, 0xf7,
    0xff, 0xbf, 0xf7, 0xff, 0xbf, 0xf7, 0xff, 0xbf, 0xf7, 0xff, 0xbf, 0xf7, 0xff, 0xbf, 0xf7, 0xff,
    0xbf, 0xf7, 0xff, 0xbf, 0xf7, 0xff, 0xbf, 0xf7, 0xff, 0xbf, 0xf7, 0xff, 0xbf, 0xf7, 0xff, 0xbf,
    0xf7, 0xff, 0xbf, 0xf7, 0xff, 0xbf, 0xf7, 0xff, 0xbf, 0xf7, 0xff, 0xbf, 0xf7, 0xff, 0xbf, 0xf7,
    0xff, 0xbf, 0xf7, 0xff, 0xbf, 0xf7, 0xff, 0xbf, 0xf7, 0xff, 0xbf, 0xf7, 0xff, 0xbf, 0xf7, 0xff,
    0xbf, 0xf7, 0xff, 0xbf, 0xf7, 0xff, 0xbf, 0xf7, 0xff, 0xbf, 0xf7, 0xff, 0xbf, 0xf7, 0xff, 0xbf,
    0xf7, 0xff, 0xbf, 0xf7, 0xff, 0xbf, 0xf7, 0xff, 0xbf, 0xf7, 0xff, 0xbf, 0xf7, 0xff, 0xbf, 0xf7,
    0xff, 0xbf, 0xf7, 0xff, 0xbf, 0xf7, 0xff, 0xbf, 0xf7, 0xff, 0xbf, 0xf7, 0xff, 0xbf, 0xf7, 0xff,
    0xbf, 0xf7, 0xff, 0xbf, 0xf7, 0xff, 0xbf, 0xf7, 0xff, 0xbf, 0xf7, 0xff, 0xbf, 0xf7, 0xff, 0xbf,
    0xf7, 0xff, 0xbf, 0xf7, 0xff, 0xbf, 0xf7, 0xff, 0xbf, 0xf7, 0xff, 0xbf, 0xf7, 0xff, 0xbf, 0xf7,
    0xff, 0xbf, 0xf7, 0xff, 0xbf, 0xf7, 0xff, 0xbf, 0xf7, 0xff, 0xbf, 0xf7, 0xff, 0xbf, 0xf7, 0xff,
    0xbf, 0xf7, 0xff, 0xbf, 0xf7, 0xff, 0xbf, 0xf7, 0xff, 0xbf, 0xf7, 0xff, 0xbf, 0xf7, 0xff, 0xbf,
    0xf7, 0xff, 0xbf, 0xf7, 0xff, 0xbf, 0xf7, 0xff, 0xbf, 0xf7, 0xff, 0xbf, 0xf7, 0xff, 0xbf, 0xf7,
    0xff, 0xbf, 0xf7, 0xff, 0xbf, 0xf7, 0xff, 0xbf, 0xf7, 0xff, 0xbf, 0xf7, 0xff, 0xbf, 0xf7, 0xff,
    0xbf, 0xf7, 0xff, 0xbf, 0xf7, 0xff, 0xbf, 0xf7, 0xff, 0xbf, 0xf7, 0xff, 0xbf, 0xf7, 0xff, 0xbf,
    0xf7, 0xff, 0xbf, 0xf7, 0xff, 0xbf, 0xf7, 0xff, 0xbf, 0xf7, 0xff, 0xbf, 0xf7, 0xff, 0xbf, 0xf7,
    0xff, 0xdf, 0xf7, 0xff, 0xbf, 0xf7, 0xff, 0x9b, 0xce, 0xff, 0x7a, 0xc6, 0xff, 0x7a, 0xce, 0xff,
    0x7a, 0xce, 0xff, 0x7a, 0xce, 0xff, 0x7a, 0xce, 0xff, 0x7a, 0xce, 0xff, 0x7a, 0xce, 0xff, 0x7a,
    0xce, 0xff, 0x7a, 0xce, 0xff, 0x7a, 0xce, 0xff, 0x7a, 0xce, 0xff, 0x7a, 0xce, 0xff, 0x7a, 0xce,
    0xff, 0x7a, 0xce, 0xff, 0x7a, 0xce, 0xff, 0x7a, 0xce, 0xff, 0x7a, 0xce, 0xff, 0x7a, 0xce, 0xff,
    0x7a, 0xce, 0xff, 0x7a, 0xce, 0xff, 0x7a, 0xce, 0xff, 0x7a, 0xce, 0xff, 0x7a, 0xce, 0xff, 0x7a,
    0xce, 0xff, 0x7a, 0xce, 0xff, 0x7a, 0xce, 0xff, 0x7a, 0xce, 0xff, 0x7a, 0xce, 0xff, 0x7a, 0xce,
    0xff, 0x7a, 0xce, 0xff, 0x7a, 0xce, 0xff, 0x7a, 0xce, 0xff, 0x7a, 0xce, 0xff, 0x7a, 0xce, 0xff,
    0x7a, 0xce, 0xff, 0x7a, 0xce, 0xff, 0x7a, 0xce, 0xff, 0x7a, 0xce, 0xff, 0x7a, 0xce, 0xff, 0x7a,
    0xce, 0xff, 0x7a, 0xce, 0xff, 0x7a, 0xce, 0xff, 0x7a, 0xce, 0xff, 0x7a, 0xce, 0xff, 0x7a, 0xce,
    0xff, 0x7a, 0xce, 0xff, 0x7a, 0xce, 0xff, 0x7a, 0xce, 0xff, 0x7a, 0xce, 0xff, 0x7a, 0xce, 0xff,
    0x7a, 0xce, 0xff, 0x7a, 0xce, 0xff, 0x7a, 0xce, 0xff, 0x7a, 0xce, 0xff, 0x7a, 0xce, 0xff, 0x7a,
    0xce, 0xff, 0x7a, 0xce, 0xff, 0x7a, 0xce, 0xff, 0x7a, 0xce, 0xff, 0x7a, 0xce, 0xff, 0x7a, 0xce,
    0xff, 0x7a, 0xce, 0xff, 0x7a, 0xce, 0xff, 0x7a, 0xce, 0xff, 0x7a, 0xce, 0xff, 0x7a, 0xce, 0xff,
    0x7a, 0xce, 0xff, 0x7a, 0xc6, 0xff, 0xbb, 0xd6, 0xff, 0xbf, 0xf7, 0xff, 0xbf, 0xf7, 0xff, 0xbf,
    0xf7, 0xff, 0xbf, 0xf7, 0xff, 0xbf, 0xf7, 0xff, 0xbf, 0xf7, 0xff, 0xbf, 0xf7, 0xff, 0xbf, 0xf7,
    0xff, 0xbf, 0xf7, 0xff, 0xbf, 0xf7, 0xff, 0xbf, 0xf7, 0xff, 0xbf, 0xf7, 0xff, 0xbf, 0xf7, 0xff,
    0xbf, 0xf7, 0xff, 0xbf, 0xf7, 0xff, 0xbf, 0xf7, 0xff, 0xbf, 0xf7, 0xff, 0xbf, 0xf7, 0xff, 0xbf,
    0xf7, 0xff, 0xbf, 0xf7, 0xff, 0xbf, 0xf7, 0xff, 0xbf, 0xf7, 0xff, 0xbf, 0xf7, 0xff, 0xbf, 0xf7,
    0xff, 0xbf, 0xf7, 0xff, 0xbf, 0xf7, 0xff, 0xbf, 0xf7, 0xff, 0xbf, 0xf7, 0xff, 0xbf, 0xf7, 0xff,
    0xbf, 0xf7, 0xff, 0xbf, 0xf7, 0xff, 0xbf, 0xf7, 0xff, 0xbf, 0xf7, 0xff, 0xbf, 0xf7, 0xff, 0xbf,
    0xf7, 0xff, 0xbf, 0xf7, 0xff, 0xbf, 0xf7, 0xff, 0xbf, 0xf7, 0xff, 0xbf, 0xf7, 0xff, 0xbf, 0xf7,
    0xff, 0xbf, 0xf7, 0xff, 0xbf, 0xf7, 0xff, 0xbf, 0xf7, 0xff, 0xbf, 0xf7, 0xff, 0xbf, 0xf7, 0xff,
    0xbf, 0xf7, 0xff, 0xbf, 0xf7, 0xff, 0xbf, 0xf7, 0xff, 0xbf, 0xf7, 0xff, 0xbf, 0xf7, 0xff, 0xbf,
    0xf7, 0xff, 0xbf, 0xf7, 0xff, 0xbf, 0xf7, 0xff, 0xbf, 0xf7, 0xff, 0xbf, 0xf7, 0xff, 0xbf, 0xf7,
    0xff, 0xbf, 0xf7, 0xff, 0xbf, 0xf7, 0xff, 0xbf, 0xf7, 0xff, 0xbf, 0xf7, 0xff, 0xbf, 0xf7, 0xff,
    0xbf, 0xf7, 0xff, 0xbf, 0xf7, 0xff, 0xbf, 0xf7, 0xff, 0xbf, 0xf7, 0xff, 0xbf, 0xf7, 0xff, 0xbf,
    0xf7, 0xff, 0xbf, 0xf7, 0xff, 0xbf, 0xf7, 0xff, 0xbf, 0xf7, 0xff, 0xbf, 0xf7, 0xff, 0xbf, 0xf7,
    0xff, 0xbf, 0xf7, 0xff, 0xbf, 0xf7, 0xff, 0xbf, 0xf7, 0xff, 0xbf, 0xf7, 0xff, 0xbf, 0xf7, 0xff,
    0xbf, 0xf7, 0xff, 0xbf, 0xf7, 0xff, 0xbf, 0xf7, 0xff, 0xbf, 0xf7, 0xff, 0xbf, 0xf7, 0xff, 0xbf,
    0xf7, 0xff, 0xbf, 0xf7, 0xff, 0xbf, 0xf7, 0xff, 0xbf, 0xf7, 0xff, 0xbf, 0xf7, 0xff, 0xbf, 0xf7,
    0xff, 0xbf, 0xf7, 0xff, 0xbf, 0xf7, 0xff, 0xbf, 0xf7, 0xff, 0xbf, 0xf7, 0xff, 0xbf, 0xf7, 0xff,
    0xbf, 0xf7, 0xff, 0xbf, 0xf7, 0xff, 0xbf, 0xf7, 0xff, 0xbf, 0xf7, 0xff, 0xbf, 0xf7, 0xff, 0xbf,
    0xf7, 0xff, 0xbf, 0xf7, 0xff, 0xbf, 0xf7, 0xff, 0xbf, 0xf7, 0xff, 0xbf, 0xf7, 0xff, 0xbf, 0xf7,
    0xff, 0xbf, 0xf7, 0xff, 0xbf, 0xf7, 0xff, 0xbf, 0xf7, 0xff, 0xbf, 0xf7, 0xff, 0xbf, 0xf7, 0xff,
    0xdf, 0xff, 0xff, 0xfc, 0xde, 0xff, 0x5a, 0xc6, 0xff, 0x7a, 0xce, 0xff, 0x7a, 0xce, 0xff, 0x7a,
    0xce, 0xff, 0x7a, 0xce, 0xff, 0x7a, 0xce, 0xff, 0x7a, 0xce, 0xff, 0x7a, 0xce, 0xff, 0x7a, 0xce,
    0xff, 0x7a, 0xce, 0xff, 0x7a, 0xce, 0xff, 0x7a, 0xce, 0xff, 0x7a, 0xce, 0xff, 0x7a, 0xce, 0xff,
    0x7a, 0xce, 0xff, 0x7a, 0xce, 0xff, 0x7a, 0xce, 0xff, 0x7a, 0xce, 0xff, 0x7a, 0xce, 0xff, 0x7a,
    0xce, 0xff, 0x7a, 0xce, 0xff, 0x7a, 0xce, 0xff, 0x7a, 0xce, 0xff, 0x7a, 0xce, 0xff, 0x7a, 0xce,
    0xff, 0x7a, 0xce, 0xff, 0x7a, 0xce, 0xff, 0x7a, 0xce, 0xff, 0x7a, 0xce, 0xff, 0x7a, 0xce, 0xff,
    0x7a, 0xce, 0xff, 0x7a, 0xce, 0xff, 0x7a, 0xce, 0xff, 0x7a, 0xce, 0xff, 0x7a, 0xce, 0xff, 0x7a,
    0xce, 0xff, 0x7a, 0xce, 0xff, 0x7a, 0xce, 0xff, 0x7a, 0xce, 0xff, 0x7a, 0xce, 0xff, 0x7a, 0xce,
    0xff, 0x7a, 0xce, 0xff, 0x7a, 0xce, 0xff, 0x7a, 0xce, 0xff, 0x7a, 0xce, 0xff, 0x7a, 0xce, 0xff,
    0x7a, 0xce, 0xff, 0x7a, 0xce, 0xff, 0x7a, 0xce, 0xff, 0x7a, 0xce, 0xff, 0x7a, 0xce, 0xff, 0x7a,
    0xce, 0xff, 0x7a, 0xce, 0xff, 0x7a, 0xce, 0xff, 0x7a, 0xce, 0xff, 0x7a, 0xce, 0xff, 0x7a, 0xce,
    0xff, 0x7a, 0xce, 0xff, 0x7a, 0xce, 0xff, 0x7a, 0xce, 0xff, 0x7a, 0xce, 0xff, 0x7a, 0xce, 0xff,
    0x7a, 0xce, 0xff, 0x7a, 0xce, 0xff, 0x7a, 0xce, 0xff, 0x7a, 0xce, 0xff, 0x7a, 0xce, 0xff, 0x5a,
    0xc6, 0xff, 0x3d, 0xe7, 0xff, 0xdf, 0xff, 0xff, 0xbf, 0xf7, 0xff, 0xbf, 0xf7, 0xff, 0xbf, 0xf7,
    0xff, 0xbf, 0xf7, 0xff, 0xbf, 0xf7, 0xff, 0xbf, 0xf7, 0xff, 0xbf, 0xf7, 0xff, 0xbf, 0xf7, 0xff,
    0xbf, 0xf7, 0xff, 0xbf, 0xf7, 0xff, 0xbf, 0xf7, 0xff, 0xbf, 0xf7, 0xff, 0xbf, 0xf7, 0xff, 0xbf,
    0xf7, 0xff, 0xbf, 0xf7, 0xff, 0xbf, 0xf7, 0xff, 0xbf, 0xf7, 0xff, 0xbf, 0xf7, 0xff, 0xbf, 0xf7,
    0xff, 0xbf, 0xf7, 0xff, 0xbf, 0xf7, 0xff, 0xbf, 0xf7, 0xff, 0xbf, 0xf7, 0xff, 0xbf, 0xf7, 0xff,
    0xbf, 0xf7, 0xff, 0xbf, 0xf7, 0xff, 0xbf, 0xf7, 0xff, 0xbf, 0xf7, 0xff, 0xbf, 0xf7, 0xff, 0xbf,
    0xf7, 0xff, 0xbf, 0xf7, 0xff, 0xbf, 0xf7, 0xff, 0xbf, 0xf7, 0xff, 0xbf, 0xf7, 0xff, 0xbf, 0xf7,
    0xff, 0xbf, 0xf7, 0xff, 0xbf, 0xf7, 0xff, 0xbf, 0xf7, 0xff, 0xbf, 0xf7, 0xff, 0xbf, 0xf7, 0xff,
    0xbf, 0xf7, 0xff, 0xbf, 0xf7, 0xff, 0xbf, 0xf7, 0xff, 0xbf, 0xf7, 0xff, 0xbf, 0xf7, 0xff, 0xbf,
    0xf7, 0xff, 0xbf, 0xf7, 0xff, 0xbf, 0xf7, 0xff, 0xbf, 0xf7, 0xff, 0xbf, 0xf7, 0xff, 0xbf, 0xf7,
    0xff, 0xbf, 0xf7, 0xff, 0xbf, 0xf7, 0xff, 0xbf, 0xf7, 0xff, 0xbf, 0xf7, 0xff, 0xbf, 0xf7, 0xff,
    0xbf, 0xf7, 0xff, 0xbf, 0xf7, 0xff, 0xbf, 0xf7, 0xff, 0xbf, 0xf7, 0xff, 0xbf, 0xf7, 0xff, 0xbf,
    0xf7, 0xff, 0xbf, 0xf7, 0xff, 0xbf, 0xf7, 0xff, 0xbf, 0xf7, 0xff, 0xbf, 0xf7, 0xff, 0xbf, 0xf7,
    0xff, 0xbf, 0xf7, 0xff, 0xbf, 0xf7, 0xff, 0xbf, 0xf7, 0xff, 0xbf, 0xf7, 0xff, 0xbf, 0xf7, 0xff,
    0xbf, 0xf7, 0xff, 0xbf, 0xf7, 0xff, 0xbf, 0xf7, 0xff, 0xbf, 0xf7, 0xff, 0xbf, 0xf7, 0xff, 0xbf,
    0xf7, 0xff, 0xbf, 0xf7, 0xff, 0xbf, 0xf7, 0xff, 0xbf, 0xf7, 0xff, 0xbf, 0xf7, 0xff, 0xbf, 0xf7,
    0xff, 0xbf, 0xf7, 0xff, 0xbf, 0xf7, 0xff, 0xbf, 0xf7, 0xff, 0xbf, 0xf7, 0xff, 0xbf, 0xf7, 0xff,
    0xbf, 0xf7, 0xff, 0xbf, 0xf7, 0xff, 0xbf, 0xf7, 0xff, 0xbf, 0xf7, 0xff, 0xbf, 0xf7, 0xff, 0xbf,
    0xf7, 0xff, 0xbf, 0xf7, 0xff, 0xbf, 0xf7, 0xff, 0xbf, 0xf7, 0xff, 0xbf, 0xf7, 0xff, 0xbf, 0xf7,
    0xff, 0xbf, 0xf7, 0xff, 0xbf, 0xf7, 0xff, 0xbf, 0xf7, 0xff, 0xbf, 0xf7, 0xff, 0xbf, 0xf7, 0xff,
    0xbf, 0xf7, 0xff, 0xbf, 0xf7, 0xff, 0xbf, 0xf7, 0xff, 0xbf, 0xf7, 0xff, 0xdf, 0xf7, 0xff, 0x7e,
    0xef, 0xff, 0x7a, 0xc6, 0xff, 0x7a, 0xce, 0xff, 0x7a, 0xce, 0xff, 0x7a, 0xce, 0xff, 0x7a, 0xce,
    0xff, 0x7a, 0xce, 0xff, 0x7a, 0xce, 0xff, 0x7a, 0xce, 0xff, 0x7a, 0xce, 0xff, 0x7a, 0xce, 0xff,
    0x7a, 0xce, 0xff, 0x7a, 0xce, 0xff, 0x7a, 0xce, 0xff, 0x7a, 0xce, 0xff, 0x7a, 0xce, 0xff, 0x7a,
    0xce, 0xff, 0x7a, 0xce, 0xff, 0x7a, 0xce, 0xff, 0x7a, 0xce, 0xff, 0x7a, 0xce, 0xff, 0x7a, 0xce,
    0xff, 0x7a, 0xce, 0xff, 0x7a, 0xce, 0xff, 0x7a, 0xce, 0xff, 0x7a, 0xce, 0xff, 0x7a, 0xce, 0xff,
    0x7a, 0xce, 0xff, 0x7a, 0xce, 0xff, 0x7a, 0xce, 0xff, 0x7a, 0xce, 0xff, 0x7a, 0xce, 0xff, 0x7a,
    0xce, 0xff, 0x7a, 0xce, 0xff, 0x7a, 0xce, 0xff, 0x7a, 0xce, 0xff, 0x7a, 0xce, 0xff, 0x7a, 0xce,
    0xff, 0x7a, 0xce, 0xff, 0x7a, 0xce, 0xff, 0x7a, 0xce, 0xff, 0x7a, 0xce, 0xff, 0x7a, 0xce, 0xff,
    0x7a, 0xce, 0xff, 0x7a, 0xce, 0xff, 0x7a, 0xce, 0xff, 0x7a, 0xce, 0xff, 0x7a, 0xce, 0xff, 0x7a,
    0xce, 0xff, 0x7a, 0xce, 0xff, 0x7a, 0xce, 0xff, 0x7a, 0xce, 0xff, 0x7a, 0xce, 0xff, 0x7a, 0xce,
    0xff, 0x7a, 0xce, 0xff, 0x7a, 0xce, 0xff, 0x7a, 0xce, 0xff, 0x7a, 0xce, 0xff, 0x7a, 0xce, 0xff,
    0x7a, 0xce, 0xff, 0x7a, 0xce, 0xff, 0x7a, 0xce, 0xff, 0x7a, 0xce, 0xff, 0x7a, 0xce, 0xff, 0x7a,
    0xce, 0xff, 0x7a, 0xce, 0xff, 0x7a, 0xce, 0xff, 0x7a, 0xc6, 0xff, 0x9a, 0xce, 0xff, 0x9e, 0xf7,
    0xff, 0xdf, 0xf7, 0xff, 0xbf, 0xf7, 0xff, 0xbf, 0xf7, 0xff, 0xbf, 0xf7, 0xff, 0xbf, 0xf7, 0xff,
    0xbf, 0xf7, 0xff, 0xbf, 0xf7, 0xff, 0xbf, 0xf7, 0xff, 0xbf, 0xf7, 0xff, 0xbf, 0xf7, 0xff, 0xbf,
    0xf7, 0xff, 0xbf, 0xf7, 0xff, 0xbf, 0xf7, 0xff, 0xbf, 0xf7, 0xff, 0xbf, 0xf7, 0xff, 0xbf, 0xf7,
    0xff, 0xbf, 0xf7, 0xff, 0xbf, 0xf7, 0xff, 0xbf, 0xf7, 0xff, 0xbf, 0xf7, 0xff, 0xbf, 0xf7, 0xff,
    0xbf, 0xf7, 0xff, 0xbf, 0xf7, 0xff, 0xbf, 0xf7, 0xff, 0xbf, 0xf7, 0xff, 0xbf, 0xf7, 0xff, 0xbf,
    0xf7, 0xff, 0xbf, 0xf7, 0xff, 0xbf, 0xf7, 0xff, 0xbf, 0xf7, 0xff, 0xbf, 0xf7, 0xff, 0xbf, 0xf7,
    0xff, 0xbf, 0xf7, 0xff, 0xbf, 0xf7, 0xff, 0xbf, 0xf7, 0xff, 0xbf, 0xf7, 0xff, 0xbf, 0xf7, 0xff,
    0xbf, 0xf7, 0xff, 0xbf, 0xf7, 0xff, 0xbf, 0xf7, 0xff, 0xbf, 0xf7, 0xff, 0xbf, 0xf7, 0xff, 0xbf,
    0xf7, 0xff, 0xbf, 0xf7, 0xff, 0xbf, 0xf7, 0xff, 0xbf, 0xf7, 0xff, 0xbf, 0xf7, 0xff, 0xbf, 0xf7,
    0xff, 0xbf, 0xf7, 0xff, 0xbf, 0xf7, 0xff, 0xbf, 0xf7, 0xff, 0xbf, 0xf7, 0xff, 0xbf, 0xf7, 0xff,
    0xbf, 0xf7, 0xff, 0xbf, 0xf7, 0xff, 0xbf, 0xf7, 0xff, 0xbf, 0xf7, 0xff, 0xbf, 0xf7, 0xff, 0xbf,
    0xf7, 0xff, 0xbf, 0xf7, 0xff, 0xbf, 0xf7, 0xff, 0xbf, 0xf7, 0xff, 0xbf, 0xf7, 0xff, 0xbf, 0xf7,
    0xff, 0xbf, 0xf7, 0xff, 0xbf, 0xf7, 0xff, 0xbf, 0xf7, 0xff, 0xbf, 0xf7, 0xff, 0xbf, 0xf7, 0xff,
    0xbf, 0xf7, 0xff, 0xbf, 0xf7, 0xff, 0xbf, 0xf7, 0xff, 0xbf, 0xf7, 0xff, 0xbf, 0xf7, 0xff, 0xbf,
    0xf7, 0xff, 0xbf, 0xf7, 0xff, 0xbf, 0xf7, 0xff, 0xbf, 0xf7, 0xff, 0xbf, 0xf7, 0xff, 0xbf, 0xf7,
    0xff, 0xbf, 0xf7, 0xff, 0xbf, 0xf7, 0xff, 0xbf, 0xf7, 0xff, 0xbf, 0xf7, 0xff, 0xbf, 0xf7, 0xff,
    0xbf, 0xf7, 0xff, 0xbf, 0xf7, 0xff, 0xbf, 0xf7, 0xff, 0xbf, 0xf7, 0xff, 0xbf, 0xf7, 0xff, 0xbf,
    0xf7, 0xff, 0xbf, 0xf7, 0xff, 0xbf, 0xf7, 0xff, 0xbf, 0xf7, 0xff, 0xbf, 0xf7, 0xff, 0xbf, 0xf7,
    0xff, 0xbf, 0xf7, 0xff, 0xbf, 0xf7, 0xff, 0xbf, 0xf7, 0xff, 0xbf, 0xf7, 0xff, 0xbf, 0xf7, 0xff,
    0xbf, 0xf7, 0xff, 0xbf, 0xf7, 0xff, 0xbf, 0xf7, 0xff, 0xbf, 0xf7, 0xff, 0xbf, 0xf7, 0xff, 0xbf,
    0xf7, 0xff, 0xbf, 0xf7, 0xff, 0xbf, 0xf7, 0xff, 0xbf, 0xf7, 0xff, 0xdf, 0xf7, 0xff, 0xbb, 0xd6,
    0xff, 0x7a, 0xc6, 0xff, 0x7a, 0xce, 0xff, 0x7a, 0xce, 0xff, 0x7a, 0xce, 0xff, 0x7a, 0xce, 0xff,
    0x7a, 0xce, 0xff, 0x7a, 0xce, 0xff, 0x7a, 0xce, 0xff, 0x7a, 0xce, 0xff, 0x7a, 0xce, 0xff, 0x7a,
    0xce, 0xff, 0x7a, 0xce, 0xff, 0x7a, 0xce, 0xff, 0x7a, 0xce, 0xff, 0x7a, 0xce, 0xff, 0x7a, 0xce,
    0xff, 0x7a, 0xce, 0xff, 0x7a, 0xce, 0xff, 0x7a, 0xce, 0xff, 0x7a, 0xce, 0xff, 0x7a, 0xce, 0xff,
    0x7a, 0xce, 0xff, 0x7a, 0xce, 0xff, 0x7a, 0xce, 0xff, 0x7a, 0xce, 0xff, 0x7a, 0xce, 0xff, 0x7a,
    0xce, 0xff, 0x7a, 0xce, 0xff, 0x7a, 0xce, 0xff, 0x7a, 0xce, 0xff, 0x7a, 0xce, 0xff, 0x7a, 0xce,
    0xff, 0x7a, 0xce, 0xff, 0x7a, 0xce, 0xff, 0x7a, 0xce, 0xff, 0x7a, 0xce, 0xff, 0x7a, 0xce, 0xff,
    0x7a, 0xce, 0xff, 0x7a, 0xce, 0xff, 0x7a, 0xce, 0xff, 0x7a, 0xce, 0xff, 0x7a, 0xce, 0xff, 0x7a,
    0xce, 0xff, 0x7a, 0xce, 0xff, 0x7a, 0xce, 0xff, 0x7a, 0xce, 0xff, 0x7a, 0xce, 0xff, 0x7a, 0xce,
    0xff, 0x7a, 0xce, 0xff, 0x7a, 0xce, 0xff, 0x7a, 0xce, 0xff, 0x7a, 0xce, 0xff, 0x7a, 0xce, 0xff,
    0x7a, 0xce, 0xff, 0x7a, 0xce, 0xff, 0x7a, 0xce, 0xff, 0x7a, 0xce, 0xff, 0x7a, 0xce, 0xff, 0x7a,
    0xce, 0xff, 0x7a, 0xce, 0xff, 0x7a, 0xce, 0xff, 0x7a, 0xce, 0xff, 0x7a, 0xce, 0xff, 0x7a, 0xce,
    0xff, 0x7a, 0xce, 0xff, 0x5a, 0xc6, 0xff, 0xfc, 0xde, 0xff, 0xdf, 0xff, 0xff, 0xbf, 0xf7, 0xff,
    0xbf, 0xf7, 0xff, 0xbf, 0xf7, 0xff, 0xbf, 0xf7, 0xff, 0xbf, 0xf7, 0xff, 0xbf, 0xf7, 0xff, 0xbf,
    0xf7, 0xff, 0xbf, 0xf7, 0xff, 0xbf, 0xf7, 0xff, 0xbf, 0xf7, 0xff, 0xbf, 0xf7, 0xff, 0xbf, 0xf7,
    0xff, 0xbf, 0xf7, 0xff, 0xbf, 0xf7, 0xff, 0xbf, 0xf7, 0xff, 0xbf, 0xf7, 0xff, 0xbf, 0xf7, 0xff,
    0xbf, 0xf7, 0xff, 0xbf, 0xf7, 0xff, 0xbf, 0xf7, 0xff, 0xbf, 0xf7, 0xff, 0xbf, 0xf7, 0xff, 0xbf,
    0xf7, 0xff, 0xbf, 0xf7, 0xff, 0xbf, 0xf7, 0xff, 0xbf, 0xf7, 0xff, 0xbf, 0xf7, 0xff, 0xbf, 0xf7,
    0xff, 0xbf, 0xf7, 0xff, 0xbf, 0xf7, 0xff, 0xbf, 0xf7, 0xff, 0xbf, 0xf7, 0xff, 0xbf, 0xf7, 0xff,
    0xbf, 0xf7, 0xff, 0xbf, 0xf7, 0xff, 0xbf, 0xf7, 0xff, 0xbf, 0xf7, 0xff, 0xbf, 0xf7, 0xff, 0xbf,
    0xf7, 0xff, 0xbf, 0xf7, 0xff, 0xbf, 0xf7, 0xff, 0xbf, 0xf7, 0xff, 0xbf, 0xf7, 0xff, 0xbf, 0xf7,
    0xff, 0xbf, 0xf7, 0xff, 0xbf, 0xf7, 0xff, 0xbf, 0xf7, 0xff, 0xbf, 0xf7, 0xff, 0xbf, 0xf7, 0xff,
    0xbf, 0xf7, 0xff, 0xbf, 0xf7, 0xff, 0xbf, 0xf7, 0xff, 0xbf, 0xf7, 0xff, 0xbf, 0xf7, 0xff, 0xbf,
    0xf7, 0xff, 0xbf, 0xf7, 0xff, 0xbf, 0xf7, 0xff, 0xbf, 0xf7, 0xff, 0xbf, 0xf7, 0xff, 0xbf, 0xf7,
    0xff, 0xbf, 0xf7, 0xff, 0xbf, 0xf7, 0xff, 0xbf, 0xf7, 0xff, 0xbf, 0xf7, 0xff, 0xbf, 0xf7, 0xff,
    0xbf, 0xf7, 0xff, 0xbf, 0xf7, 0xff, 0xbf, 0xf7, 0xff, 0xbf, 0xf7, 0xff, 0xbf, 0xf7, 0xff, 0xbf,
    0xf7, 0xff, 0xbf, 0xf7, 0xff, 0xbf, 0xf7, 0xff, 0xbf, 0xf7, 0xff, 0xbf, 0xf7, 0xff, 0xbf, 0xf7,
    0xff, 0xbf, 0xf7, 0xff, 0xbf, 0xf7, 0xff, 0xbf, 0xf7, 0xff, 0xbf, 0xf7, 0xff, 0xbf, 0xf7, 0xff,
    0xbf, 0xf7, 0xff, 0xbf, 0xf7, 0xff, 0xbf, 0xf7, 0xff, 0xbf, 0xf7, 0xff, 0xbf, 0xf7, 0xff, 0xbf,
    0xf7, 0xff, 0xbf, 0xf7, 0xff, 0xbf, 0xf7, 0xff, 0xbf, 0xf7, 0xff, 0xbf, 0xf7, 0xff, 0xbf, 0xf7,
    0xff, 0xbf, 0xf7, 0xff, 0xbf, 0xf7, 0xff, 0xbf, 0xf7, 0xff, 0xbf, 0xf7, 0xff, 0xbf, 0xf7, 0xff,
    0xbf, 0xf7, 0xff, 0xbf, 0xf7, 0xff, 0xbf, 0xf7, 0xff, 0xbf, 0xf7, 0xff, 0xbf, 0xf7, 0xff, 0xbf,
    0xf7, 0xff, 0xbf, 0xf7, 0xff, 0xbf, 0xf7, 0xff, 0xbf, 0xf7, 0xff, 0xbf, 0xf7, 0xff, 0xbf, 0xf7,
    0xff, 0xbf, 0xf7, 0xff, 0xbf, 0xf7, 0xff, 0xdf, 0xff, 0xff, 0x3d, 0xe7, 0xff, 0x5a, 0xc6, 0xff,
    0x7a, 0xce, 0xff, 0x7a, 0xce, 0xff, 0x7a, 0xce, 0xff, 0x7a, 0xce, 0xff, 0x7a, 0xce, 0xff, 0x7a,
    0xce, 0xff, 0x7a, 0xce, 0xff, 0x7a, 0xce, 0xff, 0x7a, 0xce, 0xff, 0x7a, 0xce, 0xff, 0x7a, 0xce,
    0xff, 0x7a, 0xce, 0xff, 0x7a, 0xce, 0xff, 0x7a, 0xce, 0xff, 0x7a, 0xce, 0xff, 0x7a, 0xce, 0xff,
    0x7a, 0xce, 0xff, 0x7a, 0xce, 0xff, 0x7a, 0xce, 0xff, 0x7a, 0xce, 0xff, 0x7a, 0xce, 0xff, 0x7a,
    0xce, 0xff, 0x7a, 0xce, 0xff, 0x7a, 0xce, 0xff, 0x7a, 0xce, 0xff, 0x7a, 0xce, 0xff, 0x7a, 0xce,
    0xff, 0x7a, 0xce, 0xff, 0x7a, 0xce, 0xff, 0x7a, 0xce, 0xff, 0x7a, 0xce, 0xff, 0x7a, 0xce, 0xff,
    0x7a, 0xce, 0xff, 0x7a, 0xce, 0xff, 0x7a, 0xce, 0xff, 0x7a, 0xce, 0xff, 0x7a, 0xce, 0xff, 0x7a,
    0xce, 0xff, 0x7a, 0xce, 0xff, 0x7a, 0xce, 0xff, 0x7a, 0xce, 0xff, 0x7a, 0xce, 0xff, 0x7a, 0xce,
    0xff, 0x7a, 0xce, 0xff, 0x7a, 0xce, 0xff, 0x7a, 0xce, 0xff, 0x7a, 0xce, 0xff, 0x7a, 0xce, 0xff,
    0x7a, 0xce, 0xff, 0x7a, 0xce, 0xff, 0x7a, 0xce, 0xff, 0x7a, 0xce, 0xff, 0x7a, 0xce, 0xff, 0x7a,
    0xce, 0xff, 0x7a, 0xce, 0xff, 0x7a, 0xce, 0xff, 0x7a, 0xce, 0xff, 0x7a, 0xce, 0xff, 0x7a, 0xce,
    0xff, 0x7a, 0xce, 0xff, 0x7a, 0xce, 0xff, 0x7a, 0xce, 0xff, 0x7a, 0xce, 0xff, 0x7a, 0xce, 0xff,
    0x7a, 0xc6, 0xff, 0x5e, 0xef, 0xff, 0xdf, 0xf7, 0xff, 0xbf, 0xf7, 0xff, 0xbf, 0xf7, 0xff, 0xbf,
    0xf7, 0xff, 0xbf, 0xf7, 0xff, 0xbf, 0xf7, 0xff, 0xbf, 0xf7, 0xff, 0xbf, 0xf7, 0xff, 0xbf, 0xf7,
    0xff, 0xbf, 0xf7, 0xff, 0xbf, 0xf7, 0xff, 0xbf, 0xf7, 0xff, 0xbf, 0xf7, 0xff, 0xbf, 0xf7, 0xff,
    0xbf, 0xf7, 0xff, 0xbf, 0xf7, 0xff, 0xbf, 0xf7, 0xff, 0xbf, 0xf7, 0xff, 0xbf, 0xf7, 0xff, 0xbf,
    0xf7, 0xff, 0xbf, 0xf7, 0xff, 0xbf, 0xf7, 0xff, 0xbf, 0xf7, 0xff, 0xbf, 0xf7, 0xff, 0xbf, 0xf7,
    0xff, 0xbf, 0xf7, 0xff, 0xbf, 0xf7, 0xff, 0xbf, 0xf7, 0xff, 0xbf, 0xf7, 0xff, 0xbf, 0xf7, 0xff,
    0xbf, 0xf7, 0xff, 0xbf, 0xf7, 0xff, 0xbf, 0xf7, 0xff, 0xbf, 0xf7, 0xff, 0xbf, 0xf7, 0xff, 0xbf,
    0xf7, 0xff, 0xbf, 0xf7, 0xff, 0xbf, 0xf7, 0xff, 0xbf, 0xf7, 0xff, 0xbf, 0xf7, 0xff, 0xbf, 0xf7,
    0xff, 0xbf, 0xf7, 0xff, 0xbf, 0xf7, 0xff, 0xbf, 0xf7, 0xff, 0xbf, 0xf7, 0xff, 0xbf, 0xf7, 0xff,
    0xbf, 0xf7, 0xff, 0xbf, 0xf7, 0xff, 0xbf, 0xf7, 0xff, 0xbf, 0xf7, 0xff, 0xbf, 0xf7, 0xff, 0xbf,
    0xf7, 0xff, 0xbf, 0xf7, 0xff, 0xbf, 0xf7, 0xff, 0xbf, 0xf7, 0xff, 0xbf, 0xf7, 0xff, 0xbf, 0xf7,
    0xff, 0xbf, 0xf7, 0xff, 0xbf, 0xf7, 0xff, 0xbf, 0xf7, 0xff, 0xbf, 0xf7, 0xff, 0xbf, 0xf7, 0xff,
    0xbf, 0xf7, 0xff, 0xbf, 0xf7, 0xff, 0xbf, 0xf7, 0xff, 0xbf, 0xf7, 0xff, 0xbf, 0xf7, 0xff, 0xbf,
    0xf7, 0xff, 0xbf, 0xf7, 0xff, 0xbf, 0xf7, 0xff, 0xbf, 0xf7, 0xff, 0xbf, 0xf7, 0xff, 0xbf, 0xf7,
    0xff, 0xbf, 0xf7, 0xff, 0xbf, 0xf7, 0xff, 0xbf, 0xf7, 0xff, 0xbf, 0xf7, 0xff, 0xbf, 0xf7, 0xff,
    0xbf, 0xf7, 0xff, 0xbf, 0xf7, 0xff, 0xbf, 0xf7, 0xff, 0xbf, 0xf7, 0xff, 0xbf, 0xf7, 0xff, 0xbf,
    0xf7, 0xff, 0xbf, 0xf7, 0xff, 0xbf, 0xf7, 0xff, 0xbf, 0xf7, 0xff, 0xbf, 0xf7, 0xff, 0xbf, 0xf7,
    0xff, 0xbf, 0xf7, 0xff, 0xbf, 0xf7, 0xff, 0xbf, 0xf7, 0xff, 0xbf, 0xf7, 0xff, 0xbf, 0xf7, 0xff,
    0xbf, 0xf7, 0xff, 0xbf, 0xf7, 0xff, 0xbf, 0xf7, 0xff, 0xbf, 0xf7, 0xff, 0xbf, 0xf7, 0xff, 0xbf,
    0xf7, 0xff, 0xbf, 0xf7, 0xff, 0xbf, 0xf7, 0xff, 0xbf, 0xf7, 0xff, 0xbf, 0xf7, 0xff, 0xbf, 0xf7,
    0xff, 0xbf, 0xf7, 0xff, 0xbf, 0xf7, 0xff, 0xbf, 0xf7, 0xff, 0xbf, 0xf7, 0xff, 0xbf, 0xf7, 0xff,
    0xbf, 0xf7, 0xff, 0xdf, 0xf7, 0xff, 0x9e, 0xf7, 0xff, 0x9a, 0xce, 0xff, 0x7a, 0xc6, 0xff, 0x7a,
    0xce, 0xff, 0x7a, 0xce, 0xff, 0x7a, 0xce, 0xff, 0x7a, 0xce, 0xff, 0x7a, 0xce, 0xff, 0x7a, 0xce,
    0xff, 0x7a, 0xce, 0xff, 0x7a, 0xce, 0xff, 0x7a, 0xce, 0xff, 0x7a, 0xce, 0xff, 0x7a, 0xce, 0xff,
    0x7a, 0xce, 0xff, 0x7a, 0xce, 0xff, 0x7a, 0xce, 0xff, 0x7a, 0xce, 0xff, 0x7a, 0xce, 0xff, 0x7a,
    0xce, 0xff, 0x7a, 0xce, 0xff, 0x7a, 0xce, 0xff, 0x7a, 0xce, 0xff, 0x7a, 0xce, 0xff, 0x7a, 0xce,
    0xff, 0x7a, 0xce, 0xff, 0x7a, 0xce, 0xff, 0x7a, 0xce, 0xff, 0x7a, 0xce, 0xff, 0x7a, 0xce, 0xff,
    0x7a, 0xce, 0xff, 0x7a, 0xce, 0xff, 0x7a, 0xce, 0xff, 0x7a, 0xce, 0xff, 0x7a, 0xce, 0xff, 0x7a,
    0xce, 0xff, 0x7a, 0xce, 0xff, 0x7a, 0xce, 0xff, 0x7a, 0xce, 0xff, 0x7a, 0xce, 0xff, 0x7a, 0xce,
    0xff, 0x7a, 0xce, 0xff, 0x7a, 0xce, 0xff, 0x7a, 0xce, 0xff, 0x7a, 0xce, 0xff, 0x7a, 0xce, 0xff,
    0x7a, 0xce, 0xff, 0x7a, 0xce, 0xff, 0x7a, 0xce, 0xff, 0x7a, 0xce, 0xff, 0x7a, 0xce, 0xff, 0x7a,
    0xce, 0xff, 0x7a, 0xce, 0xff, 0x7a, 0xce, 0xff, 0x7a, 0xce, 0xff, 0x7a, 0xce, 0xff, 0x7a, 0xce,
    0xff, 0x7a, 0xce, 0xff, 0x7a, 0xce, 0xff, 0x7a, 0xce, 0xff, 0x7a, 0xce, 0xff, 0x7a, 0xce, 0xff,
    0x7a, 0xce, 0xff, 0x7a, 0xce, 0xff, 0x7a, 0xce, 0xff, 0x7a, 0xc6, 0xff, 0x9b, 0xce, 0xff, 0xbf,
    0xf7, 0xff, 0xdf, 0xf7, 0xff, 0xbf, 0xf7, 0xff, 0xbf, 0xf7, 0xff, 0xbf, 0xf7, 0xff, 0xbf, 0xf7,
    0xff, 0xbf, 0xf7, 0xff, 0xbf, 0xf7, 0xff, 0xbf, 0xf7, 0xff, 0xbf, 0xf7, 0xff, 0xbf, 0xf7, 0xff,
    0xbf, 0xf7, 0xff, 0xbf, 0xf7, 0xff, 0xbf, 0xf7, 0xff, 0xbf, 0xf7, 0xff, 0xbf, 0xf7, 0xff, 0xbf,
    0xf7, 0xff, 0xbf, 0xf7, 0xff, 0xbf, 0xf7, 0xff, 0xbf, 0xf7, 0xff, 0xbf, 0xf7, 0xff, 0xbf, 0xf7,
    0xff, 0xbf, 0xf7, 0xff, 0xbf, 0xf7, 0xff, 0xbf, 0xf7, 0xff, 0xbf, 0xf7, 0xff, 0xbf, 0xf7, 0xff,
    0xbf, 0xf7, 0xff, 0xbf, 0xf7, 0xff, 0xbf, 0xf7, 0xff, 0xbf, 0xf7, 0xff, 0xbf, 0xf7, 0xff, 0xbf,
    0xf7, 0xff, 0xbf, 0xf7, 0xff, 0xbf, 0xf7, 0xff, 0xbf, 0xf7, 0xff, 0xbf, 0xf7, 0xff, 0xbf, 0xf7,
    0xff, 0xbf, 0xf7, 0xff, 0xbf, 0xf7, 0xff, 0xbf, 0xf7, 0xff, 0xbf, 0xf7, 0xff, 0xbf, 0xf7, 0xff,
    0xbf, 0xf7, 0xff, 0xbf, 0xf7, 0xff, 0xbf, 0xf7, 0xff, 0xbf, 0xf7, 0xff, 0xbf, 0xf7, 0xff, 0xbf,
    0xf7, 0xff, 0xbf, 0xf7, 0xff, 0xbf, 0xf7, 0xff, 0xbf, 0xf7, 0xff, 0xbf, 0xf7, 0xff, 0xbf, 0xf7,
    0xff, 0xbf, 0xf7, 0xff, 0xbf, 0xf7, 0xff, 0xbf, 0xf7, 0xff, 0xbf, 0xf7, 0xff, 0xbf, 0xf7, 0xff,
    0xbf, 0xf7, 0xff, 0xbf, 0xf7, 0xff, 0xbf, 0xf7, 0xff, 0xbf, 0xf7, 0xff, 0xbf, 0xf7, 0xff, 0xbf,
    0xf7, 0xff, 0xbf, 0xf7, 0xff, 0xbf, 0xf7, 0xff, 0xbf, 0xf7, 0xff, 0xbf, 0xf7, 0xff, 0xbf, 0xf7,
    0xff, 0xbf, 0xf7, 0xff, 0xbf, 0xf7, 0xff, 0xbf, 0xf7, 0xff, 0xbf, 0xf7, 0xff, 0xbf, 0xf7, 0xff,
    0xbf, 0xf7, 0xff, 0xbf, 0xf7, 0xff, 0xbf, 0xf7, 0xff, 0xbf, 0xf7, 0xff, 0xbf, 0xf7, 0xff, 0xbf,
    0xf7, 0xff, 0xbf, 0xf7, 0xff, 0xbf, 0xf7, 0xff, 0xbf, 0xf7, 0xff, 0xbf, 0xf7, 0xff, 0xbf, 0xf7,
    0xff, 0xbf, 0xf7, 0xff, 0xbf, 0xf7, 0xff, 0xbf, 0xf7, 0xff, 0xbf, 0xf7, 0xff, 0xbf, 0xf7, 0xff,
    0xbf, 0xf7, 0xff, 0xbf, 0xf7, 0xff, 0xbf, 0xf7, 0xff, 0xbf, 0xf7, 0xff, 0xbf, 0xf7, 0xff, 0xbf,
    0xf7, 0xff, 0xbf, 0xf7, 0xff, 0xbf, 0xf7, 0xff, 0xbf, 0xf7, 0xff, 0xbf, 0xf7, 0xff, 0xbf, 0xf7,
    0xff, 0xbf, 0xf7, 0xff, 0xbf, 0xf7, 0xff, 0xbf, 0xf7, 0xff, 0xbf, 0xf7, 0xff, 0xbf, 0xf7, 0xff,
    0xbf, 0xf7, 0xff, 0xbf, 0xf7, 0xff, 0xbf, 0xf7, 0xff, 0xbf, 0xf7, 0xff, 0xbf, 0xf7, 0xff, 0xbf,
    0xf7, 0xff, 0xdf, 0xf7, 0xff, 0xdc, 0xd6, 0xff, 0x7a, 0xc6, 0xff, 0x7a, 0xce, 0xff, 0x7a, 0xce,
    0xff, 0x7a, 0xce, 0xff, 0x7a, 0xce, 0xff, 0x7a, 0xce, 0xff, 0x7a, 0xce, 0xff, 0x7a, 0xce, 0xff,
    0x7a, 0xce, 0xff, 0x7a, 0xce, 0xff, 0x7a, 0xce, 0xff, 0x7a, 0xce, 0xff, 0x7a, 0xce, 0xff, 0x7a,
    0xce, 0xff, 0x7a, 0xce, 0xff, 0x7a, 0xce, 0xff, 0x7a, 0xce, 0xff, 0x7a, 0xce, 0xff, 0x7a, 0xce,
    0xff, 0x7a, 0xce, 0xff, 0x7a, 0xce, 0xff, 0x7a, 0xce, 0xff, 0x7a, 0xce, 0xff, 0x7a, 0xce, 0xff,
    0x7a, 0xce, 0xff, 0x7a, 0xce, 0xff, 0x7a, 0xce, 0xff, 0x7a, 0xce, 0xff, 0x7a, 0xce, 0xff, 0x7a,
    0xce, 0xff, 0x7a, 0xce, 0xff, 0x7a, 0xce, 0xff, 0x7a, 0xce, 0xff, 0x7a, 0xce, 0xff, 0x7a, 0xce,
    0xff, 0x7a, 0xce, 0xff, 0x7a, 0xce, 0xff, 0x7a, 0xce, 0xff, 0x7a, 0xce, 0xff, 0x7a, 0xce, 0xff,
    0x7a, 0xce, 0xff, 0x7a, 0xce, 0xff, 0x7a, 0xce, 0xff, 0x7a, 0xce, 0xff, 0x7a, 0xce, 0xff, 0x7a,
    0xce, 0xff, 0x7a, 0xce, 0xff, 0x7a, 0xce, 0xff, 0x7a, 0xce, 0xff, 0x7a, 0xce, 0xff, 0x7a, 0xce,
    0xff, 0x7a, 0xce, 0xff, 0x7a, 0xce, 0xff, 0x7a, 0xce, 0xff, 0x7a, 0xce, 0xff, 0x7a, 0xce, 0xff,
    0x7a, 0xce, 0xff, 0x7a, 0xce, 0xff, 0x7a, 0xce, 0xff, 0x7a, 0xce, 0xff, 0x7a, 0xce, 0xff, 0x7a,
    0xce, 0xff, 0x7a, 0xce, 0xff, 0x5a, 0xc6, 0xff, 0xfc, 0xde, 0xff, 0xdf, 0xff, 0xff, 0xbf, 0xf7,
    0xff, 0xbf, 0xf7, 0xff, 0xbf, 0xf7, 0xff, 0xbf, 0xf7, 0xff, 0xbf, 0xf7, 0xff, 0xbf, 0xf7, 0xff,
    0xbf, 0xf7, 0xff, 0xbf, 0xf7, 0xff, 0xbf, 0xf7, 0xff, 0xbf, 0xf7, 0xff, 0xbf, 0xf7, 0xff, 0xbf,
    0xf7, 0xff, 0xbf, 0xf7, 0xff, 0xbf, 0xf7, 0xff, 0xbf, 0xf7, 0xff, 0xbf, 0xf7, 0xff, 0xbf, 0xf7,
    0xff, 0xbf, 0xf7, 0xff, 0xbf, 0xf7, 0xff, 0xbf, 0xf7, 0xff, 0xbf, 0xf7, 0xff, 0xbf, 0xf7, 0xff,
    0xbf, 0xf7, 0xff, 0xbf, 0xf7, 0xff, 0xbf, 0xf7, 0xff, 0xbf, 0xf7, 0xff, 0xbf, 0xf7, 0xff, 0xbf,
    0xf7, 0xff, 0xbf, 0xf7, 0xff, 0xbf, 0xf7, 0xff, 0xbf, 0xf7, 0xff, 0xbf, 0xf7, 0xff, 0xbf, 0xf7,
    0xff, 0xbf, 0xf7, 0xff, 0xbf, 0xf7, 0xff, 0xbf, 0xf7, 0xff, 0xbf, 0xf7, 0xff, 0xbf, 0xf7, 0xff,
    0xbf, 0xf7, 0xff, 0xbf, 0xf7, 0xff, 0xbf, 0xf7, 0xff, 0xbf, 0xf7, 0xff, 0xbf, 0xf7, 0xff, 0xbf,
    0xf7, 0xff, 0xbf, 0xf7, 0xff, 0xbf, 0xf7, 0xff, 0xbf, 0xf7, 0xff, 0xbf, 0xf7, 0xff, 0xbf, 0xf7,
    0xff, 0xbf, 0xf7, 0xff, 0xbf, 0xf7, 0xff, 0xbf, 0xf7, 0xff, 0xbf, 0xf7, 0xff, 0xbf, 0xf7, 0xff,
    0xbf, 0xf7, 0xff, 0xbf, 0xf7, 0xff, 0xbf, 0xf7, 0xff, 0xbf, 0xf7, 0xff, 0xbf, 0xf7, 0xff, 0xbf,
    0xf7, 0xff, 0xbf, 0xf7, 0xff, 0xbf, 0xf7, 0xff, 0xbf, 0xf7, 0xff, 0xbf, 0xf7, 0xff, 0xbf, 0xf7,
    0xff, 0xbf, 0xf7, 0xff, 0xbf, 0xf7, 0xff, 0xbf, 0xf7, 0xff, 0xbf, 0xf7, 0xff, 0xbf, 0xf7, 0xff,
    0xbf, 0xf7, 0xff, 0xbf, 0xf7, 0xff, 0xbf, 0xf7, 0xff, 0xbf, 0xf7, 0xff, 0xbf, 0xf7, 0xff, 0xbf,
    0xf7, 0xff, 0xbf, 0xf7, 0xff, 0xbf, 0xf7, 0xff, 0xbf, 0xf7, 0xff, 0xbf, 0xf7, 0xff, 0xbf, 0xf7,
    0xff, 0xbf, 0xf7, 0xff, 0xbf, 0xf7, 0xff, 0xbf, 0xf7, 0xff, 0xbf, 0xf7, 0xff, 0xbf, 0xf7, 0xff,
    0xbf, 0xf7, 0xff, 0xbf, 0xf7, 0xff, 0xbf, 0xf7, 0xff, 0xbf, 0xf7, 0xff, 0xbf, 0xf7, 0xff, 0xbf,
    0xf7, 0xff, 0xbf, 0xf7, 0xff, 0xbf, 0xf7, 0xff, 0xbf, 0xf7, 0xff, 0xbf, 0xf7, 0xff, 0xbf, 0xf7,
    0xff, 0xbf, 0xf7, 0xff, 0xbf, 0xf7, 0xff, 0xbf, 0xf7, 0xff, 0xbf, 0xf7, 0xff, 0xbf, 0xf7, 0xff,
    0xbf, 0xf7, 0xff, 0xbf, 0xf7, 0xff, 0xbf, 0xf7, 0xff, 0xbf, 0xf7, 0xff, 0xbf, 0xf7, 0xff, 0xbf,
    0xf7, 0xff, 0xbf, 0xf7, 0xff, 0xbf, 0xf7, 0xff, 0xbf, 0xf7, 0xff, 0xbf, 0xf7, 0xff, 0xdf, 0xff,
    0xff, 0x3d, 0xe7, 0xff, 0x5a, 0xc6, 0xff, 0x7a, 0xce, 0xff, 0x7a, 0xce, 0xff, 0x7a, 0xce, 0xff,
    0x7a, 0xce, 0xff, 0x7a, 0xce, 0xff, 0x7a, 0xce, 0xff, 0x7a, 0xce, 0xff, 0x7a, 0xce, 0xff, 0x7a,
    0xce, 0xff, 0x7a, 0xce, 0xff, 0x7a, 0xce, 0xff, 0x7a, 0xce, 0xff, 0x7a, 0xce, 0xff, 0x7a, 0xce,
    0xff, 0x7a, 0xce, 0xff, 0x7a, 0xce, 0xff, 0x7a, 0xce, 0xff, 0x7a, 0xce, 0xff, 0x7a, 0xce, 0xff,
    0x7a, 0xce, 0xff, 0x7a, 0xce, 0xff, 0x7a, 0xce, 0xff, 0x7a, 0xce, 0xff, 0x7a, 0xce, 0xff, 0x7a,
    0xce, 0xff, 0x7a, 0xce, 0xff, 0x7a, 0xce, 0xff, 0x7a, 0xce, 0xff, 0x7a, 0xce, 0xff, 0x7a, 0xce,
    0xff, 0x7a, 0xce, 0xff, 0x7a, 0xce, 0xff, 0x7a, 0xce, 0xff, 0x7a, 0xce, 0xff, 0x7a, 0xce, 0xff,
    0x7a, 0xce, 0xff, 0x7a, 0xce, 0xff, 0x7a, 0xce, 0xff, 0x7a, 0xce, 0xff, 0x7a, 0xce, 0xff, 0x7a,
    0xce, 0xff, 0x7a, 0xce, 0xff, 0x7a, 0xce, 0xff, 0x7a, 0xce, 0xff, 0x7a, 0xce, 0xff, 0x7a, 0xce,
    0xff, 0x7a, 0xce, 0xff, 0x7a, 0xce, 0xff, 0x7a, 0xce, 0xff, 0x7a, 0xce, 0xff, 0x7a, 0xce, 0xff,
    0x7a, 0xce, 0xff, 0x7a, 0xce, 0xff, 0x7a, 0xce, 0xff, 0x7a, 0xce, 0xff, 0x7a, 0xce, 0xff, 0x7a,
    0xce, 0xff, 0x7a, 0xce, 0xff, 0x7a, 0xce, 0xff, 0x7a, 0xce, 0xff, 0x7a, 0xce, 0xff, 0x7a, 0xce,
    0xff, 0x5a, 0xc6, 0xff, 0x5d, 0xe7, 0xff, 0xdf, 0xff, 0xff, 0xbf, 0xf7, 0xff, 0xbf, 0xf7, 0xff,
    0xbf, 0xf7, 0xff, 0xbf, 0xf7, 0xff, 0xbf, 0xf7, 0xff, 0xbf, 0xf7, 0xff, 0xbf, 0xf7, 0xff, 0xbf,
    0xf7, 0xff, 0xbf, 0xf7, 0xff, 0xbf, 0xf7, 0xff, 0xbf, 0xf7, 0xff, 0xbf, 0xf7, 0xff, 0xbf, 0xf7,
    0xff, 0xbf, 0xf7, 0xff, 0xbf, 0xf7, 0xff, 0xbf, 0xf7, 0xff, 0xbf, 0xf7, 0xff, 0xbf, 0xf7, 0xff,
    0xbf, 0xf7, 0xff, 0xbf, 0xf7, 0xff, 0xbf, 0xf7, 0xff, 0xbf, 0xf7, 0xff, 0xbf, 0xf7, 0xff, 0xbf,
    0xf7, 0xff, 0xbf, 0xf7, 0xff, 0xbf, 0xf7, 0xff, 0xbf, 0xf7, 0xff, 0xbf, 0xf7, 0xff, 0xbf, 0xf7,
    0xff, 0xbf, 0xf7, 0xff, 0xbf, 0xf7, 0xff, 0xbf, 0xf7, 0xff, 0xbf, 0xf7, 0xff, 0xbf, 0xf7, 0xff,
    0xbf, 0xf7, 0xff, 0xbf, 0xf7, 0xff, 0xbf, 0xf7, 0xff, 0xbf, 0xf7, 0xff, 0xbf, 0xf7, 0xff, 0xbf,
    0xf7, 0xff, 0xbf, 0xf7, 0xff, 0xbf, 0xf7, 0xff, 0xbf, 0xf7, 0xff, 0xbf, 0xf7, 0xff, 0xbf, 0xf7,
    0xff, 0xbf, 0xf7, 0xff, 0xbf, 0xf7, 0xff, 0xbf, 0xf7, 0xff, 0xbf, 0xf7, 0xff, 0xbf, 0xf7, 0xff,
    0xbf, 0xf7, 0xff, 0xbf, 0xf7, 0xff, 0xbf, 0xf7, 0xff, 0xbf, 0xf7, 0xff, 0xbf, 0xf7, 0xff, 0xbf,
    0xf7, 0xff, 0xbf, 0xf7, 0xff, 0xbf, 0xf7, 0xff, 0xbf, 0xf7, 0xff, 0xbf, 0xf7, 0xff, 0xbf, 0xf7,
    0xff, 0xbf, 0xf7, 0xff, 0xbf, 0xf7, 0xff, 0xbf, 0xf7, 0xff, 0xbf, 0xf7, 0xff, 0xbf, 0xf7, 0xff,
    0xbf, 0xf7, 0xff, 0xbf, 0xf7, 0xff, 0xbf, 0xf7, 0xff, 0xbf, 0xf7, 0xff, 0xbf, 0xf7, 0xff, 0xbf,
    0xf7, 0xff, 0xbf, 0xf7, 0xff, 0xbf, 0xf7, 0xff, 0xbf, 0xf7, 0xff, 0xbf, 0xf7, 0xff, 0xbf, 0xf7,
    0xff, 0xbf, 0xf7, 0xff, 0xbf, 0xf7, 0xff, 0xbf, 0xf7, 0xff, 0xbf, 0xf7, 0xff, 0xbf, 0xf7, 0xff,
    0xbf, 0xf7, 0xff, 0xbf, 0xf7, 0xff, 0xbf, 0xf7, 0xff, 0xbf, 0xf7, 0xff, 0xbf, 0xf7, 0xff, 0xbf,
    0xf7, 0xff, 0xbf, 0xf7, 0xff, 0xbf, 0xf7, 0xff, 0xbf, 0xf7, 0xff, 0xbf, 0xf7, 0xff, 0xbf, 0xf7,
    0xff, 0xbf, 0xf7, 0xff, 0xbf, 0xf7, 0xff, 0xbf, 0xf7, 0xff, 0xbf, 0xf7, 0xff, 0xbf, 0xf7, 0xff,
    0xbf, 0xf7, 0xff, 0xbf, 0xf7, 0xff, 0xbf, 0xf7, 0xff, 0xbf, 0xf7, 0xff, 0xbf, 0xf7, 0xff, 0xbf,
    0xf7, 0xff, 0xbf, 0xf7, 0xff, 0xbf, 0xf7, 0xff, 0xbf, 0xf7, 0xff, 0xbf, 0xf7, 0xff, 0xbf, 0xf7,
    0xff, 0xbf, 0xf7, 0xff, 0xbf, 0xf7, 0xff, 0xbf, 0xf7, 0xff, 0xdf, 0xf7, 0xff, 0x9e, 0xef, 0xff,
    0x7a, 0xce, 0xff, 0x7a, 0xc6, 0xff, 0x7a, 0xce, 0xff, 0x7a, 0xce, 0xff, 0x7a, 0xce, 0xff, 0x7a,
    0xce, 0xff, 0x7a, 0xce, 0xff, 0x7a, 0xce, 0xff, 0x7a, 0xce, 0xff, 0x7a, 0xce, 0xff, 0x7a, 0xce,
    0xff, 0x7a, 0xce, 0xff, 0x7a, 0xce, 0xff, 0x7a, 0xce, 0xff, 0x7a, 0xce, 0xff, 0x7a, 0xce, 0xff,
    0x7a, 0xce, 0xff, 0x7a, 0xce, 0xff, 0x7a, 0xce, 0xff, 0x7a, 0xce, 0xff, 0x7a, 0xce, 0xff, 0x7a,
    0xce, 0xff, 0x7a, 0xce, 0xff, 0x7a, 0xce, 0xff, 0x7a, 0xce, 0xff, 0x7a, 0xce, 0xff, 0x7a, 0xce,
    0xff, 0x7a, 0xce, 0xff, 0x7a, 0xce, 0xff, 0x7a, 0xce, 0xff, 0x7a, 0xce, 0xff, 0x7a, 0xce, 0xff,
    0x7a, 0xce, 0xff, 0x7a, 0xce, 0xff, 0x7a, 0xce, 0xff, 0x7a, 0xce, 0xff, 0x7a, 0xce, 0xff, 0x7a,
    0xce, 0xff, 0x7a, 0xce, 0xff, 0x7a, 0xce, 0xff, 0x7a, 0xce, 0xff, 0x7a, 0xce, 0xff, 0x7a, 0xce,
    0xff, 0x7a, 0xce, 0xff, 0x7a, 0xce, 0xff, 0x7a, 0xce, 0xff, 0x7a, 0xce, 0xff, 0x7a, 0xce, 0xff,
    0x7a, 0xce, 0xff, 0x7a, 0xce, 0xff, 0x7a, 0xce, 0xff, 0x7a, 0xce, 0xff, 0x7a, 0xce, 0xff, 0x7a,
    0xce, 0xff, 0x7a, 0xce, 0xff, 0x7a, 0xce, 0xff, 0x7a, 0xce, 0xff, 0x7a, 0xce, 0xff, 0x7a, 0xce,
    0xff, 0x7a, 0xce, 0xff, 0x7a, 0xce, 0xff, 0x7a, 0xce, 0xff, 0x7a, 0xc6, 0xff, 0x9a, 0xce, 0xff,
    0x9e, 0xf7, 0xff, 0xdf, 0xf7, 0xff, 0xbf, 0xf7, 0xff, 0xbf, 0xf7, 0xff, 0xbf, 0xf7, 0xff, 0xbf,
    0xf7, 0xff, 0xbf, 0xf7, 0xff, 0xbf, 0xf7, 0xff, 0xbf, 0xf7, 0xff, 0xbf, 0xf7, 0xff, 0xbf, 0xf7,
    0xff, 0xbf, 0xf7, 0xff, 0xbf, 0xf7, 0xff, 0xbf, 0xf7, 0xff, 0xbf, 0xf7, 0xff, 0xbf, 0xf7, 0xff,
    0xbf, 0xf7, 0xff, 0xbf, 0xf7, 0xff, 0xbf, 0xf7, 0xff, 0xbf, 0xf7, 0xff, 0xbf, 0xf7, 0xff, 0xbf,
    0xf7, 0xff, 0xbf, 0xf7, 0xff, 0xbf, 0xf7, 0xff, 0xbf, 0xf7, 0xff, 0xbf, 0xf7, 0xff, 0xbf, 0xf7,
    0xff, 0xbf, 0xf7, 0xff, 0xbf, 0xf7, 0xff, 0xbf, 0xf7, 0xff, 0xbf, 0xf7, 0xff, 0xbf, 0xf7, 0xff,
    0xbf, 0xf7, 0xff, 0xbf, 0xf7, 0xff, 0xbf, 0xf7, 0xff, 0xbf, 0xf7, 0xff, 0xbf, 0xf7, 0xff, 0xbf,
    0xf7, 0xff, 0xbf, 0xf7, 0xff, 0xbf, 0xf7, 0xff, 0xbf, 0xf7, 0xff, 0xbf, 0xf7, 0xff, 0xbf, 0xf7,
    0xff, 0xbf, 0xf7, 0xff, 0xbf, 0xf7, 0xff, 0xbf, 0xf7, 0xff, 0xbf, 0xf7, 0xff, 0xbf, 0xf7, 0xff,
    0xbf, 0xf7, 0xff, 0xbf, 0xf7, 0xff, 0xbf, 0xf7, 0xff, 0xbf, 0xf7, 0xff, 0xbf, 0xf7, 0xff, 0xbf,
    0xf7, 0xff, 0xbf, 0xf7, 0xff, 0xbf, 0xf7, 0xff, 0xbf, 0xf7, 0xff, 0xbf, 0xf7, 0xff, 0xbf, 0xf7,
    0xff, 0xbf, 0xf7, 0xff, 0xbf, 0xf7, 0xff, 0xbf, 0xf7, 0xff, 0xbf, 0xf7, 0xff, 0xbf, 0xf7, 0xff,
    0xbf, 0xf7, 0xff, 0xbf, 0xf7, 0xff, 0xbf, 0xf7, 0xff, 0xbf, 0xf7, 0xff, 0xbf, 0xf7, 0xff, 0xbf,
    0xf7, 0xff, 0xbf, 0xf7, 0xff, 0xbf, 0xf7, 0xff, 0xbf, 0xf7, 0xff, 0xbf, 0xf7, 0xff, 0xbf, 0xf7,
    0xff, 0xbf, 0xf7, 0xff, 0xbf, 0xf7, 0xff, 0xbf, 0xf7, 0xff, 0xbf, 0xf7, 0xff, 0xbf, 0xf7, 0xff,
    0xbf, 0xf7, 0xff, 0xbf, 0xf7, 0xff, 0xbf, 0xf7, 0xff, 0xbf, 0xf7, 0xff, 0xbf, 0xf7, 0xff, 0xbf,
    0xf7, 0xff, 0xbf, 0xf7, 0xff, 0xbf, 0xf7, 0xff, 0xbf, 0xf7, 0xff, 0xbf, 0xf7, 0xff, 0xbf, 0xf7,
    0xff, 0xbf, 0xf7, 0xff, 0xbf, 0xf7, 0xff, 0xbf, 0xf7, 0xff, 0xbf, 0xf7, 0xff, 0xbf, 0xf7, 0xff,
    0xbf, 0xf7, 0xff, 0xbf, 0xf7, 0xff, 0xbf, 0xf7, 0xff, 0xbf, 0xf7, 0xff, 0xbf, 0xf7, 0xff, 0xbf,
    0xf7, 0xff, 0xbf, 0xf7, 0xff, 0xbf, 0xf7, 0xff, 0xbf, 0xf7, 0xff, 0xbf, 0xf7, 0xff, 0xbf, 0xf7,
    0xff, 0xbf, 0xf7, 0xff, 0xbf, 0xf7, 0xff, 0xbf, 0xf7, 0xff, 0xbf, 0xf7, 0xff, 0xbf, 0xf7, 0xff,
    0xbf, 0xf7, 0xff, 0xbf, 0xf7, 0xff, 0xbf, 0xf7, 0xff, 0xdf, 0xf7, 0xff, 0xbb, 0xd6, 0xff, 0x7a,
    0xc6, 0xff, 0x7a, 0xce, 0xff, 0x7a, 0xce, 0xff, 0x7a, 0xce, 0xff, 0x7a, 0xce, 0xff, 0x7a, 0xce,
    0xff, 0x7a, 0xce, 0xff, 0x7a, 0xce, 0xff, 0x7a, 0xce, 0xff, 0x7a, 0xce, 0xff, 0x7a, 0xce, 0xff,
    0x7a, 0xce, 0xff, 0x7a, 0xce, 0xff, 0x7a, 0xce, 0xff, 0x7a, 0xce, 0xff, 0x7a, 0xce, 0xff, 0x7a,
    0xce, 0xff, 0x7a, 0xce, 0xff, 0x7a, 0xce, 0xff, 0x7a, 0xce, 0xff, 0x7a, 0xce, 0xff, 0x7a, 0xce,
    0xff, 0x7a, 0xce, 0xff, 0x7a, 0xce, 0xff, 0x7a, 0xce, 0xff, 0x7a, 0xce, 0xff, 0x7a, 0xce, 0xff,
    0x7a, 0xce, 0xff, 0x7a, 0xce, 0xff, 0x7a, 0xce, 0xff, 0x7a, 0xce, 0xff, 0x7a, 0xce, 0xff, 0x7a,
    0xce, 0xff, 0x7a, 0xce, 0xff, 0x7a, 0xce, 0xff, 0x7a, 0xce, 0xff, 0x7a, 0xce, 0xff, 0x7a, 0xce,
    0xff, 0x7a, 0xce, 0xff, 0x7a, 0xce, 0xff, 0x7a, 0xce, 0xff, 0x7a, 0xce, 0xff, 0x7a, 0xce, 0xff,
    0x7a, 0xce, 0xff, 0x7a, 0xce, 0xff, 0x7a, 0xce, 0xff, 0x7a, 0xce, 0xff, 0x7a, 0xce, 0xff, 0x7a,
    0xce, 0xff, 0x7a, 0xce, 0xff, 0x7a, 0xce, 0xff, 0x7a, 0xce, 0xff, 0x7a, 0xce, 0xff, 0x7a, 0xce,
    0xff, 0x7a, 0xce, 0xff, 0x7a, 0xce, 0xff, 0x7a, 0xce, 0xff, 0x7a, 0xce, 0xff, 0x7a, 0xce, 0xff,
    0x7a, 0xce, 0xff, 0x7a, 0xce, 0xff, 0x7a, 0xc6, 0xff, 0xbb, 0xd6, 0xff, 0xdf, 0xf7, 0xff, 0xbf,
    0xf7, 0xff, 0xbf, 0xf7, 0xff, 0xbf, 0xf7, 0xff, 0xbf, 0xf7, 0xff, 0xbf, 0xf7, 0xff, 0xbf, 0xf7,
    0xff, 0xbf, 0xf7, 0xff, 0xbf, 0xf7, 0xff, 0xbf, 0xf7, 0xff, 0xbf, 0xf7, 0xff, 0xbf, 0xf7, 0xff,
    0xbf, 0xf7, 0xff, 0xbf, 0xf7, 0xff, 0xbf, 0xf7, 0xff, 0xbf, 0xf7, 0xff, 0xbf, 0xf7, 0xff, 0xbf,
    0xf7, 0xff, 0xbf, 0xf7, 0xff, 0xbf, 0xf7, 0xff, 0xbf, 0xf7, 0xff, 0xbf, 0xf7, 0xff, 0xbf, 0xf7,
    0xff, 0xbf, 0xf7, 0xff, 0xbf, 0xf7, 0xff, 0xbf, 0xf7, 0xff, 0xbf, 0xf7, 0xff, 0xbf, 0xf7, 0xff,
    0xbf, 0xf7, 0xff, 0xbf, 0xf7, 0xff, 0xbf, 0xf7, 0xff, 0xbf, 0xf7, 0xff, 0xbf, 0xf7, 0xff, 0xbf,
    0xf7, 0xff, 0xbf, 0xf7, 0xff, 0xbf, 0xf7, 0xff, 0xbf, 0xf7, 0xff, 0xbf, 0xf7, 0xff, 0xbf, 0xf7,
    0xff, 0xbf, 0xf7, 0xff, 0xbf, 0xf7, 0xff, 0xbf, 0xf7, 0xff, 0xbf, 0xf7, 0xff, 0xbf, 0xf7, 0xff,
    0xbf, 0xf7, 0xff, 0xbf, 0xf7, 0xff, 0xbf, 0xf7, 0xff, 0xbf, 0xf7, 0xff, 0xbf, 0xf7, 0xff, 0xbf,
    0xf7, 0xff, 0xbf, 0xf7, 0xff, 0xbf, 0xf7, 0xff, 0xbf, 0xf7, 0xff, 0xbf, 0xf7, 0xff, 0xbf, 0xf7,
    0xff, 0xbf, 0xf7, 0xff, 0xbf, 0xf7, 0xff, 0xbf, 0xf7, 0xff, 0xbf, 0xf7, 0xff, 0xbf, 0xf7, 0xff,
    0xbf, 0xf7, 0xff, 0xbf, 0xf7, 0xff, 0xbf, 0xf7, 0xff, 0xbf, 0xf7, 0xff, 0xbf, 0xf7, 0xff, 0xbf,
    0xf7, 0xff, 0xbf, 0xf7, 0xff, 0xbf, 0xf7, 0xff, 0xbf, 0xf7, 0xff, 0xbf, 0xf7, 0xff, 0xbf, 0xf7,
    0xff, 0xbf, 0xf7, 0xff, 0xbf, 0xf7, 0xff, 0xbf, 0xf7, 0xff, 0xbf, 0xf7, 0xff, 0xbf, 0xf7, 0xff,
    0xbf, 0xf7, 0xff, 0xbf, 0xf7, 0xff, 0xbf, 0xf7, 0xff, 0xbf, 0xf7, 0xff, 0xbf, 0xf7, 0xff, 0xbf,
    0xf7, 0xff, 0xbf, 0xf7, 0xff, 0xbf, 0xf7, 0xff, 0xbf, 0xf7, 0xff, 0xbf, 0xf7, 0xff, 0xbf, 0xf7,
    0xff, 0xbf, 0xf7, 0xff, 0xbf, 0xf7, 0xff, 0xbf, 0xf7, 0xff, 0xbf, 0xf7, 0xff, 0xbf, 0xf7, 0xff,
    0xbf, 0xf7, 0xff, 0xbf, 0xf7, 0xff, 0xbf, 0xf7, 0xff, 0xbf, 0xf7, 0xff, 0xbf, 0xf7, 0xff, 0xbf,
    0xf7, 0xff, 0xbf, 0xf7, 0xff, 0xbf, 0xf7, 0xff, 0xbf, 0xf7, 0xff, 0xbf, 0xf7, 0xff, 0xbf, 0xf7,
    0xff, 0xbf, 0xf7, 0xff, 0xbf, 0xf7, 0xff, 0xbf, 0xf7, 0xff, 0xbf, 0xf7, 0xff, 0xbf, 0xf7, 0xff,
    0xbf, 0xf7, 0xff, 0xbf, 0xf7, 0xff, 0xbf, 0xf7, 0xff, 0xbf, 0xf7, 0xff, 0xbf, 0xf7, 0xff, 0xbf,
    0xf7, 0xff, 0xbf, 0xf7, 0xff, 0xdf, 0xff, 0xff, 0x1c, 0xdf, 0xff, 0x5a, 0xc6, 0xff, 0x7a, 0xce,
    0xff, 0x7a, 0xce, 0xff, 0x7a, 0xce, 0xff, 0x7a, 0xce, 0xff, 0x7a, 0xce, 0xff, 0x7a, 0xce, 0xff,
    0x7a, 0xce, 0xff, 0x7a, 0xce, 0xff, 0x7a, 0xce, 0xff, 0x7a, 0xce, 0xff, 0x7a, 0xce, 0xff, 0x7a,
    0xce, 0xff, 0x7a, 0xce, 0xff, 0x7a, 0xce, 0xff, 0x7a, 0xce, 0xff, 0x7a, 0xce, 0xff, 0x7a, 0xce,
    0xff, 0x7a, 0xce, 0xff, 0x7a, 0xce, 0xff, 0x7a, 0xce, 0xff, 0x7a, 0xce, 0xff, 0x7a, 0xce, 0xff,
    0x7a, 0xce, 0xff, 0x7a, 0xce, 0xff, 0x7a, 0xce, 0xff, 0x7a, 0xce, 0xff, 0x7a, 0xce, 0xff, 0x7a,
    0xce, 0xff, 0x7a, 0xce, 0xff, 0x7a, 0xce, 0xff, 0x7a, 0xce, 0xff, 0x7a, 0xce, 0xff, 0x7a, 0xce,
    0xff, 0x7a, 0xce, 0xff, 0x7a, 0xce, 0xff, 0x7a, 0xce, 0xff, 0x7a, 0xce, 0xff, 0x7a, 0xce, 0xff,
    0x7a, 0xce, 0xff, 0x7a, 0xce, 0xff, 0x7a, 0xce, 0xff, 0x7a, 0xce, 0xff, 0x7a, 0xce, 0xff, 0x7a,
    0xce, 0xff, 0x7a, 0xce, 0xff, 0x7a, 0xce, 0xff, 0x7a, 0xce, 0xff, 0x7a, 0xce, 0xff, 0x7a, 0xce,
    0xff, 0x7a, 0xce, 0xff, 0x7a, 0xce, 0xff, 0x7a, 0xce, 0xff, 0x7a, 0xce, 0xff, 0x7a, 0xce, 0xff,
    0x7a, 0xce, 0xff, 0x7a, 0xce, 0xff, 0x7a, 0xce, 0xff, 0x7a, 0xce, 0xff, 0x7a, 0xce, 0xff, 0x7a,
    0xce, 0xff, 0x5a, 0xc6, 0xff, 0x1c, 0xdf, 0xff, 0xdf, 0xff, 0xff, 0xbf, 0xf7, 0xff, 0xbf, 0xf7,
    0xff, 0xbf, 0xf7, 0xff, 0xbf, 0xf7, 0xff, 0xbf, 0xf7, 0xff, 0xbf, 0xf7, 0xff, 0xbf, 0xf7, 0xff,
    0xbf, 0xf7, 0xff, 0xbf, 0xf7, 0xff, 0xbf, 0xf7, 0xff, 0xbf, 0xf7, 0xff, 0xbf, 0xf7, 0xff, 0xbf,
    0xf7, 0xff, 0xbf, 0xf7, 0xff, 0xbf, 0xf7, 0xff, 0xbf, 0xf7, 0xff, 0xbf, 0xf7, 0xff, 0xbf, 0xf7,
    0xff, 0xbf, 0xf7, 0xff, 0xbf, 0xf7, 0xff, 0xbf, 0xf7, 0xff, 0xbf, 0xf7, 0xff, 0xbf, 0xf7, 0xff,
    0xbf, 0xf7, 0xff, 0xbf, 0xf7, 0xff, 0xbf, 0xf7, 0xff, 0xbf, 0xf7, 0xff, 0xbf, 0xf7, 0xff, 0xbf,
    0xf7, 0xff, 0xbf, 0xf7, 0xff, 0xbf, 0xf7, 0xff, 0xbf, 0xf7, 0xff, 0xbf, 0xf7, 0xff, 0xbf, 0xf7,
    0xff, 0xbf, 0xf7, 0xff, 0xbf, 0xf7, 0xff, 0xbf, 0xf7, 0xff, 0xbf, 0xf7, 0xff, 0xbf, 0xf7, 0xff,
    0xbf, 0xf7, 0xff, 0xbf, 0xf7, 0xff, 0xbf, 0xf7, 0xff, 0xbf, 0xf7, 0xff, 0xbf, 0xf7, 0xff, 0xbf,
    0xf7, 0xff, 0xbf, 0xf7, 0xff, 0xbf, 0xf7, 0xff, 0xbf, 0xf7, 0xff, 0xbf, 0xf7, 0xff, 0xbf, 0xf7,
    0xff, 0xbf, 0xf7, 0xff, 0xbf, 0xf7, 0xff, 0xbf, 0xf7, 0xff, 0xbf, 0xf7, 0xff, 0xbf, 0xf7, 0xff,
    0xbf, 0xf7, 0xff, 0xbf, 0xf7, 0xff, 0xbf, 0xf7, 0xff, 0xbf, 0xf7, 0xff, 0xbf, 0xf7, 0xff, 0xbf,
    0xf7, 0xff, 0xbf, 0xf7, 0xff, 0xbf, 0xf7, 0xff, 0xbf, 0xf7, 0xff, 0xbf, 0xf7, 0xff, 0xbf, 0xf7,
    0xff, 0xbf, 0xf7, 0xff, 0xbf, 0xf7, 0xff, 0xbf, 0xf7, 0xff, 0xbf, 0xf7, 0xff, 0xbf, 0xf7, 0xff,
    0xbf, 0xf7, 0xff, 0xbf, 0xf7, 0xff, 0xbf, 0xf7, 0xff, 0xbf, 0xf7, 0xff, 0xbf, 0xf7, 0xff, 0xbf,
    0xf7, 0xff, 0xbf, 0xf7, 0xff, 0xbf, 0xf7, 0xff, 0xbf, 0xf7, 0xff, 0xbf, 0xf7, 0xff, 0xbf, 0xf7,
    0xff, 0xbf, 0xf7, 0xff, 0xbf, 0xf7, 0xff, 0xbf, 0xf7, 0xff, 0xbf, 0xf7, 0xff, 0xbf, 0xf7, 0xff,
    0xbf, 0xf7, 0xff, 0xbf, 0xf7, 0xff, 0xbf, 0xf7, 0xff, 0xbf, 0xf7, 0xff, 0xbf, 0xf7, 0xff, 0xbf,
    0xf7, 0xff, 0xbf, 0xf7, 0xff, 0xbf, 0xf7, 0xff, 0xbf, 0xf7, 0xff, 0xbf, 0xf7, 0xff, 0xbf, 0xf7,
    0xff, 0xbf, 0xf7, 0xff, 0xbf, 0xf7, 0xff, 0xbf, 0xf7, 0xff, 0xbf, 0xf7, 0xff, 0xbf, 0xf7, 0xff,
    0xbf, 0xf7, 0xff, 0xbf, 0xf7, 0xff, 0xbf, 0xf7, 0xff, 0xbf, 0xf7, 0xff, 0xbf, 0xf7, 0xff, 0xbf,
    0xf7, 0xff, 0xbf, 0xf7, 0xff, 0xbf, 0xf7, 0xff, 0xbf, 0xf7, 0xff, 0xbf, 0xf7, 0xff, 0xbf, 0xf7,
    0xff, 0xdf, 0xf7, 0xff, 0x5d, 0xe7, 0xff, 0x7a, 0xc6, 0xff, 0x7a, 0xce, 0xff, 0x7a, 0xce, 0xff,
    0x7a, 0xce, 0xff, 0x7a, 0xce, 0xff, 0x7a, 0xce, 0xff, 0x7a, 0xce, 0xff, 0x7a, 0xce, 0xff, 0x7a,
    0xce, 0xff, 0x7a, 0xce, 0xff, 0x7a, 0xce, 0xff, 0x7a, 0xce, 0xff, 0x7a, 0xce, 0xff, 0x7a, 0xce,
    0xff, 0x7a, 0xce, 0xff, 0x7a, 0xce, 0xff, 0x7a, 0xce, 0xff, 0x7a, 0xce, 0xff, 0x7a, 0xce, 0xff,
    0x7a, 0xce, 0xff, 0x7a, 0xce, 0xff, 0x7a, 0xce, 0xff, 0x7a, 0xce, 0xff, 0x7a, 0xce, 0xff, 0x7a,
    0xce, 0xff, 0x7a, 0xce, 0xff, 0x7a, 0xce, 0xff, 0x7a, 0xce, 0xff, 0x7a, 0xce, 0xff, 0x7a, 0xce,
    0xff, 0x7a, 0xce, 0xff, 0x7a, 0xce, 0xff, 0x7a, 0xce, 0xff, 0x7a, 0xce, 0xff, 0x7a, 0xce, 0xff,
    0x7a, 0xce, 0xff, 0x7a, 0xce, 0xff, 0x7a, 0xce, 0xff, 0x7a, 0xce, 0xff, 0x7a, 0xce, 0xff, 0x7a,
    0xce, 0xff, 0x7a, 0xce, 0xff, 0x7a, 0xce, 0xff, 0x7a, 0xce, 0xff, 0x7a, 0xce, 0xff, 0x7a, 0xce,
    0xff, 0x7a, 0xce, 0xff, 0x7a, 0xce, 0xff, 0x7a, 0xce, 0xff, 0x7a, 0xce, 0xff, 0x7a, 0xce, 0xff,
    0x7a, 0xce, 0xff, 0x7a, 0xce, 0xff, 0x7a, 0xce, 0xff, 0x7a, 0xce, 0xff, 0x7a, 0xce, 0xff, 0x7a,
    0xce, 0xff, 0x7a, 0xce, 0xff, 0x7a, 0xce, 0xff, 0x7a, 0xce, 0xff, 0x7a, 0xce, 0xff, 0x5a, 0xc6,
    0xff, 0x5d, 0xe7, 0xff, 0xdf, 0xf7, 0xff, 0xbf, 0xf7, 0xff, 0xbf, 0xf7, 0xff, 0xbf, 0xf7, 0xff,
    0xbf, 0xf7, 0xff, 0xbf, 0xf7, 0xff, 0xbf, 0xf7, 0xff, 0xbf, 0xf7, 0xff, 0xbf, 0xf7, 0xff, 0xbf,
    0xf7, 0xff, 0xbf, 0xf7, 0xff, 0xbf, 0xf7, 0xff, 0xbf, 0xf7, 0xff, 0xbf, 0xf7, 0xff, 0xbf, 0xf7,
    0xff, 0xbf, 0xf7, 0xff, 0xbf, 0xf7, 0xff, 0xbf, 0xf7, 0xff, 0xbf, 0xf7, 0xff, 0xbf, 0xf7, 0xff,
    0xbf, 0xf7, 0xff, 0xbf, 0xf7, 0xff, 0xbf, 0xf7, 0xff, 0xbf, 0xf7, 0xff, 0xbf, 0xf7, 0xff, 0xbf,
    0xf7, 0xff, 0xbf, 0xf7, 0xff, 0xbf, 0xf7, 0xff, 0xbf, 0xf7, 0xff, 0xbf, 0xf7, 0xff, 0xbf, 0xf7,
    0xff, 0xbf, 0xf7, 0xff, 0xbf, 0xf7, 0xff, 0xbf, 0xf7, 0xff, 0xbf, 0xf7, 0xff, 0xbf, 0xf7, 0xff,
    0xbf, 0xf7, 0xff, 0xbf, 0xf7, 0xff, 0xbf, 0xf7, 0xff, 0xbf, 0xf7, 0xff, 0xbf, 0xf7, 0xff, 0xbf,
    0xf7, 0xff, 0xbf, 0xf7, 0xff, 0xbf, 0xf7, 0xff, 0xbf, 0xf7, 0xff, 0xbf, 0xf7, 0xff, 0xbf, 0xf7,
    0xff, 0xbf, 0xf7, 0xff, 0xbf, 0xf7, 0xff, 0xbf, 0xf7, 0xff, 0xbf, 0xf7, 0xff, 0xbf, 0xf7, 0xff,
    0xbf, 0xf7, 0xff, 0xbf, 0xf7, 0xff, 0xbf, 0xf7, 0xff, 0xbf, 0xf7, 0xff, 0xbf, 0xf7, 0xff, 0xbf,
    0xf7, 0xff, 0xbf, 0xf7, 0xff, 0xbf, 0xf7, 0xff, 0xbf, 0xf7, 0xff, 0xbf, 0xf7, 0xff, 0xbf, 0xf7,
    0xff, 0xbf, 0xf7, 0xff, 0xbf, 0xf7, 0xff, 0xbf, 0xf7, 0xff, 0xbf, 0xf7, 0xff, 0xbf, 0xf7, 0xff,
    0xbf, 0xf7, 0xff, 0xbf, 0xf7, 0xff, 0xbf, 0xf7, 0xff, 0xbf, 0xf7, 0xff, 0xbf, 0xf7, 0xff, 0xbf,
    0xf7, 0xff, 0xbf, 0xf7, 0xff, 0xbf, 0xf7, 0xff, 0xbf, 0xf7, 0xff, 0xbf, 0xf7, 0xff, 0xbf, 0xf7,
    0xff, 0xbf, 0xf7, 0xff, 0xbf, 0xf7, 0xff, 0xbf, 0xf7, 0xff, 0xbf, 0xf7, 0xff, 0xbf, 0xf7, 0xff,
    0xbf, 0xf7, 0xff, 0xbf, 0xf7, 0xff, 0xbf, 0xf7, 0xff, 0xbf, 0xf7, 0xff, 0xbf, 0xf7, 0xff, 0xbf,
    0xf7, 0xff, 0xbf, 0xf7, 0xff, 0xbf, 0xf7, 0xff, 0xbf, 0xf7, 0xff, 0xbf, 0xf7, 0xff, 0xbf, 0xf7,
    0xff, 0xbf, 0xf7, 0xff, 0xbf, 0xf7, 0xff, 0xbf, 0xf7, 0xff, 0xbf, 0xf7, 0xff, 0xbf, 0xf7, 0xff,
    0xbf, 0xf7, 0xff, 0xbf, 0xf7, 0xff, 0xbf, 0xf7, 0xff, 0xbf, 0xf7, 0xff, 0xbf, 0xf7, 0xff, 0xbf,
    0xf7, 0xff, 0xbf, 0xf7, 0xff, 0xbf, 0xf7, 0xff, 0xbf, 0xf7, 0xff, 0xbf, 0xf7, 0xff, 0xbf, 0xf7,
    0xff, 0xbf, 0xf7, 0xff, 0xbf, 0xf7, 0xff, 0xbf, 0xf7, 0xff, 0xbf, 0xf7, 0xff, 0xdf, 0xf7, 0xff,
    0x9e, 0xf7, 0xff, 0x7a, 0xce, 0xff, 0x7a, 0xc6, 0xff, 0x7a, 0xce, 0xff, 0x7a, 0xce, 0xff, 0x7a,
    0xce, 0xff, 0x7a, 0xce, 0xff, 0x7a, 0xce, 0xff, 0x7a, 0xce, 0xff, 0x7a, 0xce, 0xff, 0x7a, 0xce,
    0xff, 0x7a, 0xce, 0xff, 0x7a, 0xce, 0xff, 0x7a, 0xce, 0xff, 0x7a, 0xce, 0xff, 0x7a, 0xce, 0xff,
    0x7a, 0xce, 0xff, 0x7a, 0xce, 0xff, 0x7a, 0xce, 0xff, 0x7a, 0xce, 0xff, 0x7a, 0xce, 0xff, 0x7a,
    0xce, 0xff, 0x7a, 0xce, 0xff, 0x7a, 0xce, 0xff, 0x7a, 0xce, 0xff, 0x7a, 0xce, 0xff, 0x7a, 0xce,
    0xff, 0x7a, 0xce, 0xff, 0x7a, 0xce, 0xff, 0x7a, 0xce, 0xff, 0x7a, 0xce, 0xff, 0x7a, 0xce, 0xff,
    0x7a, 0xce, 0xff, 0x7a, 0xce, 0xff, 0x7a, 0xce, 0xff, 0x7a, 0xce, 0xff, 0x7a, 0xce, 0xff, 0x7a,
    0xce, 0xff, 0x7a, 0xce, 0xff, 0x7a, 0xce, 0xff, 0x7a, 0xce, 0xff, 0x7a, 0xce, 0xff, 0x7a, 0xce,
    0xff, 0x7a, 0xce, 0xff, 0x7a, 0xce, 0xff, 0x7a, 0xce, 0xff, 0x7a, 0xce, 0xff, 0x7a, 0xce, 0xff,
    0x7a, 0xce, 0xff, 0x7a, 0xce, 0xff, 0x7a, 0xce, 0xff, 0x7a, 0xce, 0xff, 0x7a, 0xce, 0xff, 0x7a,
    0xce, 0xff, 0x7a, 0xce, 0xff, 0x7a, 0xce, 0xff, 0x7a, 0xce, 0xff, 0x7a, 0xce, 0xff, 0x7a, 0xce,
    0xff, 0x7a, 0xce, 0xff, 0x7a, 0xce, 0xff, 0x7a, 0xc6, 0xff, 0x7a, 0xce, 0xff, 0x9e, 0xef, 0xff,
    0xdf, 0xf7, 0xff, 0xbf, 0xf7, 0xff, 0xbf, 0xf7, 0xff, 0xbf, 0xf7, 0xff, 0xbf, 0xf7, 0xff, 0xbf,
    0xf7, 0xff, 0xbf, 0xf7, 0xff, 0xbf, 0xf7, 0xff, 0xbf, 0xf7, 0xff, 0xbf, 0xf7, 0xff, 0xbf, 0xf7,
    0xff, 0xbf, 0xf7, 0xff, 0xbf, 0xf7, 0xff, 0xbf, 0xf7, 0xff, 0xbf, 0xf7, 0xff, 0xbf, 0xf7, 0xff,
    0xbf, 0xf7, 0xff, 0xbf, 0xf7, 0xff, 0xbf, 0xf7, 0xff, 0xbf, 0xf7, 0xff, 0xbf, 0xf7, 0xff, 0xbf,
    0xf7, 0xff, 0xbf, 0xf7, 0xff, 0xbf, 0xf7, 0xff, 0xbf, 0xf7, 0xff, 0xbf, 0xf7, 0xff, 0xbf, 0xf7,
    0xff, 0xbf, 0xf7, 0xff, 0xbf, 0xf7, 0xff, 0xbf, 0xf7, 0xff, 0xbf, 0xf7, 0xff, 0xbf, 0xf7, 0xff,
    0xbf, 0xf7, 0xff, 0xbf, 0xf7, 0xff, 0xbf, 0xf7, 0xff, 0xbf, 0xf7, 0xff, 0xbf, 0xf7, 0xff, 0xbf,
    0xf7, 0xff, 0xbf, 0xf7, 0xff, 0xbf, 0xf7, 0xff, 0xbf, 0xf7, 0xff, 0xbf, 0xf7, 0xff, 0xbf, 0xf7,
    0xff, 0xbf, 0xf7, 0xff, 0xbf, 0xf7, 0xff, 0xbf, 0xf7, 0xff, 0xbf, 0xf7, 0xff, 0xbf, 0xf7, 0xff,
    0xbf, 0xf7, 0xff, 0xbf, 0xf7, 0xff, 0xbf, 0xf7, 0xff, 0xbf, 0xf7, 0xff, 0xbf, 0xf7, 0xff, 0xbf,
    0xf7, 0xff, 0xbf, 0xf7, 0xff, 0xbf, 0xf7, 0xff, 0xbf, 0xf7, 0xff, 0xbf, 0xf7, 0xff, 0xbf, 0xf7,
    0xff, 0xbf, 0xf7, 0xff, 0xbf, 0xf7, 0xff, 0xbf, 0xf7, 0xff, 0xbf, 0xf7, 0xff, 0xbf, 0xf7, 0xff,
    0xbf, 0xf7, 0xff, 0xbf, 0xf7, 0xff, 0xbf, 0xf7, 0xff, 0xbf, 0xf7, 0xff, 0xbf, 0xf7, 0xff, 0xbf,
    0xf7, 0xff, 0xbf, 0xf7, 0xff, 0xbf, 0xf7, 0xff, 0xbf, 0xf7, 0xff, 0xbf, 0xf7, 0xff, 0xbf, 0xf7,
    0xff, 0xbf, 0xf7, 0xff, 0xbf, 0xf7, 0xff, 0xbf, 0xf7, 0xff, 0xbf, 0xf7, 0xff, 0xbf, 0xf7, 0xff,
    0xbf, 0xf7, 0xff, 0xbf, 0xf7, 0xff, 0xbf, 0xf7, 0xff, 0xbf, 0xf7, 0xff, 0xbf, 0xf7, 0xff, 0xbf,
    0xf7, 0xff, 0xbf, 0xf7, 0xff, 0xbf, 0xf7, 0xff, 0xbf, 0xf7, 0xff, 0xbf, 0xf7, 0xff, 0xbf, 0xf7,
    0xff, 0xbf, 0xf7, 0xff, 0xbf, 0xf7, 0xff, 0xbf, 0xf7, 0xff, 0xbf, 0xf7, 0xff, 0xbf, 0xf7, 0xff,
    0xbf, 0xf7, 0xff, 0xbf, 0xf7, 0xff, 0xbf, 0xf7, 0xff, 0xbf, 0xf7, 0xff, 0xbf, 0xf7, 0xff, 0xbf,
    0xf7, 0xff, 0xbf, 0xf7, 0xff, 0xbf, 0xf7, 0xff, 0xbf, 0xf7, 0xff, 0xbf, 0xf7, 0xff, 0xbf, 0xf7,
    0xff, 0xbf, 0xf7, 0xff, 0xbf, 0xf7, 0xff, 0xbf, 0xf7, 0xff, 0xbf, 0xf7, 0xff, 0xbf, 0xf7, 0xff,
    0xbf, 0xf7, 0xff, 0xbf, 0xf7, 0xff, 0xbf, 0xf7, 0xff, 0xbf, 0xf7, 0xff, 0xbf, 0xf7, 0xff, 0xbb,
    0xd6, 0xff, 0x7a, 0xc6, 0xff, 0x7a, 0xce, 0xff, 0x7a, 0xce, 0xff, 0x7a, 0xce, 0xff, 0x7a, 0xce,
    0xff, 0x7a, 0xce, 0xff, 0x7a, 0xce, 0xff, 0x7a, 0xce, 0xff, 0x7a, 0xce, 0xff, 0x7a, 0xce, 0xff,
    0x7a, 0xce, 0xff, 0x7a, 0xce, 0xff, 0x7a, 0xce, 0xff, 0x7a, 0xce, 0xff, 0x7a, 0xce, 0xff, 0x7a,
    0xce, 0xff, 0x7a, 0xce, 0xff, 0x7a, 0xce, 0xff, 0x7a, 0xce, 0xff, 0x7a, 0xce, 0xff, 0x7a, 0xce,
    0xff, 0x7a, 0xce, 0xff, 0x7a, 0xce, 0xff, 0x7a, 0xce, 0xff, 0x7a, 0xce, 0xff, 0x7a, 0xce, 0xff,
    0x7a, 0xce, 0xff, 0x7a, 0xce, 0xff, 0x7a, 0xce, 0xff, 0x7a, 0xce, 0xff, 0x7a, 0xce, 0xff, 0x7a,
    0xce, 0xff, 0x7a, 0xce, 0xff, 0x7a, 0xce, 0xff, 0x7a, 0xce, 0xff, 0x7a, 0xce, 0xff, 0x7a, 0xce,
    0xff, 0x7a, 0xce, 0xff, 0x7a, 0xce, 0xff, 0x7a, 0xce, 0xff, 0x7a, 0xce, 0xff, 0x7a, 0xce, 0xff,
    0x7a, 0xce, 0xff, 0x7a, 0xce, 0xff, 0x7a, 0xce, 0xff, 0x7a, 0xce, 0xff, 0x7a, 0xce, 0xff, 0x7a,
    0xce, 0xff, 0x7a, 0xce, 0xff, 0x7a, 0xce, 0xff, 0x7a, 0xce, 0xff, 0x7a, 0xce, 0xff, 0x7a, 0xce,
    0xff, 0x7a, 0xce, 0xff, 0x7a, 0xce, 0xff, 0x7a, 0xce, 0xff, 0x7a, 0xce, 0xff, 0x7a, 0xce, 0xff,
    0x7a, 0xce, 0xff, 0x7a, 0xc6, 0xff, 0x9b, 0xce, 0xff, 0xbf, 0xf7, 0xff, 0xdf, 0xf7, 0xff, 0xbf,
    0xf7, 0xff, 0xbf, 0xf7, 0xff, 0xbf, 0xf7, 0xff, 0xbf, 0xf7, 0xff, 0xbf, 0xf7, 0xff, 0xbf, 0xf7,
    0xff, 0xbf, 0xf7, 0xff, 0xbf, 0xf7, 0xff, 0xbf, 0xf7, 0xff, 0xbf, 0xf7, 0xff, 0xbf, 0xf7, 0xff,
    0xbf, 0xf7, 0xff, 0xbf, 0xf7, 0xff, 0xbf, 0xf7, 0xff, 0xbf, 0xf7, 0xff, 0xbf, 0xf7, 0xff, 0xbf,
    0xf7, 0xff, 0xbf, 0xf7, 0xff, 0xbf, 0xf7, 0xff, 0xbf, 0xf7, 0xff, 0xbf, 0xf7, 0xff, 0xbf, 0xf7,
    0xff, 0xbf, 0xf7, 0xff, 0xbf, 0xf7, 0xff, 0xbf, 0xf7, 0xff, 0xbf, 0xf7, 0xff, 0xbf, 0xf7, 0xff,
    0xbf, 0xf7, 0xff, 0xbf, 0xf7, 0xff, 0xbf, 0xf7, 0xff, 0xbf, 0xf7, 0xff, 0xbf, 0xf7, 0xff, 0xbf,
    0xf7, 0xff, 0xbf, 0xf7, 0xff, 0xbf, 0xf7, 0xff, 0xbf, 0xf7, 0xff, 0xbf, 0xf7, 0xff, 0xbf, 0xf7,
    0xff, 0xbf, 0xf7, 0xff, 0xbf, 0xf7, 0xff, 0xbf, 0xf7, 0xff, 0xbf, 0xf7, 0xff, 0xbf, 0xf7, 0xff,
    0xbf, 0xf7, 0xff, 0xbf, 0xf7, 0xff, 0xbf, 0xf7, 0xff, 0xbf, 0xf7, 0xff, 0xbf, 0xf7, 0xff, 0xbf,
    0xf7, 0xff, 0xbf, 0xf7, 0xff, 0xbf, 0xf7, 0xff, 0xbf, 0xf7, 0xff, 0xbf, 0xf7, 0xff, 0xbf, 0xf7,
    0xff, 0xbf, 0xf7, 0xff, 0xbf, 0xf7, 0xff, 0xbf, 0xf7, 0xff, 0xbf, 0xf7, 0xff, 0xbf, 0xf7, 0xff,
    0xbf, 0xf7, 0xff, 0xbf, 0xf7, 0xff, 0xbf, 0xf7, 0xff, 0xbf, 0xf7, 0xff, 0xbf, 0xf7, 0xff, 0xbf,
    0xf7, 0xff, 0xbf, 0xf7, 0xff, 0xbf, 0xf7, 0xff, 0xbf, 0xf7, 0xff, 0xbf, 0xf7, 0xff, 0xbf, 0xf7,
    0xff, 0xbf, 0xf7, 0xff, 0xbf, 0xf7, 0xff, 0xbf, 0xf7, 0xff, 0xbf, 0xf7, 0xff, 0xbf, 0xf7, 0xff,
    0xbf, 0xf7, 0xff, 0xbf, 0xf7, 0xff, 0xbf, 0xf7, 0xff, 0xbf, 0xf7, 0xff, 0xbf, 0xf7, 0xff, 0xbf,
    0xf7, 0xff, 0xbf, 0xf7, 0xff, 0xbf, 0xf7, 0xff, 0xbf, 0xf7, 0xff, 0xbf, 0xf7, 0xff, 0xbf, 0xf7,
    0xff, 0xbf, 0xf7, 0xff, 0xbf, 0xf7, 0xff, 0xbf, 0xf7, 0xff, 0xbf, 0xf7, 0xff, 0xbf, 0xf7, 0xff,
    0xbf, 0xf7, 0xff, 0xbf, 0xf7, 0xff, 0xbf, 0xf7, 0xff, 0xbf, 0xf7, 0xff, 0xbf, 0xf7, 0xff, 0xbf,
    0xf7, 0xff, 0xbf, 0xf7, 0xff, 0xbf, 0xf7, 0xff, 0xbf, 0xf7, 0xff, 0xbf, 0xf7, 0xff, 0xbf, 0xf7,
    0xff, 0xbf, 0xf7, 0xff, 0xbf, 0xf7, 0xff, 0xbf, 0xf7, 0xff, 0xbf, 0xf7, 0xff, 0xbf, 0xf7, 0xff,
    0xbf, 0xf7, 0xff, 0xbf, 0xf7, 0xff, 0xbf, 0xf7, 0xff, 0xbf, 0xf7, 0xff, 0xbf, 0xf7, 0xff, 0xbf,
    0xf7, 0xff, 0xbf, 0xf7, 0xff, 0xbf, 0xf7, 0xff, 0xdf, 0xf7, 0xff, 0xdc, 0xd6, 0xff, 0x7a, 0xc6,
    0xff, 0x7a, 0xce, 0xff, 0x7a, 0xce, 0xff, 0x7a, 0xce, 0xff, 0x7a, 0xce, 0xff, 0x7a, 0xce, 0xff,
    0x7a, 0xce, 0xff, 0x7a, 0xce, 0xff, 0x7a, 0xce, 0xff, 0x7a, 0xce, 0xff, 0x7a, 0xce, 0xff, 0x7a,
    0xce, 0xff, 0x7a, 0xce, 0xff, 0x7a, 0xce, 0xff, 0x7a, 0xce, 0xff, 0x7a, 0xce, 0xff, 0x7a, 0xce,
    0xff, 0x7a, 0xce, 0xff, 0x7a, 0xce, 0xff, 0x7a, 0xce, 0xff, 0x7a, 0xce, 0xff, 0x7a, 0xce, 0xff,
    0x7a, 0xce, 0xff, 0x7a, 0xce, 0xff, 0x7a, 0xce, 0xff, 0x7a, 0xce, 0xff, 0x7a, 0xce, 0xff, 0x7a,
    0xce, 0xff, 0x7a, 0xce, 0xff, 0x7a, 0xce, 0xff, 0x7a, 0xce, 0xff, 0x7a, 0xce, 0xff, 0x7a, 0xce,
    0xff, 0x7a, 0xce, 0xff, 0x7a, 0xce, 0xff, 0x7a, 0xce, 0xff, 0x7a, 0xce, 0xff, 0x7a, 0xce, 0xff,
    0x7a, 0xce, 0xff, 0x7a, 0xce, 0xff, 0x7a, 0xce, 0xff, 0x7a, 0xce, 0xff, 0x7a, 0xce, 0xff, 0x7a,
    0xce, 0xff, 0x7a, 0xce, 0xff, 0x7a, 0xce, 0xff, 0x7a, 0xce, 0xff, 0x7a, 0xce, 0xff, 0x7a, 0xce,
    0xff, 0x7a, 0xce, 0xff, 0x7a, 0xce, 0xff, 0x7a, 0xce, 0xff, 0x7a, 0xce, 0xff, 0x7a, 0xce, 0xff,
    0x7a, 0xce, 0xff, 0x7a, 0xce, 0xff, 0x7a, 0xce, 0xff, 0x7a, 0xce, 0xff, 0x7a, 0xce, 0xff, 0x7a,
    0xc6, 0xff, 0xdb, 0xd6, 0xff, 0xdf, 0xf7, 0xff, 0xbf, 0xf7, 0xff, 0xbf, 0xf7, 0xff, 0xbf, 0xf7,
    0xff, 0xbf, 0xf7, 0xff, 0xbf, 0xf7, 0xff, 0xbf, 0xf7, 0xff, 0xbf, 0xf7, 0xff, 0xbf, 0xf7, 0xff,
    0xbf, 0xf7, 0xff, 0xbf, 0xf7, 0xff, 0xbf, 0xf7, 0xff, 0xbf, 0xf7, 0xff, 0xbf, 0xf7, 0xff, 0xbf,
    0xf7, 0xff, 0xbf, 0xf7, 0xff, 0xbf, 0xf7, 0xff, 0xbf, 0xf7, 0xff, 0xbf, 0xf7, 0xff, 0xbf, 0xf7,
    0xff, 0xbf, 0xf7, 0xff, 0xbf, 0xf7, 0xff, 0xbf, 0xf7, 0xff, 0xbf, 0xf7, 0xff, 0xbf, 0xf7, 0xff,
    0xbf, 0xf7, 0xff, 0xbf, 0xf7, 0xff, 0xbf, 0xf7, 0xff, 0xbf, 0xf7, 0xff, 0xbf, 0xf7, 0xff, 0xbf,
    0xf7, 0xff, 0xbf, 0xf7, 0xff, 0xbf, 0xf7, 0xff, 0xbf, 0xf7, 0xff, 0xbf, 0xf7, 0xff, 0xbf, 0xf7,
    0xff, 0xbf, 0xf7, 0xff, 0xbf, 0xf7, 0xff, 0xbf, 0xf7, 0xff, 0xbf, 0xf7, 0xff, 0xbf, 0xf7, 0xff,
    0xbf, 0xf7, 0xff, 0xbf, 0xf7, 0xff, 0xbf, 0xf7, 0xff, 0xbf, 0xf7, 0xff, 0xbf, 0xf7, 0xff, 0xbf,
    0xf7, 0xff, 0xbf, 0xf7, 0xff, 0xbf, 0xf7, 0xff, 0xbf, 0xf7, 0xff, 0xbf, 0xf7, 0xff, 0xbf, 0xf7,
    0xff, 0xbf, 0xf7, 0xff, 0xbf, 0xf7, 0xff, 0xbf, 0xf7, 0xff, 0xbf, 0xf7, 0xff, 0xbf, 0xf7, 0xff,
    0xbf, 0xf7, 0xff, 0xbf, 0xf7, 0xff, 0xbf, 0xf7, 0xff, 0xbf, 0xf7, 0xff, 0xbf, 0xf7, 0xff, 0xbf,
    0xf7, 0xff, 0xbf, 0xf7, 0xff, 0xbf, 0xf7, 0xff, 0xbf, 0xf7, 0xff, 0xbf, 0xf7, 0xff, 0xbf, 0xf7,
    0xff, 0xbf, 0xf7, 0xff, 0xbf, 0xf7, 0xff, 0xbf, 0xf7, 0xff, 0xbf, 0xf7, 0xff, 0xbf, 0xf7, 0xff,
    0xbf, 0xf7, 0xff, 0xbf, 0xf7, 0xff, 0xbf, 0xf7, 0xff, 0xbf, 0xf7, 0xff, 0xbf, 0xf7, 0xff, 0xbf,
    0xf7, 0xff, 0xbf, 0xf7, 0xff, 0xbf, 0xf7, 0xff, 0xbf, 0xf7, 0xff, 0xbf, 0xf7, 0xff, 0xbf, 0xf7,
    0xff, 0xbf, 0xf7, 0xff, 0xbf, 0xf7, 0xff, 0xbf, 0xf7, 0xff, 0xbf, 0xf7, 0xff, 0xbf, 0xf7, 0xff,
    0xbf, 0xf7, 0xff, 0xbf, 0xf7, 0xff, 0xbf, 0xf7, 0xff, 0xbf, 0xf7, 0xff, 0xbf, 0xf7, 0xff, 0xbf,
    0xf7, 0xff, 0xbf, 0xf7, 0xff, 0xbf, 0xf7, 0xff, 0xbf, 0xf7, 0xff, 0xbf, 0xf7, 0xff, 0xbf, 0xf7,
    0xff, 0xbf, 0xf7, 0xff, 0xbf, 0xf7, 0xff, 0xbf, 0xf7, 0xff, 0xbf, 0xf7, 0xff, 0xbf, 0xf7, 0xff,
    0xbf, 0xf7, 0xff, 0xbf, 0xf7, 0xff, 0xbf, 0xf7, 0xff, 0xbf, 0xf7, 0xff, 0xbf, 0xf7, 0xff, 0xbf,
    0xf7, 0xff, 0xbf, 0xf7, 0xff, 0xbf, 0xf7, 0xff, 0xbf, 0xf7, 0xff, 0xbf, 0xf7, 0xff, 0xbf, 0xf7,
    0xff, 0xbf, 0xf7, 0xff, 0xdf, 0xff, 0xff, 0x1c, 0xdf, 0xff, 0x5a, 0xc6, 0xff, 0x7a, 0xce, 0xff,
    0x7a, 0xce, 0xff, 0x7a, 0xce, 0xff, 0x7a, 0xce, 0xff, 0x7a, 0xce, 0xff, 0x7a, 0xce, 0xff, 0x7a,
    0xce, 0xff, 0x7a, 0xce, 0xff, 0x7a, 0xce, 0xff, 0x7a, 0xce, 0xff, 0x7a, 0xce, 0xff, 0x7a, 0xce,
    0xff, 0x7a, 0xce, 0xff, 0x7a, 0xce, 0xff, 0x7a, 0xce, 0xff, 0x7a, 0xce, 0xff, 0x7a, 0xce, 0xff,
    0x7a, 0xce, 0xff, 0x7a, 0xce, 0xff, 0x7a, 0xce, 0xff, 0x7a, 0xce, 0xff, 0x7a, 0xce, 0xff, 0x7a,
    0xce, 0xff, 0x7a, 0xce, 0xff, 0x7a, 0xce, 0xff, 0x7a, 0xce, 0xff, 0x7a, 0xce, 0xff, 0x7a, 0xce,
    0xff, 0x7a, 0xce, 0xff, 0x7a, 0xce, 0xff, 0x7a, 0xce, 0xff, 0x7a, 0xce, 0xff, 0x7a, 0xce, 0xff,
    0x7a, 0xce, 0xff, 0x7a, 0xce, 0xff, 0x7a, 0xce, 0xff, 0x7a, 0xce, 0xff, 0x7a, 0xce, 0xff, 0x7a,
    0xce, 0xff, 0x7a, 0xce, 0xff, 0x7a, 0xce, 0xff, 0x7a, 0xce, 0xff, 0x7a, 0xce, 0xff, 0x7a, 0xce,
    0xff, 0x7a, 0xce, 0xff, 0x7a, 0xce, 0xff, 0x7a, 0xce, 0xff, 0x7a, 0xce, 0xff, 0x7a, 0xce, 0xff,
    0x7a, 0xce, 0xff, 0x7a, 0xce, 0xff, 0x7a, 0xce, 0xff, 0x7a, 0xce, 0xff, 0x7a, 0xce, 0xff, 0x7a,
    0xce, 0xff, 0x7a, 0xce, 0xff, 0x7a, 0xce, 0xff, 0x7a, 0xce, 0xff, 0x7a, 0xc6, 0xff, 0xfc, 0xde,
    0xff, 0xdf, 0xff, 0xff, 0xbf, 0xf7, 0xff, 0xbf, 0xf7, 0xff, 0xbf, 0xf7, 0xff, 0xbf, 0xf7, 0xff,
    0xbf, 0xf7, 0xff, 0xbf, 0xf7, 0xff, 0xbf, 0xf7, 0xff, 0xbf, 0xf7, 0xff, 0xbf, 0xf7, 0xff, 0xbf,
    0xf7, 0xff, 0xbf, 0xf7, 0xff, 0xbf, 0xf7, 0xff, 0xbf, 0xf7, 0xff, 0xbf, 0xf7, 0xff, 0xbf, 0xf7,
    0xff, 0xbf, 0xf7, 0xff, 0xbf, 0xf7, 0xff, 0xbf, 0xf7, 0xff, 0xbf, 0xf7, 0xff, 0xbf, 0xf7, 0xff,
    0xbf, 0xf7, 0xff, 0xbf, 0xf7, 0xff, 0xbf, 0xf7, 0xff, 0xbf, 0xf7, 0xff, 0xbf, 0xf7, 0xff, 0xbf,
    0xf7, 0xff, 0xbf, 0xf7, 0xff, 0xbf, 0xf7, 0xff, 0xbf, 0xf7, 0xff, 0xbf, 0xf7, 0xff, 0xbf, 0xf7,
    0xff, 0xbf, 0xf7, 0xff, 0xbf, 0xf7, 0xff, 0xbf, 0xf7, 0xff, 0xbf, 0xf7, 0xff, 0xbf, 0xf7, 0xff,
    0xbf, 0xf7, 0xff, 0xbf, 0xf7, 0xff, 0xbf, 0xf7, 0xff, 0xbf, 0xf7, 0xff, 0xbf, 0xf7, 0xff, 0xbf,
    0xf7, 0xff, 0xbf, 0xf7, 0xff, 0xbf, 0xf7, 0xff, 0xbf, 0xf7, 0xff, 0xbf, 0xf7, 0xff, 0xbf, 0xf7,
    0xff, 0xbf, 0xf7, 0xff, 0xbf, 0xf7, 0xff, 0xbf, 0xf7, 0xff, 0xbf, 0xf7, 0xff, 0xbf, 0xf7, 0xff,
    0xbf, 0xf7, 0xff, 0xbf, 0xf7, 0xff, 0xbf, 0xf7, 0xff, 0xbf, 0xf7, 0xff, 0xbf, 0xf7, 0xff, 0xbf,
    0xf7, 0xff, 0xbf, 0xf7, 0xff, 0xbf, 0xf7, 0xff, 0xbf, 0xf7, 0xff, 0xbf, 0xf7, 0xff, 0xbf, 0xf7,
    0xff, 0xbf, 0xf7, 0xff, 0xbf, 0xf7, 0xff, 0xbf, 0xf7, 0xff, 0xbf, 0xf7, 0xff, 0xbf, 0xf7, 0xff,
    0xbf, 0xf7, 0xff, 0xbf, 0xf7, 0xff, 0xbf, 0xf7, 0xff, 0xbf, 0xf7, 0xff, 0xbf, 0xf7, 0xff, 0xbf,
    0xf7, 0xff, 0xbf, 0xf7, 0xff, 0xbf, 0xf7, 0xff, 0xbf, 0xf7, 0xff, 0xbf, 0xf7, 0xff, 0xbf, 0xf7,
    0xff, 0xbf, 0xf7, 0xff, 0xbf, 0xf7, 0xff, 0xbf, 0xf7, 0xff, 0xbf, 0xf7, 0xff, 0xbf, 0xf7, 0xff,
    0xbf, 0xf7, 0xff, 0xbf, 0xf7, 0xff, 0xbf, 0xf7, 0xff, 0xbf, 0xf7, 0xff, 0xbf, 0xf7, 0xff, 0xbf,
    0xf7, 0xff, 0xbf, 0xf7, 0xff, 0xbf, 0xf7, 0xff, 0xbf, 0xf7, 0xff, 0xbf, 0xf7, 0xff, 0xbf, 0xf7,
    0xff, 0xbf, 0xf7, 0xff, 0xbf, 0xf7, 0xff, 0xbf, 0xf7, 0xff, 0xbf, 0xf7, 0xff, 0xbf, 0xf7, 0xff,
    0xbf, 0xf7, 0xff, 0xbf, 0xf7, 0xff, 0xbf, 0xf7, 0xff, 0xbf, 0xf7, 0xff, 0xbf, 0xf7, 0xff, 0xbf,
    0xf7, 0xff, 0xbf, 0xf7, 0xff, 0xbf, 0xf7, 0xff, 0xbf, 0xf7, 0xff, 0xbf, 0xf7, 0xff, 0xbf, 0xf7,
    0xff, 0xbf, 0xf7, 0xff, 0xbf, 0xf7, 0xff, 0xbf, 0xf7, 0xff, 0xbf, 0xf7, 0xff, 0xbf, 0xf7, 0xff,
    0xdf, 0xff, 0xff, 0x5d, 0xe7, 0xff, 0x7a, 0xc6, 0xff, 0x7a, 0xce, 0xff, 0x7a, 0xce, 0xff, 0x7a,
    0xce, 0xff, 0x7a, 0xce, 0xff, 0x7a, 0xce, 0xff, 0x7a, 0xce, 0xff, 0x7a, 0xce, 0xff, 0x7a, 0xce,
    0xff, 0x7a, 0xce, 0xff, 0x7a, 0xce, 0xff, 0x7a, 0xce, 0xff, 0x7a, 0xce, 0xff, 0x7a, 0xce, 0xff,
    0x7a, 0xce, 0xff, 0x7a, 0xce, 0xff, 0x7a, 0xce, 0xff, 0x7a, 0xce, 0xff, 0x7a, 0xce, 0xff, 0x7a,
    0xce, 0xff, 0x7a, 0xce, 0xff, 0x7a, 0xce, 0xff, 0x7a, 0xce, 0xff, 0x7a, 0xce, 0xff, 0x7a, 0xce,
    0xff, 0x7a, 0xce, 0xff, 0x7a, 0xce, 0xff, 0x7a, 0xce, 0xff, 0x7a, 0xce, 0xff, 0x7a, 0xce, 0xff,
    0x7a, 0xce, 0xff, 0x7a, 0xce, 0xff, 0x7a, 0xce, 0xff, 0x7a, 0xce, 0xff, 0x7a, 0xce, 0xff, 0x7a,
    0xce, 0xff, 0x7a, 0xce, 0xff, 0x7a, 0xce, 0xff, 0x7a, 0xce, 0xff, 0x7a, 0xce, 0xff, 0x7a, 0xce,
    0xff, 0x7a, 0xce, 0xff, 0x7a, 0xce, 0xff, 0x7a, 0xce, 0xff, 0x7a, 0xce, 0xff, 0x7a, 0xce, 0xff,
    0x7a, 0xce, 0xff, 0x7a, 0xce, 0xff, 0x7a, 0xce, 0xff, 0x7a, 0xce, 0xff, 0x7a, 0xce, 0xff, 0x7a,
    0xce, 0xff, 0x7a, 0xce, 0xff, 0x7a, 0xce, 0xff, 0x7a, 0xce, 0xff, 0x7a, 0xce, 0xff, 0x7a, 0xce,
    0xff, 0x7a, 0xce, 0xff, 0x7a, 0xce, 0xff, 0x5a, 0xc6, 0xff, 0x1d, 0xdf, 0xff, 0xdf, 0xff, 0xff,
    0xbf, 0xf7, 0xff, 0xbf, 0xf7, 0xff, 0xbf, 0xf7, 0xff, 0xbf, 0xf7, 0xff, 0xbf, 0xf7, 0xff, 0xbf,
    0xf7, 0xff, 0xbf, 0xf7, 0xff, 0xbf, 0xf7, 0xff, 0xbf, 0xf7, 0xff, 0xbf, 0xf7, 0xff, 0xbf, 0xf7,
    0xff, 0xbf, 0xf7, 0xff, 0xbf, 0xf7, 0xff, 0xbf, 0xf7, 0xff, 0xbf, 0xf7, 0xff, 0xbf, 0xf7, 0xff,
    0xbf, 0xf7, 0xff, 0xbf, 0xf7, 0xff, 0xbf, 0xf7, 0xff, 0xbf, 0xf7, 0xff, 0xbf, 0xf7, 0xff, 0xbf,
    0xf7, 0xff, 0xbf, 0xf7, 0xff, 0xbf, 0xf7, 0xff, 0xbf, 0xf7, 0xff, 0xbf, 0xf7, 0xff, 0xbf, 0xf7,
    0xff, 0xbf, 0xf7, 0xff, 0xbf, 0xf7, 0xff, 0xbf, 0xf7, 0xff, 0xbf, 0xf7, 0xff, 0xbf, 0xf7, 0xff,
    0xbf, 0xf7, 0xff, 0xbf, 0xf7, 0xff, 0xbf, 0xf7, 0xff, 0xbf, 0xf7, 0xff, 0xbf, 0xf7, 0xff, 0xbf,
    0xf7, 0xff, 0xbf, 0xf7, 0xff, 0xbf, 0xf7, 0xff, 0xbf, 0xf7, 0xff, 0xbf, 0xf7, 0xff, 0xbf, 0xf7,
    0xff, 0xbf, 0xf7, 0xff, 0xbf, 0xf7, 0xff, 0xbf, 0xf7, 0xff, 0xbf, 0xf7, 0xff, 0xbf, 0xf7, 0xff,
    0xbf, 0xf7, 0xff, 0xbf, 0xf7, 0xff, 0xbf, 0xf7, 0xff, 0xbf, 0xf7, 0xff, 0xbf, 0xf7, 0xff, 0xbf,
    0xf7, 0xff, 0xbf, 0xf7, 0xff, 0xbf, 0xf7, 0xff, 0xbf, 0xf7, 0xff, 0xbf, 0xf7, 0xff, 0xbf, 0xf7,
    0xff, 0xbf, 0xf7, 0xff, 0xbf, 0xf7, 0xff, 0xbf, 0xf7, 0xff, 0xbf, 0xf7, 0xff, 0xbf, 0xf7, 0xff,
    0xbf, 0xf7, 0xff, 0xbf, 0xf7, 0xff, 0xbf, 0xf7, 0xff, 0xbf, 0xf7, 0xff, 0xbf, 0xf7, 0xff, 0xbf,
    0xf7, 0xff, 0xbf, 0xf7, 0xff, 0xbf, 0xf7, 0xff, 0xbf, 0xf7, 0xff, 0xbf, 0xf7, 0xff, 0xbf, 0xf7,
    0xff, 0xbf, 0xf7, 0xff, 0xbf, 0xf7, 0xff, 0xbf, 0xf7, 0xff, 0xbf, 0xf7, 0xff, 0xbf, 0xf7, 0xff,
    0xbf, 0xf7, 0xff, 0xbf, 0xf7, 0xff, 0xbf, 0xf7, 0xff, 0xbf, 0xf7, 0xff, 0xbf, 0xf7, 0xff, 0xbf,
    0xf7, 0xff, 0xbf, 0xf7, 0xff, 0xbf, 0xf7, 0xff, 0xbf, 0xf7, 0xff, 0xbf, 0xf7, 0xff, 0xbf, 0xf7,
    0xff, 0xbf, 0xf7, 0xff, 0xbf, 0xf7, 0xff, 0xbf, 0xf7, 0xff, 0xbf, 0xf7, 0xff, 0xbf, 0xf7, 0xff,
    0xbf, 0xf7, 0xff, 0xbf, 0xf7, 0xff, 0xbf, 0xf7, 0xff, 0xbf, 0xf7, 0xff, 0xbf, 0xf7, 0xff, 0xbf,
    0xf7, 0xff, 0xbf, 0xf7, 0xff, 0xbf, 0xf7, 0xff, 0xbf, 0xf7, 0xff, 0xbf, 0xf7, 0xff, 0xbf, 0xf7,
    0xff, 0xbf, 0xf7, 0xff, 0xbf, 0xf7, 0xff, 0xbf, 0xf7, 0xff, 0xbf, 0xf7, 0xff, 0xbf, 0xf7, 0xff,
    0xbf, 0xf7, 0xff, 0xbf, 0xf7, 0xff, 0xbf, 0xf7, 0xff, 0xbf, 0xf7, 0xff, 0xdf, 0xf7, 0xff, 0x7e,
    0xef, 0xff, 0x7a, 0xc6, 0xff, 0x7a, 0xce, 0xff, 0x7a, 0xce, 0xff, 0x7a, 0xce, 0xff, 0x7a, 0xce,
    0xff, 0x7a, 0xce, 0xff, 0x7a, 0xce, 0xff, 0x7a, 0xce, 0xff, 0x7a, 0xce, 0xff, 0x7a, 0xce, 0xff,
    0x7a, 0xce, 0xff, 0x7a, 0xce, 0xff, 0x7a, 0xce, 0xff, 0x7a, 0xce, 0xff, 0x7a, 0xce, 0xff, 0x7a,
    0xce, 0xff, 0x7a, 0xce, 0xff, 0x7a, 0xce, 0xff, 0x7a, 0xce, 0xff, 0x7a, 0xce, 0xff, 0x7a, 0xce,
    0xff, 0x7a, 0xce, 0xff, 0x7a, 0xce, 0xff, 0x7a, 0xce, 0xff, 0x7a, 0xce, 0xff, 0x7a, 0xce, 0xff,
    0x7a, 0xce, 0xff, 0x7a, 0xce, 0xff, 0x7a, 0xce, 0xff, 0x7a, 0xce, 0xff, 0x7a, 0xce, 0xff, 0x7a,
    0xce, 0xff, 0x7a, 0xce, 0xff, 0x7a, 0xce, 0xff, 0x7a, 0xce, 0xff, 0x7a, 0xce, 0xff, 0x7a, 0xce,
    0xff, 0x7a, 0xce, 0xff, 0x7a, 0xce, 0xff, 0x7a, 0xce, 0xff, 0x7a, 0xce, 0xff, 0x7a, 0xce, 0xff,
    0x7a, 0xce, 0xff, 0x7a, 0xce, 0xff, 0x7a, 0xce, 0xff, 0x7a, 0xce, 0xff, 0x7a, 0xce, 0xff, 0x7a,
    0xce, 0xff, 0x7a, 0xce, 0xff, 0x7a, 0xce, 0xff, 0x7a, 0xce, 0xff, 0x7a, 0xce, 0xff, 0x7a, 0xce,
    0xff, 0x7a, 0xce, 0xff, 0x7a, 0xce, 0xff, 0x7a, 0xce, 0xff, 0x7a, 0xce, 0xff, 0x7a, 0xce, 0xff,
    0x7a, 0xce, 0xff, 0x7a, 0xc6, 0xff, 0x3d, 0xe7, 0xff, 0xdf, 0xf7, 0xff, 0xbf, 0xf7, 0xff, 0xbf,
    0xf7, 0xff, 0xbf, 0xf7, 0xff, 0xbf, 0xf7, 0xff, 0xbf, 0xf7, 0xff, 0xbf, 0xf7, 0xff, 0xbf, 0xf7,
    0xff, 0xbf, 0xf7, 0xff, 0xbf, 0xf7, 0xff, 0xbf, 0xf7, 0xff, 0xbf, 0xf7, 0xff, 0xbf, 0xf7, 0xff,
    0xbf, 0xf7, 0xff, 0xbf, 0xf7, 0xff, 0xbf, 0xf7, 0xff, 0xbf, 0xf7, 0xff, 0xbf, 0xf7, 0xff, 0xbf,
    0xf7, 0xff, 0xbf, 0xf7, 0xff, 0xbf, 0xf7, 0xff, 0xbf, 0xf7, 0xff, 0xbf, 0xf7, 0xff, 0xbf, 0xf7,
    0xff, 0xbf, 0xf7, 0xff, 0xbf, 0xf7, 0xff, 0xbf, 0xf7, 0xff, 0xbf, 0xf7, 0xff, 0xbf, 0xf7, 0xff,
    0xbf, 0xf7, 0xff, 0xbf, 0xf7, 0xff, 0xbf, 0xf7, 0xff, 0xbf, 0xf7, 0xff, 0xbf, 0xf7, 0xff, 0xbf,
    0xf7, 0xff, 0xbf, 0xf7, 0xff, 0xbf, 0xf7, 0xff, 0xbf, 0xf7, 0xff, 0xbf, 0xf7, 0xff, 0xbf, 0xf7,
    0xff, 0xbf, 0xf7, 0xff, 0xbf, 0xf7, 0xff, 0xbf, 0xf7, 0xff, 0xbf, 0xf7, 0xff, 0xbf, 0xf7, 0xff,
    0xbf, 0xf7, 0xff, 0xbf, 0xf7, 0xff, 0xbf, 0xf7, 0xff, 0xbf, 0xf7, 0xff, 0xbf, 0xf7, 0xff, 0xbf,
    0xf7, 0xff, 0xbf, 0xf7, 0xff, 0xbf, 0xf7, 0xff, 0xbf, 0xf7, 0xff, 0xbf, 0xf7, 0xff, 0xbf, 0xf7,
    0xff, 0xbf, 0xf7, 0xff, 0xbf, 0xf7, 0xff, 0xbf, 0xf7, 0xff, 0xbf, 0xf7, 0xff, 0xbf, 0xf7, 0xff,
    0xbf, 0xf7, 0xff, 0xbf, 0xf7, 0xff, 0xbf, 0xf7, 0xff, 0xbf, 0xf7, 0xff, 0xbf, 0xf7, 0xff, 0xbf,
    0xf7, 0xff, 0xbf, 0xf7, 0xff, 0xbf, 0xf7, 0xff, 0xbf, 0xf7, 0xff, 0xbf, 0xf7, 0xff, 0xbf, 0xf7,
    0xff, 0xbf, 0xf7, 0xff, 0xbf, 0xf7, 0xff, 0xbf, 0xf7, 0xff, 0xbf, 0xf7, 0xff, 0xbf, 0xf7, 0xff,
    0xbf, 0xf7, 0xff, 0xbf, 0xf7, 0xff, 0xbf, 0xf7, 0xff, 0xbf, 0xf7, 0xff, 0xbf, 0xf7, 0xff, 0xbf,
    0xf7, 0xff, 0xbf, 0xf7, 0xff, 0xbf, 0xf7, 0xff, 0xbf, 0xf7, 0xff, 0xbf, 0xf7, 0xff, 0xbf, 0xf7,
    0xff, 0xbf, 0xf7, 0xff, 0xbf, 0xf7, 0xff, 0xbf, 0xf7, 0xff, 0xbf, 0xf7, 0xff, 0xbf, 0xf7, 0xff,
    0xbf, 0xf7, 0xff, 0xbf, 0xf7, 0xff, 0xbf, 0xf7, 0xff, 0xbf, 0xf7, 0xff, 0xbf, 0xf7, 0xff, 0xbf,
    0xf7, 0xff, 0xbf, 0xf7, 0xff, 0xbf, 0xf7, 0xff, 0xbf, 0xf7, 0xff, 0xbf, 0xf7, 0xff, 0xbf, 0xf7,
    0xff, 0xbf, 0xf7, 0xff, 0xbf, 0xf7, 0xff, 0xbf, 0xf7, 0xff, 0xbf, 0xf7, 0xff, 0xbf, 0xf7, 0xff,
    0xbf, 0xf7, 0xff, 0xbf, 0xf7, 0xff, 0xbf, 0xf7, 0xff, 0xbf, 0xf7, 0xff, 0xbf, 0xf7, 0xff, 0xbf,
    0xf7, 0xff, 0xbf, 0xf7, 0xff, 0xbf, 0xf7, 0xff, 0xdf, 0xf7, 0xff, 0x9e, 0xef, 0xff, 0x7a, 0xce,
    0xff, 0x7a, 0xce, 0xff, 0x7a, 0xce, 0xff, 0x7a, 0xce, 0xff, 0x7a, 0xce, 0xff, 0x7a, 0xce, 0xff,
    0x7a, 0xce, 0xff, 0x7a, 0xce, 0xff, 0x7a, 0xce, 0xff, 0x7a, 0xce, 0xff, 0x7a, 0xce, 0xff, 0x7a,
    0xce, 0xff, 0x7a, 0xce, 0xff, 0x7a, 0xce, 0xff, 0x7a, 0xce, 0xff, 0x7a, 0xce, 0xff, 0x7a, 0xce,
    0xff, 0x7a, 0xce, 0xff, 0x7a, 0xce, 0xff, 0x7a, 0xce, 0xff, 0x7a, 0xce, 0xff, 0x7a, 0xce, 0xff,
    0x7a, 0xce, 0xff, 0x7a, 0xce, 0xff, 0x7a, 0xce, 0xff, 0x7a, 0xce, 0xff, 0x7a, 0xce, 0xff, 0x7a,
    0xce, 0xff, 0x7a, 0xce, 0xff, 0x7a, 0xce, 0xff, 0x7a, 0xce, 0xff, 0x7a, 0xce, 0xff, 0x7a, 0xce,
    0xff, 0x7a, 0xce, 0xff, 0x7a, 0xce, 0xff, 0x7a, 0xce, 0xff, 0x7a, 0xce, 0xff, 0x7a, 0xce, 0xff,
    0x7a, 0xce, 0xff, 0x7a, 0xce, 0xff, 0x7a, 0xce, 0xff, 0x7a, 0xce, 0xff, 0x7a, 0xce, 0xff, 0x7a,
    0xce, 0xff, 0x7a, 0xce, 0xff, 0x7a, 0xce, 0xff, 0x7a, 0xce, 0xff, 0x7a, 0xce, 0xff, 0x7a, 0xce,
    0xff, 0x7a, 0xce, 0xff, 0x7a, 0xce, 0xff, 0x7a, 0xce, 0xff, 0x7a, 0xce, 0xff, 0x7a, 0xce, 0xff,
    0x7a, 0xce, 0xff, 0x7a, 0xce, 0xff, 0x7a, 0xce, 0xff, 0x7a, 0xce, 0xff, 0x7a, 0xce, 0xff, 0x7a,
    0xc6, 0xff, 0x7e, 0xef, 0xff, 0xdf, 0xf7, 0xff, 0xbf, 0xf7, 0xff, 0xbf, 0xf7, 0xff, 0xbf, 0xf7,
    0xff, 0xbf, 0xf7, 0xff, 0xbf, 0xf7, 0xff, 0xbf, 0xf7, 0xff, 0xbf, 0xf7, 0xff, 0xbf, 0xf7, 0xff,
    0xbf, 0xf7, 0xff, 0xbf, 0xf7, 0xff, 0xbf, 0xf7, 0xff, 0xbf, 0xf7, 0xff, 0xbf, 0xf7, 0xff, 0xbf,
    0xf7, 0xff, 0xbf, 0xf7, 0xff, 0xbf, 0xf7, 0xff, 0xbf, 0xf7, 0xff, 0xbf, 0xf7, 0xff, 0xbf, 0xf7,
    0xff, 0xbf, 0xf7, 0xff, 0xbf, 0xf7, 0xff, 0xbf, 0xf7, 0xff, 0xbf, 0xf7, 0xff, 0xbf, 0xf7, 0xff,
    0xbf, 0xf7, 0xff, 0xbf, 0xf7, 0xff, 0xbf, 0xf7, 0xff, 0xbf, 0xf7, 0xff, 0xbf, 0xf7, 0xff, 0xbf,
    0xf7, 0xff, 0xbf, 0xf7, 0xff, 0xbf, 0xf7, 0xff, 0xbf, 0xf7, 0xff, 0xbf, 0xf7, 0xff, 0xbf, 0xf7,
    0xff, 0xbf, 0xf7, 0xff, 0xbf, 0xf7, 0xff, 0xbf, 0xf7, 0xff, 0xbf, 0xf7, 0xff, 0xbf, 0xf7, 0xff,
    0xbf, 0xf7, 0xff, 0xbf, 0xf7, 0xff, 0xbf, 0xf7, 0xff, 0xbf, 0xf7, 0xff, 0xbf, 0xf7, 0xff, 0xbf,
    0xf7, 0xff, 0xbf, 0xf7, 0xff, 0xbf, 0xf7, 0xff, 0xbf, 0xf7, 0xff, 0xbf, 0xf7, 0xff, 0xbf, 0xf7,
    0xff, 0xbf, 0xf7, 0xff, 0xbf, 0xf7, 0xff, 0xbf, 0xf7, 0xff, 0xbf, 0xf7, 0xff, 0xbf, 0xf7, 0xff,
    0xbf, 0xf7, 0xff, 0xbf, 0xf7, 0xff, 0xbf, 0xf7, 0xff, 0xbf, 0xf7, 0xff, 0xbf, 0xf7, 0xff, 0xbf,
    0xf7, 0xff, 0xbf, 0xf7, 0xff, 0xbf, 0xf7, 0xff, 0xbf, 0xf7, 0xff, 0xbf, 0xf7, 0xff, 0xbf, 0xf7,
    0xff, 0xbf, 0xf7, 0xff, 0xbf, 0xf7, 0xff, 0xbf, 0xf7, 0xff, 0xbf, 0xf7, 0xff, 0xbf, 0xf7, 0xff,
    0xbf, 0xf7, 0xff, 0xbf, 0xf7, 0xff, 0xbf, 0xf7, 0xff, 0xbf, 0xf7, 0xff, 0xbf, 0xf7, 0xff, 0xbf,
    0xf7, 0xff, 0xbf, 0xf7, 0xff, 0xbf, 0xf7, 0xff, 0xbf, 0xf7, 0xff, 0xbf, 0xf7, 0xff, 0xbf, 0xf7,
    0xff, 0xbf, 0xf7, 0xff, 0xbf, 0xf7, 0xff, 0xbf, 0xf7, 0xff, 0xbf, 0xf7, 0xff, 0xbf, 0xf7, 0xff,
    0xbf, 0xf7, 0xff, 0xbf, 0xf7, 0xff, 0xbf, 0xf7, 0xff, 0xbf, 0xf7, 0xff, 0xbf, 0xf7, 0xff, 0xbf,
    0xf7, 0xff, 0xbf, 0xf7, 0xff, 0xbf, 0xf7, 0xff, 0xbf, 0xf7, 0xff, 0xbf, 0xf7, 0xff, 0xbf, 0xf7,
    0xff, 0xbf, 0xf7, 0xff, 0xbf, 0xf7, 0xff, 0xbf, 0xf7, 0xff, 0xbf, 0xf7, 0xff, 0xbf, 0xf7, 0xff,
    0xbf, 0xf7, 0xff, 0xbf, 0xf7, 0xff, 0xbf, 0xf7, 0xff, 0xbf, 0xf7, 0xff, 0xbf, 0xf7, 0xff, 0xbf,
    0xf7, 0xff, 0xbf, 0xf7, 0xff, 0xbf, 0xf7, 0xff, 0xbf, 0xf7, 0xff, 0xbf, 0xf7, 0xff, 0xbf, 0xf7,
    0xff, 0xbf, 0xf7, 0xff, 0xdf, 0xf7, 0xff, 0xbf, 0xf7, 0xff, 0x9b, 0xce, 0xff, 0x7a, 0xc6, 0xff,
    0x7a, 0xce, 0xff, 0x7a, 0xce, 0xff, 0x7a, 0xce, 0xff, 0x7a, 0xce, 0xff, 0x7a, 0xce, 0xff, 0x7a,
    0xce, 0xff, 0x7a, 0xce, 0xff, 0x7a, 0xce, 0xff, 0x7a, 0xce, 0xff, 0x7a, 0xce, 0xff, 0x7a, 0xce,
    0xff, 0x7a, 0xce, 0xff, 0x7a, 0xce, 0xff, 0x7a, 0xce, 0xff, 0x7a, 0xce, 0xff, 0x7a, 0xce, 0xff,
    0x7a, 0xce, 0xff, 0x7a, 0xce, 0xff, 0x7a, 0xce, 0xff, 0x7a, 0xce, 0xff, 0x7a, 0xce, 0xff, 0x7a,
    0xce, 0xff, 0x7a, 0xce, 0xff, 0x7a, 0xce, 0xff, 0x7a, 0xce, 0xff, 0x7a, 0xce, 0xff, 0x7a, 0xce,
    0xff, 0x7a, 0xce, 0xff, 0x7a, 0xce, 0xff, 0x7a, 0xce, 0xff, 0x7a, 0xce, 0xff, 0x7a, 0xce, 0xff,
    0x7a, 0xce, 0xff, 0x7a, 0xce, 0xff, 0x7a, 0xce, 0xff, 0x7a, 0xce, 0xff, 0x7a, 0xce, 0xff, 0x7a,
    0xce, 0xff, 0x7a, 0xce, 0xff, 0x7a, 0xce, 0xff, 0x7a, 0xce, 0xff, 0x7a, 0xce, 0xff, 0x7a, 0xce,
    0xff, 0x7a, 0xce, 0xff, 0x7a, 0xce, 0xff, 0x7a, 0xce, 0xff, 0x7a, 0xce, 0xff, 0x7a, 0xce, 0xff,
    0x7a, 0xce, 0xff, 0x7a, 0xce, 0xff, 0x7a, 0xce, 0xff, 0x7a, 0xce, 0xff, 0x7a, 0xce, 0xff, 0x7a,
    0xce, 0xff, 0x7a, 0xce, 0xff, 0x7a, 0xce, 0xff, 0x7a, 0xce, 0xff, 0x7a, 0xc6, 0xff, 0x5e, 0xef,
    0xff, 0xdf, 0xf7, 0xff, 0xbf, 0xf7, 0xff, 0xbf, 0xf7, 0xff, 0xbf, 0xf7, 0xff, 0xbf, 0xf7, 0xff,
    0xbf, 0xf7, 0xff, 0xbf, 0xf7, 0xff, 0xbf, 0xf7, 0xff, 0xbf, 0xf7, 0xff, 0xbf, 0xf7, 0xff, 0xbf,
    0xf7, 0xff, 0xbf, 0xf7, 0xff, 0xbf, 0xf7, 0xff, 0xbf, 0xf7, 0xff, 0xbf, 0xf7, 0xff, 0xbf, 0xf7,
    0xff, 0xbf, 0xf7, 0xff, 0xbf, 0xf7, 0xff, 0xbf, 0xf7, 0xff, 0xbf, 0xf7, 0xff, 0xbf, 0xf7, 0xff,
    0xbf, 0xf7, 0xff, 0xbf, 0xf7, 0xff, 0xbf, 0xf7, 0xff, 0xbf, 0xf7, 0xff, 0xbf, 0xf7, 0xff, 0xbf,
    0xf7, 0xff, 0xbf, 0xf7, 0xff, 0xbf, 0xf7, 0xff, 0xbf, 0xf7, 0xff, 0xbf, 0xf7, 0xff, 0xbf, 0xf7,
    0xff, 0xbf, 0xf7, 0xff, 0xbf, 0xf7, 0xff, 0xbf, 0xf7, 0xff, 0xbf, 0xf7, 0xff, 0xbf, 0xf7, 0xff,
    0xbf, 0xf7, 0xff, 0xbf, 0xf7, 0xff, 0xbf, 0xf7, 0xff, 0xbf, 0xf7, 0xff, 0xbf, 0xf7, 0xff, 0xbf,
    0xf7, 0xff, 0xbf, 0xf7, 0xff, 0xbf, 0xf7, 0xff, 0xbf, 0xf7, 0xff, 0xbf, 0xf7, 0xff, 0xbf, 0xf7,
    0xff, 0xbf, 0xf7, 0xff, 0xbf, 0xf7, 0xff, 0xbf, 0xf7, 0xff, 0xbf, 0xf7, 0xff, 0xbf, 0xf7, 0xff,
    0xbf, 0xf7, 0xff, 0xbf, 0xf7, 0xff, 0xbf, 0xf7, 0xff, 0xbf, 0xf7, 0xff, 0xbf, 0xf7, 0xff, 0xbf,
    0xf7, 0xff, 0xbf, 0xf7, 0xff, 0xbf, 0xf7, 0xff, 0xbf, 0xf7, 0xff, 0xbf, 0xf7, 0xff, 0xbf, 0xf7,
    0xff, 0xbf, 0xf7, 0xff, 0xbf, 0xf7, 0xff, 0xbf, 0xf7, 0xff, 0xbf, 0xf7, 0xff, 0xbf, 0xf7, 0xff,
    0xbf, 0xf7, 0xff, 0xbf, 0xf7, 0xff, 0xbf, 0xf7, 0xff, 0xbf, 0xf7, 0xff, 0xbf, 0xf7, 0xff, 0xbf,
    0xf7, 0xff, 0xbf, 0xf7, 0xff, 0xbf, 0xf7, 0xff, 0xbf, 0xf7, 0xff, 0xbf, 0xf7, 0xff, 0xbf, 0xf7,
    0xff, 0xbf, 0xf7, 0xff, 0xbf, 0xf7, 0xff, 0xbf, 0xf7, 0xff, 0xbf, 0xf7, 0xff, 0xbf, 0xf7, 0xff,
    0xbf, 0xf7, 0xff, 0xbf, 0xf7, 0xff, 0xbf, 0xf7, 0xff, 0xbf, 0xf7, 0xff, 0xbf, 0xf7, 0xff, 0xbf,
    0xf7, 0xff, 0xbf, 0xf7, 0xff, 0xbf, 0xf7, 0xff, 0xbf, 0xf7, 0xff, 0xbf, 0xf7, 0xff, 0xbf, 0xf7,
    0xff, 0xbf, 0xf7, 0xff, 0xbf, 0xf7, 0xff, 0xbf, 0xf7, 0xff, 0xbf, 0xf7, 0xff, 0xbf, 0xf7, 0xff,
    0xbf, 0xf7, 0xff, 0xbf, 0xf7, 0xff, 0xbf, 0xf7, 0xff, 0xbf, 0xf7, 0xff, 0xbf, 0xf7, 0xff, 0xbf,
    0xf7, 0xff, 0xbf, 0xf7, 0xff, 0xbf, 0xf7, 0xff, 0xbf, 0xf7, 0xff, 0xbf, 0xf7, 0xff, 0xbf, 0xf7,
    0xff, 0xbf, 0xf7, 0xff, 0xbf, 0xf7, 0xff, 0xbf, 0xf7, 0xff, 0xbf, 0xf7, 0xff, 0xbf, 0xf7, 0xff,
    0xdf, 0xf7, 0xff, 0xbf, 0xf7, 0xff, 0x9b, 0xce, 0xff, 0x7a, 0xc6, 0xff, 0x7a, 0xce, 0xff, 0x7a,
    0xce, 0xff, 0x7a, 0xce, 0xff, 0x7a, 0xce, 0xff, 0x7a, 0xce, 0xff, 0x7a, 0xce, 0xff, 0x7a, 0xce,
    0xff, 0x7a, 0xce, 0xff, 0x7a, 0xce, 0xff, 0x7a, 0xce, 0xff, 0x7a, 0xce, 0xff, 0x7a, 0xce, 0xff,
    0x7a, 0xce, 0xff, 0x7a, 0xce, 0xff, 0x7a, 0xce, 0xff, 0x7a, 0xce, 0xff, 0x7a, 0xce, 0xff, 0x7a,
    0xce, 0xff, 0x7a, 0xce, 0xff, 0x7a, 0xce, 0xff, 0x7a, 0xce, 0xff, 0x7a, 0xce, 0xff, 0x7a, 0xce,
    0xff, 0x7a, 0xce, 0xff, 0x7a, 0xce, 0xff, 0x7a, 0xce, 0xff, 0x7a, 0xce, 0xff, 0x7a, 0xce, 0xff,
    0x7a, 0xce, 0xff, 0x7a, 0xce, 0xff, 0x7a, 0xce, 0xff, 0x7a, 0xce, 0xff, 0x7a, 0xce, 0xff, 0x7a,
    0xce, 0xff, 0x7a, 0xce, 0xff, 0x7a, 0xce, 0xff, 0x7a, 0xce, 0xff, 0x7a, 0xce, 0xff, 0x7a, 0xce,
    0xff, 0x7a, 0xce, 0xff, 0x7a, 0xce, 0xff, 0x7a, 0xce, 0xff, 0x7a, 0xce, 0xff, 0x7a, 0xce, 0xff,
    0x7a, 0xce, 0xff, 0x7a, 0xce, 0xff, 0x7a, 0xce, 0xff, 0x7a, 0xce, 0xff, 0x7a, 0xce, 0xff, 0x7a,
    0xce, 0xff, 0x7a, 0xce, 0xff, 0x7a, 0xce, 0xff, 0x7a, 0xce, 0xff, 0x7a, 0xce, 0xff, 0x7a, 0xce,
    0xff, 0x7a, 0xce, 0xff, 0x7a, 0xc6, 0xff, 0x9a, 0xce, 0xff, 0x9e, 0xf7, 0xff, 0xdf, 0xf7, 0xff,
    0xbf, 0xf7, 0xff, 0xbf, 0xf7, 0xff, 0xbf, 0xf7, 0xff, 0xbf, 0xf7, 0xff, 0xbf, 0xf7, 0xff, 0xbf,
    0xf7, 0xff, 0xbf, 0xf7, 0xff, 0xbf, 0xf7, 0xff, 0xbf, 0xf7, 0xff, 0xbf, 0xf7, 0xff, 0xbf, 0xf7,
    0xff, 0xbf, 0xf7, 0xff, 0xbf, 0xf7, 0xff, 0xbf, 0xf7, 0xff, 0xbf, 0xf7, 0xff, 0xbf, 0xf7, 0xff,
    0xbf, 0xf7, 0xff, 0xbf, 0xf7, 0xff, 0xbf, 0xf7, 0xff, 0xbf, 0xf7, 0xff, 0xbf, 0xf7, 0xff, 0xbf,
    0xf7, 0xff, 0xbf, 0xf7, 0xff, 0xbf, 0xf7, 0xff, 0xbf, 0xf7, 0xff, 0xbf, 0xf7, 0xff, 0xbf, 0xf7,
    0xff, 0xbf, 0xf7, 0xff, 0xbf, 0xf7, 0xff, 0xbf, 0xf7, 0xff, 0xbf, 0xf7, 0xff, 0xbf, 0xf7, 0xff,
    0xbf, 0xf7, 0xff, 0xbf, 0xf7, 0xff, 0xbf, 0xf7, 0xff, 0xbf, 0xf7, 0xff, 0xbf, 0xf7, 0xff, 0xbf,
    0xf7, 0xff, 0xbf, 0xf7, 0xff, 0xbf, 0xf7, 0xff, 0xbf, 0xf7, 0xff, 0xbf, 0xf7, 0xff, 0xbf, 0xf7,
    0xff, 0xbf, 0xf7, 0xff, 0xbf, 0xf7, 0xff, 0xbf, 0xf7, 0xff, 0xbf, 0xf7, 0xff, 0xbf, 0xf7, 0xff,
    0xbf, 0xf7, 0xff, 0xbf, 0xf7, 0xff, 0xbf, 0xf7, 0xff, 0xbf, 0xf7, 0xff, 0xbf, 0xf7, 0xff, 0xbf,
    0xf7, 0xff, 0xbf, 0xf7, 0xff, 0xbf, 0xf7, 0xff, 0xbf, 0xf7, 0xff, 0xbf, 0xf7, 0xff, 0xbf, 0xf7,
    0xff, 0xbf, 0xf7, 0xff, 0xbf, 0xf7, 0xff, 0xbf, 0xf7, 0xff, 0xbf, 0xf7, 0xff, 0xbf, 0xf7, 0xff,
    0xbf, 0xf7, 0xff, 0xbf, 0xf7, 0xff, 0xbf, 0xf7, 0xff, 0xbf, 0xf7, 0xff, 0xbf, 0xf7, 0xff, 0xbf,
    0xf7, 0xff, 0xbf, 0xf7, 0xff, 0xbf, 0xf7, 0xff, 0xbf, 0xf7, 0xff, 0xbf, 0xf7, 0xff, 0xbf, 0xf7,
    0xff, 0xbf, 0xf7, 0xff, 0xbf, 0xf7, 0xff, 0xbf, 0xf7, 0xff, 0xbf, 0xf7, 0xff, 0xbf, 0xf7, 0xff,
    0xbf, 0xf7, 0xff, 0xbf, 0xf7, 0xff, 0xbf, 0xf7, 0xff, 0xbf, 0xf7, 0xff, 0xbf, 0xf7, 0xff, 0xbf,
    0xf7, 0xff, 0xbf, 0xf7, 0xff, 0xbf, 0xf7, 0xff, 0xbf, 0xf7, 0xff, 0xbf, 0xf7, 0xff, 0xbf, 0xf7,
    0xff, 0xbf, 0xf7, 0xff, 0xbf, 0xf7, 0xff, 0xbf, 0xf7, 0xff, 0xbf, 0xf7, 0xff, 0xbf, 0xf7, 0xff,
    0xbf, 0xf7, 0xff, 0xbf, 0xf7, 0xff, 0xbf, 0xf7, 0xff, 0xbf, 0xf7, 0xff, 0xbf, 0xf7, 0xff, 0xbf,
    0xf7, 0xff, 0xbf, 0xf7, 0xff, 0xbf, 0xf7, 0xff, 0xbf, 0xf7, 0xff, 0xbf, 0xf7, 0xff, 0xbf, 0xf7,
    0xff, 0xbf, 0xf7, 0xff, 0xbf, 0xf7, 0xff, 0xbf, 0xf7, 0xff, 0xbf, 0xf7, 0xff, 0xbf, 0xf7, 0xff,
    0xbf, 0xf7, 0xff, 0xbf, 0xf7, 0xff, 0xbf, 0xf7, 0xff, 0xbf, 0xf7, 0xff, 0xbf, 0xf7, 0xff, 0xdf,
    0xf7, 0xff, 0xbb, 0xd6, 0xff, 0x7a, 0xc6, 0xff, 0x7a, 0xce, 0xff, 0x7a, 0xce, 0xff, 0x7a, 0xce,
    0xff, 0x7a, 0xce, 0xff, 0x7a, 0xce, 0xff, 0x7a, 0xce, 0xff, 0x7a, 0xce, 0xff, 0x7a, 0xce, 0xff,
    0x7a, 0xce, 0xff, 0x7a, 0xce, 0xff, 0x7a, 0xce, 0xff, 0x7a, 0xce, 0xff, 0x7a, 0xce, 0xff, 0x7a,
    0xce, 0xff, 0x7a, 0xce, 0xff, 0x7a, 0xce, 0xff, 0x7a, 0xce, 0xff, 0x7a, 0xce, 0xff, 0x7a, 0xce,
    0xff, 0x7a, 0xce, 0xff, 0x7a, 0xce, 0xff, 0x7a, 0xce, 0xff, 0x7a, 0xce, 0xff, 0x7a, 0xce, 0xff,
    0x7a, 0xce, 0xff, 0x7a, 0xce, 0xff, 0x7a, 0xce, 0xff, 0x7a, 0xce, 0xff, 0x7a, 0xce, 0xff, 0x7a,
    0xce, 0xff, 0x7a, 0xce, 0xff, 0x7a, 0xce, 0xff, 0x7a, 0xce, 0xff, 0x7a, 0xce, 0xff, 0x7a, 0xce,
    0xff, 0x7a, 0xce, 0xff, 0x7a, 0xce, 0xff, 0x7a, 0xce, 0xff, 0x7a, 0xce, 0xff, 0x7a, 0xce, 0xff,
    0x7a, 0xce, 0xff, 0x7a, 0xce, 0xff, 0x7a, 0xce, 0xff, 0x7a, 0xce, 0xff, 0x7a, 0xce, 0xff, 0x7a,
    0xce, 0xff, 0x7a, 0xce, 0xff, 0x7a, 0xce, 0xff, 0x7a, 0xce, 0xff, 0x7a, 0xce, 0xff, 0x7a, 0xce,
    0xff, 0x7a, 0xce, 0xff, 0x7a, 0xce, 0xff, 0x7a, 0xce, 0xff, 0x7a, 0xce, 0xff, 0x7a, 0xce, 0xff,
    0x7a, 0xc6, 0xff, 0x9b, 0xce, 0xff, 0xbf, 0xf7, 0xff, 0xdf, 0xf7, 0xff, 0xbf, 0xf7, 0xff, 0xbf,
    0xf7, 0xff, 0xbf, 0xf7, 0xff, 0xbf, 0xf7, 0xff, 0xbf, 0xf7, 0xff, 0xbf, 0xf7, 0xff, 0xbf, 0xf7,
    0xff, 0xbf, 0xf7, 0xff, 0xbf, 0xf7, 0xff, 0xbf, 0xf7, 0xff, 0xbf, 0xf7, 0xff, 0xbf, 0xf7, 0xff,
    0xbf, 0xf7, 0xff, 0xbf, 0xf7, 0xff, 0xbf, 0xf7, 0xff, 0xbf, 0xf7, 0xff, 0xbf, 0xf7, 0xff, 0xbf,
    0xf7, 0xff, 0xbf, 0xf7, 0xff, 0xbf, 0xf7, 0xff, 0xbf, 0xf7, 0xff, 0xbf, 0xf7, 0xff, 0xbf, 0xf7,
    0xff, 0xbf, 0xf7, 0xff, 0xbf, 0xf7, 0xff, 0xbf, 0xf7, 0xff, 0xbf, 0xf7, 0xff, 0xbf, 0xf7, 0xff,
    0xbf, 0xf7, 0xff, 0xbf, 0xf7, 0xff, 0xbf, 0xf7, 0xff, 0xbf, 0xf7, 0xff, 0xbf, 0xf7, 0xff, 0xbf,
    0xf7, 0xff, 0xbf, 0xf7, 0xff, 0xbf, 0xf7, 0xff, 0xbf, 0xf7, 0xff, 0xbf, 0xf7, 0xff, 0xbf, 0xf7,
    0xff, 0xbf, 0xf7, 0xff, 0xbf, 0xf7, 0xff, 0xbf, 0xf7, 0xff, 0xbf, 0xf7, 0xff, 0xbf, 0xf7, 0xff,
    0xbf, 0xf7, 0xff, 0xbf, 0xf7, 0xff, 0xbf, 0xf7, 0xff, 0xbf, 0xf7, 0xff, 0xbf, 0xf7, 0xff, 0xbf,
    0xf7, 0xff, 0xbf, 0xf7, 0xff, 0xbf, 0xf7, 0xff, 0xbf, 0xf7, 0xff, 0xbf, 0xf7, 0xff, 0xbf, 0xf7,
    0xff, 0xbf, 0xf7, 0xff, 0xbf, 0xf7, 0xff, 0xbf, 0xf7, 0xff, 0xbf, 0xf7, 0xff, 0xbf, 0xf7, 0xff,
    0xbf, 0xf7, 0xff, 0xbf, 0xf7, 0xff, 0xbf, 0xf7, 0xff, 0xbf, 0xf7, 0xff, 0xbf, 0xf7, 0xff, 0xbf,
    0xf7, 0xff, 0xbf, 0xf7, 0xff, 0xbf, 0xf7, 0xff, 0xbf, 0xf7, 0xff, 0xbf, 0xf7, 0xff, 0xbf, 0xf7,
    0xff, 0xbf, 0xf7, 0xff, 0xbf, 0xf7, 0xff, 0xbf, 0xf7, 0xff, 0xbf, 0xf7, 0xff, 0xbf, 0xf7, 0xff,
    0xbf, 0xf7, 0xff, 0xbf, 0xf7, 0xff, 0xbf, 0xf7, 0xff, 0xbf, 0xf7, 0xff, 0xbf, 0xf7, 0xff, 0xbf,
    0xf7, 0xff, 0xbf, 0xf7, 0xff, 0xbf, 0xf7, 0xff, 0xbf, 0xf7, 0xff, 0xbf, 0xf7, 0xff, 0xbf, 0xf7,
    0xff, 0xbf, 0xf7, 0xff, 0xbf, 0xf7, 0xff, 0xbf, 0xf7, 0xff, 0xbf, 0xf7, 0xff, 0xbf, 0xf7, 0xff,
    0xbf, 0xf7, 0xff, 0xbf, 0xf7, 0xff, 0xbf, 0xf7, 0xff, 0xbf, 0xf7, 0xff, 0xbf, 0xf7, 0xff, 0xbf,
    0xf7, 0xff, 0xbf, 0xf7, 0xff, 0xbf, 0xf7, 0xff, 0xbf, 0xf7, 0xff, 0xbf, 0xf7, 0xff, 0xbf, 0xf7,
    0xff, 0xbf, 0xf7, 0xff, 0xbf, 0xf7, 0xff, 0xbf, 0xf7, 0xff, 0xbf, 0xf7, 0xff, 0xbf, 0xf7, 0xff,
    0xbf, 0xf7, 0xff, 0xbf, 0xf7, 0xff, 0xbf, 0xf7, 0xff, 0xbf, 0xf7, 0xff, 0xbf, 0xf7, 0xff, 0xbf,
    0xf7, 0xff, 0xbf, 0xf7, 0xff, 0xbf, 0xf7, 0xff, 0xbf, 0xf7, 0xff, 0xdf, 0xf7, 0xff, 0xdb, 0xd6,
    0xff, 0x7a, 0xc6, 0xff, 0x7a, 0xce, 0xff, 0x7a, 0xce, 0xff, 0x7a, 0xce, 0xff, 0x7a, 0xce, 0xff,
    0x7a, 0xce, 0xff, 0x7a, 0xce, 0xff, 0x7a, 0xce, 0xff, 0x7a, 0xce, 0xff, 0x7a, 0xce, 0xff, 0x7a,
    0xce, 0xff, 0x7a, 0xce, 0xff, 0x7a, 0xce, 0xff, 0x7a, 0xce, 0xff, 0x7a, 0xce, 0xff, 0x7a, 0xce,
    0xff, 0x7a, 0xce, 0xff, 0x7a, 0xce, 0xff, 0x7a, 0xce, 0xff, 0x7a, 0xce, 0xff, 0x7a, 0xce, 0xff,
    0x7a, 0xce, 0xff, 0x7a, 0xce, 0xff, 0x7a, 0xce, 0xff, 0x7a, 0xce, 0xff, 0x7a, 0xce, 0xff, 0x7a,
    0xce, 0xff, 0x7a, 0xce, 0xff, 0x7a, 0xce, 0xff, 0x7a, 0xce, 0xff, 0x7a, 0xce, 0xff, 0x7a, 0xce,
    0xff, 0x7a, 0xce, 0xff, 0x7a, 0xce, 0xff, 0x7a, 0xce, 0xff, 0x7a, 0xce, 0xff, 0x7a, 0xce, 0xff,
    0x7a, 0xce, 0xff, 0x7a, 0xce, 0xff, 0x7a, 0xce, 0xff, 0x7a, 0xce, 0xff, 0x7a, 0xce, 0xff, 0x7a,
    0xce, 0xff, 0x7a, 0xce, 0xff, 0x7a, 0xce, 0xff, 0x7a, 0xce, 0xff, 0x7a, 0xce, 0xff, 0x7a, 0xce,
    0xff, 0x7a, 0xce, 0xff, 0x7a, 0xce, 0xff, 0x7a, 0xce, 0xff, 0x7a, 0xce, 0xff, 0x7a, 0xce, 0xff,
    0x7a, 0xce, 0xff, 0x7a, 0xce, 0xff, 0x7a, 0xce, 0xff, 0x7a, 0xce, 0xff, 0x7a, 0xc6, 0xff, 0x9b,
    0xce, 0xff, 0xbf, 0xf7, 0xff, 0xdf, 0xf7, 0xff, 0xbf, 0xf7, 0xff, 0xbf, 0xf7, 0xff, 0xbf, 0xf7,
    0xff, 0xbf, 0xf7, 0xff, 0xbf, 0xf7, 0xff, 0xbf, 0xf7, 0xff, 0xbf, 0xf7, 0xff, 0xbf, 0xf7, 0xff,
    0xbf, 0xf7, 0xff, 0xbf, 0xf7, 0xff, 0xbf, 0xf7, 0xff, 0xbf, 0xf7, 0xff, 0xbf, 0xf7, 0xff, 0xbf,
    0xf7, 0xff, 0xbf, 0xf7, 0xff, 0xbf, 0xf7, 0xff, 0xbf, 0xf7, 0xff, 0xbf, 0xf7, 0xff, 0xbf, 0xf7,
    0xff, 0xbf, 0xf7, 0xff, 0xbf, 0xf7, 0xff, 0xbf, 0xf7, 0xff, 0xbf, 0xf7, 0xff, 0xbf, 0xf7, 0xff,
    0xbf, 0xf7, 0xff, 0xbf, 0xf7, 0xff, 0xbf, 0xf7, 0xff, 0xbf, 0xf7, 0xff, 0xbf, 0xf7, 0xff, 0xbf,
    0xf7, 0xff, 0xbf, 0xf7, 0xff, 0xbf, 0xf7, 0xff, 0xbf, 0xf7, 0xff, 0xbf, 0xf7, 0xff, 0xbf, 0xf7,
    0xff, 0xbf, 0xf7, 0xff, 0xbf, 0xf7, 0xff, 0xbf, 0xf7, 0xff, 0xbf, 0xf7, 0xff, 0xbf, 0xf7, 0xff,
    0xbf, 0xf7, 0xff, 0xbf, 0xf7, 0xff, 0xbf, 0xf7, 0xff, 0xbf, 0xf7, 0xff, 0xbf, 0xf7, 0xff, 0xbf,
    0xf7, 0xff, 0xbf, 0xf7, 0xff, 0xbf, 0xf7, 0xff, 0xbf, 0xf7, 0xff, 0xbf, 0xf7, 0xff, 0xbf, 0xf7,
    0xff, 0xbf, 0xf7, 0xff, 0xbf, 0xf7, 0xff, 0xbf, 0xf7, 0xff, 0xbf, 0xf7, 0xff, 0xbf, 0xf7, 0xff,
    0xbf, 0xf7, 0xff, 0xbf, 0xf7, 0xff, 0xbf, 0xf7, 0xff, 0xbf, 0xf7, 0xff, 0xbf, 0xf7, 0xff, 0xbf,
    0xf7, 0xff, 0xbf, 0xf7, 0xff, 0xbf, 0xf7, 0xff, 0xbf, 0xf7, 0xff, 0xbf, 0xf7, 0xff, 0xbf, 0xf7,
    0xff, 0xbf, 0xf7, 0xff, 0xbf, 0xf7, 0xff, 0xbf, 0xf7, 0xff, 0xbf, 0xf7, 0xff, 0xbf, 0xf7, 0xff,
    0xbf, 0xf7, 0xff, 0xbf, 0xf7, 0xff, 0xbf, 0xf7, 0xff, 0xbf, 0xf7, 0xff, 0xbf, 0xf7, 0xff, 0xbf,
    0xf7, 0xff, 0xbf, 0xf7, 0xff, 0xbf, 0xf7, 0xff, 0xbf, 0xf7, 0xff, 0xbf, 0xf7, 0xff, 0xbf, 0xf7,
    0xff, 0xbf, 0xf7, 0xff, 0xbf, 0xf7, 0xff, 0xbf, 0xf7, 0xff, 0xbf, 0xf7, 0xff, 0xbf, 0xf7, 0xff,
    0xbf, 0xf7, 0xff, 0xbf, 0xf7, 0xff, 0xbf, 0xf7, 0xff, 0xbf, 0xf7, 0xff, 0xbf, 0xf7, 0xff, 0xbf,
    0xf7, 0xff, 0xbf, 0xf7, 0xff, 0xbf, 0xf7, 0xff, 0xbf, 0xf7, 0xff, 0xbf, 0xf7, 0xff, 0xbf, 0xf7,
    0xff, 0xbf, 0xf7, 0xff, 0xbf, 0xf7, 0xff, 0xbf, 0xf7, 0xff, 0xbf, 0xf7, 0xff, 0xbf, 0xf7, 0xff,
    0xbf, 0xf7, 0xff, 0xbf, 0xf7, 0xff, 0xbf, 0xf7, 0xff, 0xbf, 0xf7, 0xff, 0xbf, 0xf7, 0xff, 0xbf,
    0xf7, 0xff, 0xbf, 0xf7, 0xff, 0xbf, 0xf7, 0xff, 0xbf, 0xf7, 0xff, 0xbf, 0xf7, 0xff, 0xbf, 0xf7,
    0xff, 0xbf, 0xf7, 0xff, 0xbf, 0xf7, 0xff, 0xdf, 0xf7, 0xff, 0xdb, 0xd6, 0xff, 0x7a, 0xc6, 0xff,
    0x7a, 0xce, 0xff, 0x7a, 0xce, 0xff, 0x7a, 0xce, 0xff, 0x7a, 0xce, 0xff, 0x7a, 0xce, 0xff, 0x7a,
    0xce, 0xff, 0x7a, 0xce, 0xff, 0x7a, 0xce, 0xff, 0x7a, 0xce, 0xff, 0x7a, 0xce, 0xff, 0x7a, 0xce,
    0xff, 0x7a, 0xce, 0xff, 0x7a, 0xce, 0xff, 0x7a, 0xce, 0xff, 0x7a, 0xce, 0xff, 0x7a, 0xce, 0xff,
    0x7a, 0xce, 0xff, 0x7a, 0xce, 0xff, 0x7a, 0xce, 0xff, 0x7a, 0xce, 0xff, 0x7a, 0xce, 0xff, 0x7a,
    0xce, 0xff, 0x7a, 0xce, 0xff, 0x7a, 0xce, 0xff, 0x7a, 0xce, 0xff, 0x7a, 0xce, 0xff, 0x7a, 0xce,
    0xff, 0x7a, 0xce, 0xff, 0x7a, 0xce, 0xff, 0x7a, 0xce, 0xff, 0x7a, 0xce, 0xff, 0x7a, 0xce, 0xff,
    0x7a, 0xce, 0xff, 0x7a, 0xce, 0xff, 0x7a, 0xce, 0xff, 0x7a, 0xce, 0xff, 0x7a, 0xce, 0xff, 0x7a,
    0xce, 0xff, 0x7a, 0xce, 0xff, 0x7a, 0xce, 0xff, 0x7a, 0xce, 0xff, 0x7a, 0xce, 0xff, 0x7a, 0xce,
    0xff, 0x7a, 0xce, 0xff, 0x7a, 0xce, 0xff, 0x7a, 0xce, 0xff, 0x7a, 0xce, 0xff, 0x7a, 0xce, 0xff,
    0x7a, 0xce, 0xff, 0x7a, 0xce, 0xff, 0x7a, 0xce, 0xff, 0x7a, 0xce, 0xff, 0x7a, 0xce, 0xff, 0x7a,
    0xce, 0xff, 0x7a, 0xce, 0xff, 0x7a, 0xce, 0xff, 0x7a, 0xc6, 0xff, 0x9b, 0xce, 0xff, 0xbf, 0xf7,
    0xff, 0xdf, 0xf7, 0xff, 0xbf, 0xf7, 0xff, 0xbf, 0xf7, 0xff, 0xbf, 0xf7, 0xff, 0xbf, 0xf7, 0xff,
    0xbf, 0xf7, 0xff, 0xbf, 0xf7, 0xff, 0xbf, 0xf7, 0xff, 0xbf, 0xf7, 0xff, 0xbf, 0xf7, 0xff, 0xbf,
    0xf7, 0xff, 0xbf, 0xf7, 0xff, 0xbf, 0xf7, 0xff, 0xbf, 0xf7, 0xff, 0xbf, 0xf7, 0xff, 0xbf, 0xf7,
    0xff, 0xbf, 0xf7, 0xff, 0xbf, 0xf7, 0xff, 0xbf, 0xf7, 0xff, 0xbf, 0xf7, 0xff, 0xbf, 0xf7, 0xff,
    0xbf, 0xf7, 0xff, 0xbf, 0xf7, 0xff, 0xbf, 0xf7, 0xff, 0xbf, 0xf7, 0xff, 0xbf, 0xf7, 0xff, 0xbf,
    0xf7, 0xff, 0xbf, 0xf7, 0xff, 0xbf, 0xf7, 0xff, 0xbf, 0xf7, 0xff, 0xbf, 0xf7, 0xff, 0xbf, 0xf7,
    0xff, 0xbf, 0xf7, 0xff, 0xbf, 0xf7, 0xff, 0xbf, 0xf7, 0xff, 0xbf, 0xf7, 0xff, 0xbf, 0xf7, 0xff,
    0xbf, 0xf7, 0xff, 0xbf, 0xf7, 0xff, 0xbf, 0xf7, 0xff, 0xbf, 0xf7, 0xff, 0xbf, 0xf7, 0xff, 0xbf,
    0xf7, 0xff, 0xbf, 0xf7, 0xff, 0xbf, 0xf7, 0xff, 0xbf, 0xf7, 0xff, 0xbf, 0xf7, 0xff, 0xbf, 0xf7,
    0xff, 0xbf, 0xf7, 0xff, 0xbf, 0xf7, 0xff, 0xbf, 0xf7, 0xff, 0xbf, 0xf7, 0xff, 0xbf, 0xf7, 0xff,
    0xbf, 0xf7, 0xff, 0xbf, 0xf7, 0xff, 0xbf, 0xf7, 0xff, 0xbf, 0xf7, 0xff, 0xbf, 0xf7, 0xff, 0xbf,
    0xf7, 0xff, 0xbf, 0xf7, 0xff, 0xbf, 0xf7, 0xff, 0xbf, 0xf7, 0xff, 0xbf, 0xf7, 0xff, 0xbf, 0xf7,
    0xff, 0xbf, 0xf7, 0xff, 0xbf, 0xf7, 0xff, 0xbf, 0xf7, 0xff, 0xbf, 0xf7, 0xff, 0xbf, 0xf7, 0xff,
    0xbf, 0xf7, 0xff, 0xbf, 0xf7, 0xff, 0xbf, 0xf7, 0xff, 0xbf, 0xf7, 0xff, 0xbf, 0xf7, 0xff, 0xbf,
    0xf7, 0xff, 0xbf, 0xf7, 0xff, 0xbf, 0xf7, 0xff, 0xbf, 0xf7, 0xff, 0xbf, 0xf7, 0xff, 0xbf, 0xf7,
    0xff, 0xbf, 0xf7, 0xff, 0xbf, 0xf7, 0xff, 0xbf, 0xf7, 0xff, 0xbf, 0xf7, 0xff, 0xbf, 0xf7, 0xff,
    0xbf, 0xf7, 0xff, 0xbf, 0xf7, 0xff, 0xbf, 0xf7, 0xff, 0xbf, 0xf7, 0xff, 0xbf, 0xf7, 0xff, 0xbf,
    0xf7, 0xff, 0xbf, 0xf7, 0xff, 0xbf, 0xf7, 0xff, 0xbf, 0xf7, 0xff, 0xbf, 0xf7, 0xff, 0xbf, 0xf7,
    0xff, 0xbf, 0xf7, 0xff, 0xbf, 0xf7, 0xff, 0xbf, 0xf7, 0xff, 0xbf, 0xf7, 0xff, 0xbf, 0xf7, 0xff,
    0xbf, 0xf7, 0xff, 0xbf, 0xf7, 0xff, 0xbf, 0xf7, 0xff, 0xbf, 0xf7, 0xff, 0xbf, 0xf7, 0xff, 0xbf,
    0xf7, 0xff, 0xbf, 0xf7, 0xff, 0xbf, 0xf7, 0xff, 0xbf, 0xf7, 0xff, 0xbf, 0xf7, 0xff, 0xbf, 0xf7,
    0xff, 0xbf, 0xf7, 0xff, 0xbf, 0xf7, 0xff, 0xbf, 0xf7, 0xff, 0xbf, 0xf7, 0xff, 0xbf, 0xf7, 0xff,
    0xbf, 0xf7, 0xff, 0xdf, 0xf7, 0xff, 0xdb, 0xd6, 0xff, 0x7a, 0xc6, 0xff, 0x7a, 0xce, 0xff, 0x7a,
    0xce, 0xff, 0x7a, 0xce, 0xff, 0x7a, 0xce, 0xff, 0x7a, 0xce, 0xff, 0x7a, 0xce, 0xff, 0x7a, 0xce,
    0xff, 0x7a, 0xce, 0xff, 0x7a, 0xce, 0xff, 0x7a, 0xce, 0xff, 0x7a, 0xce, 0xff, 0x7a, 0xce, 0xff,
    0x7a, 0xce, 0xff, 0x7a, 0xce, 0xff, 0x7a, 0xce, 0xff, 0x7a, 0xce, 0xff, 0x7a, 0xce, 0xff, 0x7a,
    0xce, 0xff, 0x7a, 0xce, 0xff, 0x7a, 0xce, 0xff, 0x7a, 0xce, 0xff, 0x7a, 0xce, 0xff, 0x7a, 0xce,
    0xff, 0x7a, 0xce, 0xff, 0x7a, 0xce, 0xff, 0x7a, 0xce, 0xff, 0x7a, 0xce, 0xff, 0x7a, 0xce, 0xff,
    0x7a, 0xce, 0xff, 0x7a, 0xce, 0xff, 0x7a, 0xce, 0xff, 0x7a, 0xce, 0xff, 0x7a, 0xce, 0xff, 0x7a,
    0xce, 0xff, 0x7a, 0xce, 0xff, 0x7a, 0xce, 0xff, 0x7a, 0xce, 0xff, 0x7a, 0xce, 0xff, 0x7a, 0xce,
    0xff, 0x7a, 0xce, 0xff, 0x7a, 0xce, 0xff, 0x7a, 0xce, 0xff, 0x7a, 0xce, 0xff, 0x7a, 0xce, 0xff,
    0x7a, 0xce, 0xff, 0x7a, 0xce, 0xff, 0x7a, 0xce, 0xff, 0x7a, 0xce, 0xff, 0x7a, 0xce, 0xff, 0x7a,
    0xce, 0xff, 0x7a, 0xce, 0xff, 0x7a, 0xce, 0xff, 0x7a, 0xce, 0xff, 0x7a, 0xce, 0xff, 0x7a, 0xce,
    0xff, 0x7a, 0xce, 0xff, 0x7a, 0xc6, 0xff, 0x9b, 0xce, 0xff, 0xbf, 0xf7, 0xff, 0xdf, 0xf7, 0xff,
    0xbf, 0xf7, 0xff, 0xbf, 0xf7, 0xff, 0xbf, 0xf7, 0xff, 0xbf, 0xf7, 0xff, 0xbf, 0xf7, 0xff, 0xbf,
    0xf7, 0xff, 0xbf, 0xf7, 0xff, 0xbf, 0xf7, 0xff, 0xbf, 0xf7, 0xff, 0xbf, 0xf7, 0xff, 0xbf, 0xf7,
    0xff, 0xbf, 0xf7, 0xff, 0xbf, 0xf7, 0xff, 0xbf, 0xf7, 0xff, 0xbf, 0xf7, 0xff, 0xbf, 0xf7, 0xff,
    0xbf, 0xf7, 0xff, 0xbf, 0xf7, 0xff, 0xbf, 0xf7, 0xff, 0xbf, 0xf7, 0xff, 0xbf, 0xf7, 0xff, 0xbf,
    0xf7, 0xff, 0xbf, 0xf7, 0xff, 0xbf, 0xf7, 0xff, 0xbf, 0xf7, 0xff, 0xbf, 0xf7, 0xff, 0xbf, 0xf7,
    0xff, 0xbf, 0xf7, 0xff, 0xbf, 0xf7, 0xff, 0xbf, 0xf7, 0xff, 0xbf, 0xf7, 0xff, 0xbf, 0xf7, 0xff,
    0xbf, 0xf7, 0xff, 0xbf, 0xf7, 0xff, 0xbf, 0xf7, 0xff, 0xbf, 0xf7, 0xff, 0xbf, 0xf7, 0xff, 0xbf,
    0xf7, 0xff, 0xbf, 0xf7, 0xff, 0xbf, 0xf7, 0xff, 0xbf, 0xf7, 0xff, 0xbf, 0xf7, 0xff, 0xbf, 0xf7,
    0xff, 0xbf, 0xf7, 0xff, 0xbf, 0xf7, 0xff, 0xbf, 0xf7, 0xff, 0xbf, 0xf7, 0xff, 0xbf, 0xf7, 0xff,
    0xbf, 0xf7, 0xff, 0xbf, 0xf7, 0xff, 0xbf, 0xf7, 0xff, 0xbf, 0xf7, 0xff, 0xbf, 0xf7, 0xff, 0xbf,
    0xf7, 0xff, 0xbf, 0xf7, 0xff, 0xbf, 0xf7, 0xff, 0xbf, 0xf7, 0xff, 0xbf, 0xf7, 0xff, 0xbf, 0xf7,
    0xff, 0xbf, 0xf7, 0xff, 0xbf, 0xf7, 0xff, 0xbf, 0xf7, 0xff, 0xbf, 0xf7, 0xff, 0xbf, 0xf7, 0xff,
    0xbf, 0xf7, 0xff, 0xbf, 0xf7, 0xff, 0xbf, 0xf7, 0xff, 0xbf, 0xf7, 0xff, 0xbf, 0xf7, 0xff, 0xbf,
    0xf7, 0xff, 0xbf, 0xf7, 0xff, 0xbf, 0xf7, 0xff, 0xbf, 0xf7, 0xff, 0xbf, 0xf7, 0xff, 0xbf, 0xf7,
    0xff, 0xbf, 0xf7, 0xff, 0xbf, 0xf7, 0xff, 0xbf, 0xf7, 0xff, 0xbf, 0xf7, 0xff, 0xbf, 0xf7, 0xff,
    0xbf, 0xf7, 0xff, 0xbf, 0xf7, 0xff, 0xbf, 0xf7, 0xff, 0xbf, 0xf7, 0xff, 0xbf, 0xf7, 0xff, 0xbf,
    0xf7, 0xff, 0xbf, 0xf7, 0xff, 0xbf, 0xf7, 0xff, 0xbf, 0xf7, 0xff, 0xbf, 0xf7, 0xff, 0xbf, 0xf7,
    0xff, 0xbf, 0xf7, 0xff, 0xbf, 0xf7, 0xff, 0xbf, 0xf7, 0xff, 0xbf, 0xf7, 0xff, 0xbf, 0xf7, 0xff,
    0xbf, 0xf7, 0xff, 0xbf, 0xf7, 0xff, 0xbf, 0xf7, 0xff, 0xbf, 0xf7, 0xff, 0xbf, 0xf7, 0xff, 0xbf,
    0xf7, 0xff, 0xbf, 0xf7, 0xff, 0xbf, 0xf7, 0xff, 0xbf, 0xf7, 0xff, 0xbf, 0xf7, 0xff, 0xbf, 0xf7,
    0xff, 0xbf, 0xf7, 0xff, 0xbf, 0xf7, 0xff, 0xbf, 0xf7, 0xff, 0xbf, 0xf7, 0xff, 0xbf, 0xf7, 0xff,
    0xbf, 0xf7, 0xff, 0xbf, 0xf7, 0xff, 0xbf, 0xf7, 0xff, 0xbf, 0xf7, 0xff, 0xbf, 0xf7, 0xff, 0xdf,
    0xf7, 0xff, 0xdb, 0xd6, 0xff, 0x7a, 0xc6, 0xff, 0x7a, 0xce, 0xff, 0x7a, 0xce, 0xff, 0x7a, 0xce,
    0xff, 0x7a, 0xce, 0xff, 0x7a, 0xce, 0xff, 0x7a, 0xce, 0xff, 0x7a, 0xce, 0xff, 0x7a, 0xce, 0xff,
    0x7a, 0xce, 0xff, 0x7a, 0xce, 0xff, 0x7a, 0xce, 0xff, 0x7a, 0xce, 0xff, 0x7a, 0xce, 0xff, 0x7a,
    0xce, 0xff, 0x7a, 0xce, 0xff, 0x7a, 0xce, 0xff, 0x7a, 0xce, 0xff, 0x7a, 0xce, 0xff, 0x7a, 0xce,
    0xff, 0x7a, 0xce, 0xff, 0x7a, 0xce, 0xff, 0x7a, 0xce, 0xff, 0x7a, 0xce, 0xff, 0x7a, 0xce, 0xff,
    0x7a, 0xce, 0xff, 0x7a, 0xce, 0xff, 0x7a, 0xce, 0xff, 0x7a, 0xce, 0xff, 0x7a, 0xce, 0xff, 0x7a,
    0xce, 0xff, 0x7a, 0xce, 0xff, 0x7a, 0xce, 0xff, 0x7a, 0xce, 0xff, 0x7a, 0xce, 0xff, 0x7a, 0xce,
    0xff, 0x7a, 0xce, 0xff, 0x7a, 0xce, 0xff, 0x7a, 0xce, 0xff, 0x7a, 0xce, 0xff, 0x7a, 0xce, 0xff,
    0x7a, 0xce, 0xff, 0x7a, 0xce, 0xff, 0x7a, 0xce, 0xff, 0x7a, 0xce, 0xff, 0x7a, 0xce, 0xff, 0x7a,
    0xce, 0xff, 0x7a, 0xce, 0xff, 0x7a, 0xce, 0xff, 0x7a, 0xce, 0xff, 0x7a, 0xce, 0xff, 0x7a, 0xce,
    0xff, 0x7a, 0xce, 0xff, 0x7a, 0xce, 0xff, 0x7a, 0xce, 0xff, 0x7a, 0xce, 0xff, 0x7a, 0xce, 0xff,
    0x7a, 0xc6, 0xff, 0x9b, 0xce, 0xff, 0xbf, 0xf7, 0xff, 0xdf, 0xf7, 0xff, 0xbf, 0xf7, 0xff, 0xbf,
    0xf7, 0xff, 0xbf, 0xf7, 0xff, 0xbf, 0xf7, 0xff, 0xbf, 0xf7, 0xff, 0xbf, 0xf7, 0xff, 0xbf, 0xf7,
    0xff, 0xbf, 0xf7, 0xff, 0xbf, 0xf7, 0xff, 0xbf, 0xf7, 0xff, 0xbf, 0xf7, 0xff, 0xbf, 0xf7, 0xff,
    0xbf, 0xf7, 0xff, 0xbf, 0xf7, 0xff, 0xbf, 0xf7, 0xff, 0xbf, 0xf7, 0xff, 0xbf, 0xf7, 0xff, 0xbf,
    0xf7, 0xff, 0xbf, 0xf7, 0xff, 0xbf, 0xf7, 0xff, 0xbf, 0xf7, 0xff, 0xbf, 0xf7, 0xff, 0xbf, 0xf7,
    0xff, 0xbf, 0xf7, 0xff, 0xbf, 0xf7, 0xff, 0xbf, 0xf7, 0xff, 0xbf, 0xf7, 0xff, 0xbf, 0xf7, 0xff,
    0xbf, 0xf7, 0xff, 0xbf, 0xf7, 0xff, 0xbf, 0xf7, 0xff, 0xbf, 0xf7, 0xff, 0xbf, 0xf7, 0xff, 0xbf,
    0xf7, 0xff, 0xbf, 0xf7, 0xff, 0xbf, 0xf7, 0xff, 0xbf, 0xf7, 0xff, 0xbf, 0xf7, 0xff, 0xbf, 0xf7,
    0xff, 0xbf, 0xf7, 0xff, 0xbf, 0xf7, 0xff, 0xbf, 0xf7, 0xff, 0xbf, 0xf7, 0xff, 0xbf, 0xf7, 0xff,
    0xbf, 0xf7, 0xff, 0xbf, 0xf7, 0xff, 0xbf, 0xf7, 0xff, 0xbf, 0xf7, 0xff, 0xbf, 0xf7, 0xff, 0xbf,
    0xf7, 0xff, 0xbf, 0xf7, 0xff, 0xbf, 0xf7, 0xff, 0xbf, 0xf7, 0xff, 0xbf, 0xf7, 0xff, 0xbf, 0xf7,
    0xff, 0xbf, 0xf7, 0xff, 0xbf, 0xf7, 0xff, 0xbf, 0xf7, 0xff, 0xbf, 0xf7, 0xff, 0xbf, 0xf7, 0xff,
    0xbf, 0xf7, 0xff, 0xbf, 0xf7, 0xff, 0xbf, 0xf7, 0xff, 0xbf, 0xf7, 0xff, 0xbf, 0xf7, 0xff, 0xbf,
    0xf7, 0xff, 0xbf, 0xf7, 0xff, 0xbf, 0xf7, 0xff, 0xbf, 0xf7, 0xff, 0xbf, 0xf7, 0xff, 0xbf, 0xf7,
    0xff, 0xbf, 0xf7, 0xff, 0xbf, 0xf7, 0xff, 0xbf, 0xf7, 0xff, 0xbf, 0xf7, 0xff, 0xbf, 0xf7, 0xff,
    0xbf, 0xf7, 0xff, 0xbf, 0xf7, 0xff, 0xbf, 0xf7, 0xff, 0xbf, 0xf7, 0xff, 0xbf, 0xf7, 0xff, 0xbf,
    0xf7, 0xff, 0xbf, 0xf7, 0xff, 0xbf, 0xf7, 0xff, 0xbf, 0xf7, 0xff, 0xbf, 0xf7, 0xff, 0xbf, 0xf7,
    0xff, 0xbf, 0xf7, 0xff, 0xbf, 0xf7, 0xff, 0xbf, 0xf7, 0xff, 0xbf, 0xf7, 0xff, 0xbf, 0xf7, 0xff,
    0xbf, 0xf7, 0xff, 0xbf, 0xf7, 0xff, 0xbf, 0xf7, 0xff, 0xbf, 0xf7, 0xff, 0xbf, 0xf7, 0xff, 0xbf,
    0xf7, 0xff, 0xbf, 0xf7, 0xff, 0xbf, 0xf7, 0xff, 0xbf, 0xf7, 0xff, 0xbf, 0xf7, 0xff, 0xbf, 0xf7,
    0xff, 0xbf, 0xf7, 0xff, 0xbf, 0xf7, 0xff, 0xbf, 0xf7, 0xff, 0xbf, 0xf7, 0xff, 0xbf, 0xf7, 0xff,
    0xbf, 0xf7, 0xff, 0xbf, 0xf7, 0xff, 0xbf, 0xf7, 0xff, 0xbf, 0xf7, 0xff, 0xbf, 0xf7, 0xff, 0xbf,
    0xf7, 0xff, 0xbf, 0xf7, 0xff, 0xbf, 0xf7, 0xff, 0xbf, 0xf7, 0xff, 0xdf, 0xf7, 0xff, 0xdb, 0xd6,
    0xff, 0x7a, 0xc6, 0xff, 0x7a, 0xce, 0xff, 0x7a, 0xce, 0xff, 0x7a, 0xce, 0xff, 0x7a, 0xce, 0xff,
    0x7a, 0xce, 0xff, 0x7a, 0xce, 0xff, 0x7a, 0xce, 0xff, 0x7a, 0xce, 0xff, 0x7a, 0xce, 0xff, 0x7a,
    0xce, 0xff, 0x7a, 0xce, 0xff, 0x7a, 0xce, 0xff, 0x7a, 0xce, 0xff, 0x7a, 0xce, 0xff, 0x7a, 0xce,
    0xff, 0x7a, 0xce, 0xff, 0x7a, 0xce, 0xff, 0x7a, 0xce, 0xff, 0x7a, 0xce, 0xff, 0x7a, 0xce, 0xff,
    0x7a, 0xce, 0xff, 0x7a, 0xce, 0xff, 0x7a, 0xce, 0xff, 0x7a, 0xce, 0xff, 0x7a, 0xce, 0xff, 0x7a,
    0xce, 0xff, 0x7a, 0xce, 0xff, 0x7a, 0xce, 0xff, 0x7a, 0xce, 0xff, 0x7a, 0xce, 0xff, 0x7a, 0xce,
    0xff, 0x7a, 0xce, 0xff, 0x7a, 0xce, 0xff, 0x7a, 0xce, 0xff, 0x7a, 0xce, 0xff, 0x7a, 0xce, 0xff,
    0x7a, 0xce, 0xff, 0x7a, 0xce, 0xff, 0x7a, 0xce, 0xff, 0x7a, 0xce, 0xff, 0x7a, 0xce, 0xff, 0x7a,
    0xce, 0xff, 0x7a, 0xce, 0xff, 0x7a, 0xce, 0xff, 0x7a, 0xce, 0xff, 0x7a, 0xce, 0xff, 0x7a, 0xce,
    0xff, 0x7a, 0xce, 0xff, 0x7a, 0xce, 0xff, 0x7a, 0xce, 0xff, 0x7a, 0xce, 0xff, 0x7a, 0xce, 0xff,
    0x7a, 0xce, 0xff, 0x7a, 0xce, 0xff, 0x7a, 0xce, 0xff, 0x7a, 0xce, 0xff, 0x7a, 0xc6, 0xff, 0x9b,
    0xce, 0xff, 0xbf, 0xf7, 0xff, 0xdf, 0xf7, 0xff, 0xbf, 0xf7, 0xff, 0xbf, 0xf7, 0xff, 0xbf, 0xf7,
    0xff, 0xbf, 0xf7, 0xff, 0xbf, 0xf7, 0xff, 0xbf, 0xf7, 0xff, 0xbf, 0xf7, 0xff, 0xbf, 0xf7, 0xff,
    0xbf, 0xf7, 0xff, 0xbf, 0xf7, 0xff, 0xbf, 0xf7, 0xff, 0xbf, 0xf7, 0xff, 0xbf, 0xf7, 0xff, 0xbf,
    0xf7, 0xff, 0xbf, 0xf7, 0xff, 0xbf, 0xf7, 0xff, 0xbf, 0xf7, 0xff, 0xbf, 0xf7, 0xff, 0xbf, 0xf7,
    0xff, 0xbf, 0xf7, 0xff, 0xbf, 0xf7, 0xff, 0xbf, 0xf7, 0xff, 0xbf, 0xf7, 0xff, 0xbf, 0xf7, 0xff,
    0xbf, 0xf7, 0xff, 0xbf, 0xf7, 0xff, 0xbf, 0xf7, 0xff, 0xbf, 0xf7, 0xff, 0xbf, 0xf7, 0xff, 0xbf,
    0xf7, 0xff, 0xbf, 0xf7, 0xff, 0xbf, 0xf7, 0xff, 0xbf, 0xf7, 0xff, 0xbf, 0xf7, 0xff, 0xbf, 0xf7,
    0xff, 0xbf, 0xf7, 0xff, 0xbf, 0xf7, 0xff, 0xbf, 0xf7, 0xff, 0xbf, 0xf7, 0xff, 0xbf, 0xf7, 0xff,
    0xbf, 0xf7, 0xff, 0xbf, 0xf7, 0xff, 0xbf, 0xf7, 0xff, 0xbf, 0xf7, 0xff, 0xbf, 0xf7, 0xff, 0xbf,
    0xf7, 0xff, 0xbf, 0xf7, 0xff, 0xbf, 0xf7, 0xff, 0xbf, 0xf7, 0xff, 0xbf, 0xf7, 0xff, 0xbf, 0xf7,
    0xff, 0xbf, 0xf7, 0xff, 0xbf, 0xf7, 0xff, 0xbf, 0xf7, 0xff, 0xbf, 0xf7, 0xff, 0xbf, 0xf7, 0xff,
    0xbf, 0xf7, 0xff, 0xbf, 0xf7, 0xff, 0xbf, 0xf7, 0xff, 0xbf, 0xf7, 0xff, 0xbf, 0xf7, 0xff, 0xbf,
    0xf7, 0xff, 0xbf, 0xf7, 0xff, 0xbf, 0xf7, 0xff, 0xbf, 0xf7, 0xff, 0xbf, 0xf7, 0xff, 0xbf, 0xf7,
    0xff, 0xbf, 0xf7, 0xff, 0xbf, 0xf7, 0xff, 0xbf, 0xf7, 0xff, 0xbf, 0xf7, 0xff, 0xbf, 0xf7, 0xff,
    0xbf, 0xf7, 0xff, 0xbf, 0xf7, 0xff, 0xbf, 0xf7, 0xff, 0xbf, 0xf7, 0xff, 0xbf, 0xf7, 0xff, 0xbf,
    0xf7, 0xff, 0xbf, 0xf7, 0xff, 0xbf, 0xf7, 0xff, 0xbf, 0xf7, 0xff, 0xbf, 0xf7, 0xff, 0xbf, 0xf7,
    0xff, 0xbf, 0xf7, 0xff, 0xbf, 0xf7, 0xff, 0xbf, 0xf7, 0xff, 0xbf, 0xf7, 0xff, 0xbf, 0xf7, 0xff,
    0xbf, 0xf7, 0xff, 0xbf, 0xf7, 0xff, 0xbf, 0xf7, 0xff, 0xbf, 0xf7, 0xff, 0xbf, 0xf7, 0xff, 0xbf,
    0xf7, 0xff, 0xbf, 0xf7, 0xff, 0xbf, 0xf7, 0xff, 0xbf, 0xf7, 0xff, 0xbf, 0xf7, 0xff, 0xbf, 0xf7,
    0xff, 0xbf, 0xf7, 0xff, 0xbf, 0xf7, 0xff, 0xbf, 0xf7, 0xff, 0xbf, 0xf7, 0xff, 0xbf, 0xf7, 0xff,
    0xbf, 0xf7, 0xff, 0xbf, 0xf7, 0xff, 0xbf, 0xf7, 0xff, 0xbf, 0xf7, 0xff, 0xbf, 0xf7, 0xff, 0xbf,
    0xf7, 0xff, 0xbf, 0xf7, 0xff, 0xbf, 0xf7, 0xff, 0xbf, 0xf7, 0xff, 0xbf, 0xf7, 0xff, 0xbf, 0xf7,
    0xff, 0xbf, 0xf7, 0xff, 0xbf, 0xf7, 0xff, 0xdf, 0xf7, 0xff, 0xdb, 0xd6, 0xff, 0x7a, 0xc6, 0xff,
    0x7a, 0xce, 0xff, 0x7a, 0xce, 0xff, 0x7a, 0xce, 0xff, 0x7a, 0xce, 0xff, 0x7a, 0xce, 0xff, 0x7a,
    0xce, 0xff, 0x7a, 0xce, 0xff, 0x7a, 0xce, 0xff, 0x7a, 0xce, 0xff, 0x7a, 0xce, 0xff, 0x7a, 0xce,
    0xff, 0x7a, 0xce, 0xff, 0x7a, 0xce, 0xff, 0x7a, 0xce, 0xff, 0x7a, 0xce, 0xff, 0x7a, 0xce, 0xff,
    0x7a, 0xce, 0xff, 0x7a, 0xce, 0xff, 0x7a, 0xce, 0xff, 0x7a, 0xce, 0xff, 0x7a, 0xce, 0xff, 0x7a,
    0xce, 0xff, 0x7a, 0xce, 0xff, 0x7a, 0xce, 0xff, 0x7a, 0xce, 0xff, 0x7a, 0xce, 0xff, 0x7a, 0xce,
    0xff, 0x7a, 0xce, 0xff, 0x7a, 0xce, 0xff, 0x7a, 0xce, 0xff, 0x7a, 0xce, 0xff, 0x7a, 0xce, 0xff,
    0x7a, 0xce, 0xff, 0x7a, 0xce, 0xff, 0x7a, 0xce, 0xff, 0x7a, 0xce, 0xff, 0x7a, 0xce, 0xff, 0x7a,
    0xce, 0xff, 0x7a, 0xce, 0xff, 0x7a, 0xce, 0xff, 0x7a, 0xce, 0xff, 0x7a, 0xce, 0xff, 0x7a, 0xce,
    0xff, 0x7a, 0xce, 0xff, 0x7a, 0xce, 0xff, 0x7a, 0xce, 0xff, 0x7a, 0xce, 0xff, 0x7a, 0xce, 0xff,
    0x7a, 0xce, 0xff, 0x7a, 0xce, 0xff, 0x7a, 0xce, 0xff, 0x7a, 0xce, 0xff, 0x7a, 0xce, 0xff, 0x7a,
    0xce, 0xff, 0x7a, 0xce, 0xff, 0x7a, 0xce, 0xff, 0x7a, 0xc6, 0xff, 0x9b, 0xce, 0xff, 0x9f, 0xf7,
    0xff, 0xdf, 0xf7, 0xff, 0xbf, 0xf7, 0xff, 0xbf, 0xf7, 0xff, 0xbf, 0xf7, 0xff, 0xbf, 0xf7, 0xff,
    0xbf, 0xf7, 0xff, 0xbf, 0xf7, 0xff, 0xbf, 0xf7, 0xff, 0xbf, 0xf7, 0xff, 0xbf, 0xf7, 0xff, 0xbf,
    0xf7, 0xff, 0xbf, 0xf7, 0xff, 0xbf, 0xf7, 0xff, 0xbf, 0xf7, 0xff, 0xbf, 0xf7, 0xff, 0xbf, 0xf7,
    0xff, 0xbf, 0xf7, 0xff, 0xbf, 0xf7, 0xff, 0xbf, 0xf7, 0xff, 0xbf, 0xf7, 0xff, 0xbf, 0xf7, 0xff,
    0xbf, 0xf7, 0xff, 0xbf, 0xf7, 0xff, 0xbf, 0xf7, 0xff, 0xbf, 0xf7, 0xff, 0xbf, 0xf7, 0xff, 0xbf,
    0xf7, 0xff, 0xbf, 0xf7, 0xff, 0xbf, 0xf7, 0xff, 0xbf, 0xf7, 0xff, 0xbf, 0xf7, 0xff, 0xbf, 0xf7,
    0xff, 0xbf, 0xf7, 0xff, 0xbf, 0xf7, 0xff, 0xbf, 0xf7, 0xff, 0xbf, 0xf7, 0xff, 0xbf, 0xf7, 0xff,
    0xbf, 0xf7, 0xff, 0xbf, 0xf7, 0xff, 0xbf, 0xf7, 0xff, 0xbf, 0xf7, 0xff, 0xbf, 0xf7, 0xff, 0xbf,
    0xf7, 0xff, 0xbf, 0xf7, 0xff, 0xbf, 0xf7, 0xff, 0xbf, 0xf7, 0xff, 0xbf, 0xf7, 0xff, 0xbf, 0xf7,
    0xff, 0xbf, 0xf7, 0xff, 0xbf, 0xf7, 0xff, 0xbf, 0xf7, 0xff, 0xbf, 0xf7, 0xff, 0xbf, 0xf7, 0xff,
    0xbf, 0xf7, 0xff, 0xbf, 0xf7, 0xff, 0xbf, 0xf7, 0xff, 0xbf, 0xf7, 0xff, 0xbf, 0xf7, 0xff, 0xbf,
    0xf7, 0xff, 0xbf, 0xf7, 0xff, 0xbf, 0xf7, 0xff, 0xbf, 0xf7, 0xff, 0xbf, 0xf7, 0xff, 0xbf, 0xf7,
    0xff, 0xbf, 0xf7, 0xff, 0xbf, 0xf7, 0xff, 0xbf, 0xf7, 0xff, 0xbf, 0xf7, 0xff, 0xbf, 0xf7, 0xff,
    0xbf, 0xf7, 0xff, 0xbf, 0xf7, 0xff, 0xbf, 0xf7, 0xff, 0xbf, 0xf7, 0xff, 0xbf, 0xf7, 0xff, 0xbf,
    0xf7, 0xff, 0xbf, 0xf7, 0xff, 0xbf, 0xf7, 0xff, 0xbf, 0xf7, 0xff, 0xbf, 0xf7, 0xff, 0xbf, 0xf7,
    0xff, 0xbf, 0xf7, 0xff, 0xbf, 0xf7, 0xff, 0xbf, 0xf7, 0xff, 0xbf, 0xf7, 0xff, 0xbf, 0xf7, 0xff,
    0xbf, 0xf7, 0xff, 0xbf, 0xf7, 0xff, 0xbf, 0xf7, 0xff, 0xbf, 0xf7, 0xff, 0xbf, 0xf7, 0xff, 0xbf,
    0xf7, 0xff, 0xbf, 0xf7, 0xff, 0xbf, 0xf7, 0xff, 0xbf, 0xf7, 0xff, 0xbf, 0xf7, 0xff, 0xbf, 0xf7,
    0xff, 0xbf, 0xf7, 0xff, 0xbf, 0xf7, 0xff, 0xbf, 0xf7, 0xff, 0xbf, 0xf7, 0xff, 0xbf, 0xf7, 0xff,
    0xbf, 0xf7, 0xff, 0xbf, 0xf7, 0xff, 0xbf, 0xf7, 0xff, 0xbf, 0xf7, 0xff, 0xbf, 0xf7, 0xff, 0xbf,
    0xf7, 0xff, 0xbf, 0xf7, 0xff, 0xbf, 0xf7, 0xff, 0xbf, 0xf7, 0xff, 0xbf, 0xf7, 0xff, 0xbf, 0xf7,
    0xff, 0xbf, 0xf7, 0xff, 0xbf, 0xf7, 0xff, 0xbf, 0xf7, 0xff, 0xbf, 0xf7, 0xff, 0xbf, 0xf7, 0xff,
    0xbf, 0xf7, 0xff, 0xdf, 0xf7, 0xff, 0xdb, 0xd6, 0xff, 0x7a, 0xc6, 0xff, 0x7a, 0xce, 0xff, 0x7a,
    0xce, 0xff, 0x7a, 0xce, 0xff, 0x7a, 0xce, 0xff, 0x7a, 0xce, 0xff, 0x7a, 0xce, 0xff, 0x7a, 0xce,
    0xff, 0x7a, 0xce, 0xff, 0x7a, 0xce, 0xff, 0x7a, 0xce, 0xff, 0x7a, 0xce, 0xff, 0x7a, 0xce, 0xff,
    0x7a, 0xce, 0xff, 0x7a, 0xce, 0xff, 0x7a, 0xce, 0xff, 0x7a, 0xce, 0xff, 0x7a, 0xce, 0xff, 0x7a,
    0xce, 0xff, 0x7a, 0xce, 0xff, 0x7a, 0xce, 0xff, 0x7a, 0xce, 0xff, 0x7a, 0xce, 0xff, 0x7a, 0xce,
    0xff, 0x7a, 0xce, 0xff, 0x7a, 0xce, 0xff, 0x7a, 0xce, 0xff, 0x7a, 0xce, 0xff, 0x7a, 0xce, 0xff,
    0x7a, 0xce, 0xff, 0x7a, 0xce, 0xff, 0x7a, 0xce, 0xff, 0x7a, 0xce, 0xff, 0x7a, 0xce, 0xff, 0x7a,
    0xce, 0xff, 0x7a, 0xce, 0xff, 0x7a, 0xce, 0xff, 0x7a, 0xce, 0xff, 0x7a, 0xce, 0xff, 0x7a, 0xce,
    0xff, 0x7a, 0xce, 0xff, 0x7a, 0xce, 0xff, 0x7a, 0xce, 0xff, 0x7a, 0xce, 0xff, 0x7a, 0xce, 0xff,
    0x7a, 0xce, 0xff, 0x7a, 0xce, 0xff, 0x7a, 0xce, 0xff, 0x7a, 0xce, 0xff, 0x7a, 0xce, 0xff, 0x7a,
    0xce, 0xff, 0x7a, 0xce, 0xff, 0x7a, 0xce, 0xff, 0x7a, 0xce, 0xff, 0x7a, 0xce, 0xff, 0x7a, 0xce,
    0xff, 0x7a, 0xce, 0xff, 0x7a, 0xce, 0xff, 0x7a, 0xc6, 0xff, 0x7e, 0xef, 0xff, 0xdf, 0xf7, 0xff,
    0xbf, 0xf7, 0xff, 0xbf, 0xf7, 0xff, 0xbf, 0xf7, 0xff, 0xbf, 0xf7, 0xff, 0xbf, 0xf7, 0xff, 0xbf,
    0xf7, 0xff, 0xbf, 0xf7, 0xff, 0xbf, 0xf7, 0xff, 0xbf, 0xf7, 0xff, 0xbf, 0xf7, 0xff, 0xbf, 0xf7,
    0xff, 0xbf, 0xf7, 0xff, 0xbf, 0xf7, 0xff, 0xbf, 0xf7, 0xff, 0xbf, 0xf7, 0xff, 0xbf, 0xf7, 0xff,
    0xbf, 0xf7, 0xff, 0xbf, 0xf7, 0xff, 0xbf, 0xf7, 0xff, 0xbf, 0xf7, 0xff, 0xbf, 0xf7, 0xff, 0xbf,
    0xf7, 0xff, 0xbf, 0xf7, 0xff, 0xbf, 0xf7, 0xff, 0xbf, 0xf7, 0xff, 0xbf, 0xf7, 0xff, 0xbf, 0xf7,
    0xff, 0xbf, 0xf7, 0xff, 0xbf, 0xf7, 0xff, 0xbf, 0xf7, 0xff, 0xbf, 0xf7, 0xff, 0xbf, 0xf7, 0xff,
    0xbf, 0xf7, 0xff, 0xbf, 0xf7, 0xff, 0xbf, 0xf7, 0xff, 0xbf, 0xf7, 0xff, 0xbf, 0xf7, 0xff, 0xbf,
    0xf7, 0xff, 0xbf, 0xf7, 0xff, 0xbf, 0xf7, 0xff, 0xbf, 0xf7, 0xff, 0xbf, 0xf7, 0xff, 0xbf, 0xf7,
    0xff, 0xbf, 0xf7, 0xff, 0xbf, 0xf7, 0xff, 0xbf, 0xf7, 0xff, 0xbf, 0xf7, 0xff, 0xbf, 0xf7, 0xff,
    0xbf, 0xf7, 0xff, 0xbf, 0xf7, 0xff, 0xbf, 0xf7, 0xff, 0xbf, 0xf7, 0xff, 0xbf, 0xf7, 0xff, 0xbf,
    0xf7, 0xff, 0xbf, 0xf7, 0xff, 0xbf, 0xf7, 0xff, 0xbf, 0xf7, 0xff, 0xbf, 0xf7, 0xff, 0xbf, 0xf7,
    0xff, 0xbf, 0xf7, 0xff, 0xbf, 0xf7, 0xff, 0xbf, 0xf7, 0xff, 0xbf, 0xf7, 0xff, 0xbf, 0xf7, 0xff,
    0xbf, 0xf7, 0xff, 0xbf, 0xf7, 0xff, 0xbf, 0xf7, 0xff, 0xbf, 0xf7, 0xff, 0xbf, 0xf7, 0xff, 0xbf,
    0xf7, 0xff, 0xbf, 0xf7, 0xff, 0xbf, 0xf7, 0xff, 0xbf, 0xf7, 0xff, 0xbf, 0xf7, 0xff, 0xbf, 0xf7,
    0xff, 0xbf, 0xf7, 0xff, 0xbf, 0xf7, 0xff, 0xbf, 0xf7, 0xff, 0xbf, 0xf7, 0xff, 0xbf, 0xf7, 0xff,
    0xbf, 0xf7, 0xff, 0xbf, 0xf7, 0xff, 0xbf, 0xf7, 0xff, 0xbf, 0xf7, 0xff, 0xbf, 0xf7, 0xff, 0xbf,
    0xf7, 0xff, 0xbf, 0xf7, 0xff, 0xbf, 0xf7, 0xff, 0xbf, 0xf7, 0xff, 0xbf, 0xf7, 0xff, 0xbf, 0xf7,
    0xff, 0xbf, 0xf7, 0xff, 0xbf, 0xf7, 0xff, 0xbf, 0xf7, 0xff, 0xbf, 0xf7, 0xff, 0xbf, 0xf7, 0xff,
    0xbf, 0xf7, 0xff, 0xbf, 0xf7, 0xff, 0xbf, 0xf7, 0xff, 0xbf, 0xf7, 0xff, 0xbf, 0xf7, 0xff, 0xbf,
    0xf7, 0xff, 0xbf, 0xf7, 0xff, 0xbf, 0xf7, 0xff, 0xbf, 0xf7, 0xff, 0xbf, 0xf7, 0xff, 0xbf, 0xf7,
    0xff, 0xbf, 0xf7, 0xff, 0xbf, 0xf7, 0xff, 0xbf, 0xf7, 0xff, 0xbf, 0xf7, 0xff, 0xbf, 0xf7, 0xff,
    0xbf, 0xf7, 0xff, 0xbf, 0xf7, 0xff, 0xbf, 0xf7, 0xff, 0xbf, 0xf7, 0xff, 0xdf, 0xf7, 0xff, 0xbf,
    0xf7, 0xff, 0x9b, 0xce, 0xff, 0x7a, 0xc6, 0xff, 0x7a, 0xce, 0xff, 0x7a, 0xce, 0xff, 0x7a, 0xce,
    0xff, 0x7a, 0xce, 0xff, 0x7a, 0xce, 0xff, 0x7a, 0xce, 0xff, 0x7a, 0xce, 0xff, 0x7a, 0xce, 0xff,
    0x7a, 0xce, 0xff, 0x7a, 0xce, 0xff, 0x7a, 0xce, 0xff, 0x7a, 0xce, 0xff, 0x7a, 0xce, 0xff, 0x7a,
    0xce, 0xff, 0x7a, 0xce, 0xff, 0x7a, 0xce, 0xff, 0x7a, 0xce, 0xff, 0x7a, 0xce, 0xff, 0x7a, 0xce,
    0xff, 0x7a, 0xce, 0xff, 0x7a, 0xce, 0xff, 0x7a, 0xce, 0xff, 0x7a, 0xce, 0xff, 0x7a, 0xce, 0xff,
    0x7a, 0xce, 0xff, 0x7a, 0xce, 0xff, 0x7a, 0xce, 0xff, 0x7a, 0xce, 0xff, 0x7a, 0xce, 0xff, 0x7a,
    0xce, 0xff, 0x7a, 0xce, 0xff, 0x7a, 0xce, 0xff, 0x7a, 0xce, 0xff, 0x7a, 0xce, 0xff, 0x7a, 0xce,
    0xff, 0x7a, 0xce, 0xff, 0x7a, 0xce, 0xff, 0x7a, 0xce, 0xff, 0x7a, 0xce, 0xff, 0x7a, 0xce, 0xff,
    0x7a, 0xce, 0xff, 0x7a, 0xce, 0xff, 0x7a, 0xce, 0xff, 0x7a, 0xce, 0xff, 0x7a, 0xce, 0xff, 0x7a,
    0xce, 0xff, 0x7a, 0xce, 0xff, 0x7a, 0xce, 0xff, 0x7a, 0xce, 0xff, 0x7a, 0xce, 0xff, 0x7a, 0xce,
    0xff, 0x7a, 0xce, 0xff, 0x7a, 0xce, 0xff, 0x7a, 0xce, 0xff, 0x7a, 0xce, 0xff, 0x7a, 0xce, 0xff,
    0x7a, 0xce, 0xff, 0x7a, 0xc6, 0xff, 0x7e, 0xef, 0xff, 0xdf, 0xf7, 0xff, 0xbf, 0xf7, 0xff, 0xbf,
    0xf7, 0xff, 0xbf, 0xf7, 0xff, 0xbf, 0xf7, 0xff, 0xbf, 0xf7, 0xff, 0xbf, 0xf7, 0xff, 0xbf, 0xf7,
    0xff, 0xbf, 0xf7, 0xff, 0xbf, 0xf7, 0xff, 0xbf, 0xf7, 0xff, 0xbf, 0xf7, 0xff, 0xbf, 0xf7, 0xff,
    0xbf, 0xf7, 0xff, 0xbf, 0xf7, 0xff, 0xbf, 0xf7, 0xff, 0xbf, 0xf7, 0xff, 0xbf, 0xf7, 0xff, 0xbf,
    0xf7, 0xff, 0xbf, 0xf7, 0xff, 0xbf, 0xf7, 0xff, 0xbf, 0xf7, 0xff, 0xbf, 0xf7, 0xff, 0xbf, 0xf7,
    0xff, 0xbf, 0xf7, 0xff, 0xbf, 0xf7, 0xff, 0xbf, 0xf7, 0xff, 0xbf, 0xf7, 0xff, 0xbf, 0xf7, 0xff,
    0xbf, 0xf7, 0xff, 0xbf, 0xf7, 0xff, 0xbf, 0xf7, 0xff, 0xbf, 0xf7, 0xff, 0xbf, 0xf7, 0xff, 0xbf,
    0xf7, 0xff, 0xbf, 0xf7, 0xff, 0xbf, 0xf7, 0xff, 0xbf, 0xf7, 0xff, 0xbf, 0xf7, 0xff, 0xbf, 0xf7,
    0xff, 0xbf, 0xf7, 0xff, 0xbf, 0xf7, 0xff, 0xbf, 0xf7, 0xff, 0xbf, 0xf7, 0xff, 0xbf, 0xf7, 0xff,
    0xbf, 0xf7, 0xff, 0xbf, 0xf7, 0xff, 0xbf, 0xf7, 0xff, 0xbf, 0xf7, 0xff, 0xbf, 0xf7, 0xff, 0xbf,
    0xf7, 0xff, 0xbf, 0xf7, 0xff, 0xbf, 0xf7, 0xff, 0xbf, 0xf7, 0xff, 0xbf, 0xf7, 0xff, 0xbf, 0xf7,
    0xff, 0xbf, 0xf7, 0xff, 0xbf, 0xf7, 0xff, 0xbf, 0xf7, 0xff, 0xbf, 0xf7, 0xff, 0xbf, 0xf7, 0xff,
    0xbf, 0xf7, 0xff, 0xbf, 0xf7, 0xff, 0xbf, 0xf7, 0xff, 0xbf, 0xf7, 0xff, 0xbf, 0xf7, 0xff, 0xbf,
    0xf7, 0xff, 0xbf, 0xf7, 0xff, 0xbf, 0xf7, 0xff, 0xbf, 0xf7, 0xff, 0xbf, 0xf7, 0xff, 0xbf, 0xf7,
    0xff, 0xbf, 0xf7, 0xff, 0xbf, 0xf7, 0xff, 0xbf, 0xf7, 0xff, 0xbf, 0xf7, 0xff, 0xbf, 0xf7, 0xff,
    0xbf, 0xf7, 0xff, 0xbf, 0xf7, 0xff, 0xbf, 0xf7, 0xff, 0xbf, 0xf7, 0xff, 0xbf, 0xf7, 0xff, 0xbf,
    0xf7, 0xff, 0xbf, 0xf7, 0xff, 0xbf, 0xf7, 0xff, 0xbf, 0xf7, 0xff, 0xbf, 0xf7, 0xff, 0xbf, 0xf7,
    0xff, 0xbf, 0xf7, 0xff, 0xbf, 0xf7, 0xff, 0xbf, 0xf7, 0xff, 0xbf, 0xf7, 0xff, 0xbf, 0xf7, 0xff,
    0xbf, 0xf7, 0xff, 0xbf, 0xf7, 0xff, 0xbf, 0xf7, 0xff, 0xbf, 0xf7, 0xff, 0xbf, 0xf7, 0xff, 0xbf,
    0xf7, 0xff, 0xbf, 0xf7, 0xff, 0xbf, 0xf7, 0xff, 0xbf, 0xf7, 0xff, 0xbf, 0xf7, 0xff, 0xbf, 0xf7,
    0xff, 0xbf, 0xf7, 0xff, 0xbf, 0xf7, 0xff, 0xbf, 0xf7, 0xff, 0xbf, 0xf7, 0xff, 0xbf, 0xf7, 0xff,
    0xbf, 0xf7, 0xff, 0xbf, 0xf7, 0xff, 0xbf, 0xf7, 0xff, 0xbf, 0xf7, 0xff, 0xbf, 0xf7, 0xff, 0xbf,
    0xf7, 0xff, 0xbf, 0xf7, 0xff, 0xbf, 0xf7, 0xff, 0xdf, 0xf7, 0xff, 0xbf, 0xf7, 0xff, 0x9b, 0xce,
    0xff, 0x7a, 0xc6, 0xff, 0x7a, 0xce, 0xff, 0x7a, 0xce, 0xff, 0x7a, 0xce, 0xff, 0x7a, 0xce, 0xff,
    0x7a, 0xce, 0xff, 0x7a, 0xce, 0xff, 0x7a, 0xce, 0xff, 0x7a, 0xce, 0xff, 0x7a, 0xce, 0xff, 0x7a,
    0xce, 0xff, 0x7a, 0xce, 0xff, 0x7a, 0xce, 0xff, 0x7a, 0xce, 0xff, 0x7a, 0xce, 0xff, 0x7a, 0xce,
    0xff, 0x7a, 0xce, 0xff, 0x7a, 0xce, 0xff, 0x7a, 0xce, 0xff, 0x7a, 0xce, 0xff, 0x7a, 0xce, 0xff,
    0x7a, 0xce, 0xff, 0x7a, 0xce, 0xff, 0x7a, 0xce, 0xff, 0x7a, 0xce, 0xff, 0x7a, 0xce, 0xff, 0x7a,
    0xce, 0xff, 0x7a, 0xce, 0xff, 0x7a, 0xce, 0xff, 0x7a, 0xce, 0xff, 0x7a, 0xce, 0xff, 0x7a, 0xce,
    0xff, 0x7a, 0xce, 0xff, 0x7a, 0xce, 0xff, 0x7a, 0xce, 0xff, 0x7a, 0xce, 0xff, 0x7a, 0xce, 0xff,
    0x7a, 0xce, 0xff, 0x7a, 0xce, 0xff, 0x7a, 0xce, 0xff, 0x7a, 0xce, 0xff, 0x7a, 0xce, 0xff, 0x7a,
    0xce, 0xff, 0x7a, 0xce, 0xff, 0x7a, 0xce, 0xff, 0x7a, 0xce, 0xff, 0x7a, 0xce, 0xff, 0x7a, 0xce,
    0xff, 0x7a, 0xce, 0xff, 0x7a, 0xce, 0xff, 0x7a, 0xce, 0xff, 0x7a, 0xce, 0xff, 0x7a, 0xce, 0xff,
    0x7a, 0xce, 0xff, 0x7a, 0xce, 0xff, 0x7a, 0xce, 0xff, 0x7a, 0xce, 0xff, 0x7a, 0xce, 0xff, 0x7a,
    0xc6, 0xff, 0x5d, 0xe7, 0xff, 0xdf, 0xf7, 0xff, 0xbf, 0xf7, 0xff, 0xbf, 0xf7, 0xff, 0xbf, 0xf7,
    0xff, 0xbf, 0xf7, 0xff, 0xbf, 0xf7, 0xff, 0xbf, 0xf7, 0xff, 0xbf, 0xf7, 0xff, 0xbf, 0xf7, 0xff,
    0xbf, 0xf7, 0xff, 0xbf, 0xf7, 0xff, 0xbf, 0xf7, 0xff, 0xbf, 0xf7, 0xff, 0xbf, 0xf7, 0xff, 0xbf,
    0xf7, 0xff, 0xbf, 0xf7, 0xff, 0xbf, 0xf7, 0xff, 0xbf, 0xf7, 0xff, 0xbf, 0xf7, 0xff, 0xbf, 0xf7,
    0xff, 0xbf, 0xf7, 0xff, 0xbf, 0xf7, 0xff, 0xbf, 0xf7, 0xff, 0xbf, 0xf7, 0xff, 0xbf, 0xf7, 0xff,
    0xbf, 0xf7, 0xff, 0xbf, 0xf7, 0xff, 0xbf, 0xf7, 0xff, 0xbf, 0xf7, 0xff, 0xbf, 0xf7, 0xff, 0xbf,
    0xf7, 0xff, 0xbf, 0xf7, 0xff, 0xbf, 0xf7, 0xff, 0xbf, 0xf7, 0xff, 0xbf, 0xf7, 0xff, 0xbf, 0xf7,
    0xff, 0xbf, 0xf7, 0xff, 0xbf, 0xf7, 0xff, 0xbf, 0xf7, 0xff, 0xbf, 0xf7, 0xff, 0xbf, 0xf7, 0xff,
    0xbf, 0xf7, 0xff, 0xbf, 0xf7, 0xff, 0xbf, 0xf7, 0xff, 0xbf, 0xf7, 0xff, 0xbf, 0xf7, 0xff, 0xbf,
    0xf7, 0xff, 0xbf, 0xf7, 0xff, 0xbf, 0xf7, 0xff, 0xbf, 0xf7, 0xff, 0xbf, 0xf7, 0xff, 0xbf, 0xf7,
    0xff, 0xbf, 0xf7, 0xff, 0xbf, 0xf7, 0xff, 0xbf, 0xf7, 0xff, 0xbf, 0xf7, 0xff, 0xbf, 0xf7, 0xff,
    0xbf, 0xf7, 0xff, 0xbf, 0xf7, 0xff, 0xbf, 0xf7, 0xff, 0xbf, 0xf7, 0xff, 0xbf, 0xf7, 0xff, 0xbf,
    0xf7, 0xff, 0xbf, 0xf7, 0xff, 0xbf, 0xf7, 0xff, 0xbf, 0xf7, 0xff, 0xbf, 0xf7, 0xff, 0xbf, 0xf7,
    0xff, 0xbf, 0xf7, 0xff, 0xbf, 0xf7, 0xff, 0xbf, 0xf7, 0xff, 0xbf, 0xf7, 0xff, 0xbf, 0xf7, 0xff,
    0xbf, 0xf7, 0xff, 0xbf, 0xf7, 0xff, 0xbf, 0xf7, 0xff, 0xbf, 0xf7, 0xff, 0xbf, 0xf7, 0xff, 0xbf,
    0xf7, 0xff, 0xbf, 0xf7, 0xff, 0xbf, 0xf7, 0xff, 0xbf, 0xf7, 0xff, 0xbf, 0xf7, 0xff, 0xbf, 0xf7,
    0xff, 0xbf, 0xf7, 0xff, 0xbf, 0xf7, 0xff, 0xbf, 0xf7, 0xff, 0xbf, 0xf7, 0xff, 0xbf, 0xf7, 0xff,
    0xbf, 0xf7, 0xff, 0xbf, 0xf7, 0xff, 0xbf, 0xf7, 0xff, 0xbf, 0xf7, 0xff, 0xbf, 0xf7, 0xff, 0xbf,
    0xf7, 0xff, 0xbf, 0xf7, 0xff, 0xbf, 0xf7, 0xff, 0xbf, 0xf7, 0xff, 0xbf, 0xf7, 0xff, 0xbf, 0xf7,
    0xff, 0xbf, 0xf7, 0xff, 0xbf, 0xf7, 0xff, 0xbf, 0xf7, 0xff, 0xbf, 0xf7, 0xff, 0xbf, 0xf7, 0xff,
    0xbf, 0xf7, 0xff, 0xbf, 0xf7, 0xff, 0xbf, 0xf7, 0xff, 0xbf, 0xf7, 0xff, 0xbf, 0xf7, 0xff, 0xbf,
    0xf7, 0xff, 0xbf, 0xf7, 0xff, 0xbf, 0xf7, 0xff, 0xbf, 0xf7, 0xff, 0xbf, 0xf7, 0xff, 0xbf, 0xf7,
    0xff, 0xbf, 0xf7, 0xff, 0xdf, 0xf7, 0xff, 0x9e, 0xf7, 0xff, 0x9a, 0xce, 0xff, 0x7a, 0xc6, 0xff,
    0x7a, 0xce, 0xff, 0x7a, 0xce, 0xff, 0x7a, 0xce, 0xff, 0x7a, 0xce, 0xff, 0x7a, 0xce, 0xff, 0x7a,
    0xce, 0xff, 0x7a, 0xce, 0xff, 0x7a, 0xce, 0xff, 0x7a, 0xce, 0xff, 0x7a, 0xce, 0xff, 0x7a, 0xce,
    0xff, 0x7a, 0xce, 0xff, 0x7a, 0xce, 0xff, 0x7a, 0xce, 0xff, 0x7a, 0xce, 0xff, 0x7a, 0xce, 0xff,
    0x7a, 0xce, 0xff, 0x7a, 0xce, 0xff, 0x7a, 0xce, 0xff, 0x7a, 0xce, 0xff, 0x7a, 0xce, 0xff, 0x7a,
    0xce, 0xff, 0x7a, 0xce, 0xff, 0x7a, 0xce, 0xff, 0x7a, 0xce, 0xff, 0x7a, 0xce, 0xff, 0x7a, 0xce,
    0xff, 0x7a, 0xce, 0xff, 0x7a, 0xce, 0xff, 0x7a, 0xce, 0xff, 0x7a, 0xce, 0xff, 0x7a, 0xce, 0xff,
    0x7a, 0xce, 0xff, 0x7a, 0xce, 0xff, 0x7a, 0xce, 0xff, 0x7a, 0xce, 0xff, 0x7a, 0xce, 0xff, 0x7a,
    0xce, 0xff, 0x7a, 0xce, 0xff, 0x7a, 0xce, 0xff, 0x7a, 0xce, 0xff, 0x7a, 0xce, 0xff, 0x7a, 0xce,
    0xff, 0x7a, 0xce, 0xff, 0x7a, 0xce, 0xff, 0x7a, 0xce, 0xff, 0x7a, 0xce, 0xff, 0x7a, 0xce, 0xff,
    0x7a, 0xce, 0xff, 0x7a, 0xce, 0xff, 0x7a, 0xce, 0xff, 0x7a, 0xce, 0xff, 0x7a, 0xce, 0xff, 0x7a,
    0xce, 0xff, 0x7a, 0xce, 0xff, 0x7a, 0xce, 0xff, 0x7a, 0xce, 0xff, 0x5a, 0xc6, 0xff, 0x1d, 0xdf,
    0xff, 0xdf, 0xff, 0xff, 0xbf, 0xf7, 0xff, 0xbf, 0xf7, 0xff, 0xbf, 0xf7, 0xff, 0xbf, 0xf7, 0xff,
    0xbf, 0xf7, 0xff, 0xbf, 0xf7, 0xff, 0xbf, 0xf7, 0xff, 0xbf, 0xf7, 0xff, 0xbf, 0xf7, 0xff, 0xbf,
    0xf7, 0xff, 0xbf, 0xf7, 0xff, 0xbf, 0xf7, 0xff, 0xbf, 0xf7, 0xff, 0xbf, 0xf7, 0xff, 0xbf, 0xf7,
    0xff, 0xbf, 0xf7, 0xff, 0xbf, 0xf7, 0xff, 0xbf, 0xf7, 0xff, 0xbf, 0xf7, 0xff, 0xbf, 0xf7, 0xff,
    0xbf, 0xf7, 0xff, 0xbf, 0xf7, 0xff, 0xbf, 0xf7, 0xff, 0xbf, 0xf7, 0xff, 0xbf, 0xf7, 0xff, 0xbf,
    0xf7, 0xff, 0xbf, 0xf7, 0xff, 0xbf, 0xf7, 0xff, 0xbf, 0xf7, 0xff, 0xbf, 0xf7, 0xff, 0xbf, 0xf7,
    0xff, 0xbf, 0xf7, 0xff, 0xbf, 0xf7, 0xff, 0xbf, 0xf7, 0xff, 0xbf, 0xf7, 0xff, 0xbf, 0xf7, 0xff,
    0xbf, 0xf7, 0xff, 0xbf, 0xf7, 0xff, 0xbf, 0xf7, 0xff, 0xbf, 0xf7, 0xff, 0xbf, 0xf7, 0xff, 0xbf,
    0xf7, 0xff, 0xbf, 0xf7, 0xff, 0xbf, 0xf7, 0xff, 0xbf, 0xf7, 0xff, 0xbf, 0xf7, 0xff, 0xbf, 0xf7,
    0xff, 0xbf, 0xf7, 0xff, 0xbf, 0xf7, 0xff, 0xbf, 0xf7, 0xff, 0xbf, 0xf7, 0xff, 0xbf, 0xf7, 0xff,
    0xbf, 0xf7, 0xff, 0xbf, 0xf7, 0xff, 0xbf, 0xf7, 0xff, 0xbf, 0xf7, 0xff, 0xbf, 0xf7, 0xff, 0xbf,
    0xf7, 0xff, 0xbf, 0xf7, 0xff, 0xbf, 0xf7, 0xff, 0xbf, 0xf7, 0xff, 0xbf, 0xf7, 0xff, 0xbf, 0xf7,
    0xff, 0xbf, 0xf7, 0xff, 0xbf, 0xf7, 0xff, 0xbf, 0xf7, 0xff, 0xbf, 0xf7, 0xff, 0xbf, 0xf7, 0xff,
    0xbf, 0xf7, 0xff, 0xbf, 0xf7, 0xff, 0xbf, 0xf7, 0xff, 0xbf, 0xf7, 0xff, 0xbf, 0xf7, 0xff, 0xbf,
    0xf7, 0xff, 0xbf, 0xf7, 0xff, 0xbf, 0xf7, 0xff, 0xbf, 0xf7, 0xff, 0xbf, 0xf7, 0xff, 0xbf, 0xf7,
    0xff, 0xbf, 0xf7, 0xff, 0xbf, 0xf7, 0xff, 0xbf, 0xf7, 0xff, 0xbf, 0xf7, 0xff, 0xbf, 0xf7, 0xff,
    0xbf, 0xf7, 0xff, 0xbf, 0xf7, 0xff, 0xbf, 0xf7, 0xff, 0xbf, 0xf7, 0xff, 0xbf, 0xf7, 0xff, 0xbf,
    0xf7, 0xff, 0xbf, 0xf7, 0xff, 0xbf, 0xf7, 0xff, 0xbf, 0xf7, 0xff, 0xbf, 0xf7, 0xff, 0xbf, 0xf7,
    0xff, 0xbf, 0xf7, 0xff, 0xbf, 0xf7, 0xff, 0xbf, 0xf7, 0xff, 0xbf, 0xf7, 0xff, 0xbf, 0xf7, 0xff,
    0xbf, 0xf7, 0xff, 0xbf, 0xf7, 0xff, 0xbf, 0xf7, 0xff, 0xbf, 0xf7, 0xff, 0xbf, 0xf7, 0xff, 0xbf,
    0xf7, 0xff, 0xbf, 0xf7, 0xff, 0xbf, 0xf7, 0xff, 0xbf, 0xf7, 0xff, 0xbf, 0xf7, 0xff, 0xbf, 0xf7,
    0xff, 0xbf, 0xf7, 0xff, 0xbf, 0xf7, 0xff, 0xbf, 0xf7, 0xff, 0xbf, 0xf7, 0xff, 0xbf, 0xf7, 0xff,
    0xdf, 0xf7, 0xff, 0x7e, 0xef, 0xff, 0x7a, 0xc6, 0xff, 0x7a, 0xce, 0xff, 0x7a, 0xce, 0xff, 0x7a,
    0xce, 0xff, 0x7a, 0xce, 0xff, 0x7a, 0xce, 0xff, 0x7a, 0xce, 0xff, 0x7a, 0xce, 0xff, 0x7a, 0xce,
    0xff, 0x7a, 0xce, 0xff, 0x7a, 0xce, 0xff, 0x7a, 0xce, 0xff, 0x7a, 0xce, 0xff, 0x7a, 0xce, 0xff,
    0x7a, 0xce, 0xff, 0x7a, 0xce, 0xff, 0x7a, 0xce, 0xff, 0x7a, 0xce, 0xff, 0x7a, 0xce, 0xff, 0x7a,
    0xce, 0xff, 0x7a, 0xce, 0xff, 0x7a, 0xce, 0xff, 0x7a, 0xce, 0xff, 0x7a, 0xce, 0xff, 0x7a, 0xce,
    0xff, 0x7a, 0xce, 0xff, 0x7a, 0xce, 0xff, 0x7a, 0xce, 0xff, 0x7a, 0xce, 0xff, 0x7a, 0xce, 0xff,
    0x7a, 0xce, 0xff, 0x7a, 0xce, 0xff, 0x7a, 0xce, 0xff, 0x7a, 0xce, 0xff, 0x7a, 0xce, 0xff, 0x7a,
    0xce, 0xff, 0x7a, 0xce, 0xff, 0x7a, 0xce, 0xff, 0x7a, 0xce, 0xff, 0x7a, 0xce, 0xff, 0x7a, 0xce,
    0xff, 0x7a, 0xce, 0xff, 0x7a, 0xce, 0xff, 0x7a, 0xce, 0xff, 0x7a, 0xce, 0xff, 0x7a, 0xce, 0xff,
    0x7a, 0xce, 0xff, 0x7a, 0xce, 0xff, 0x7a, 0xce, 0xff, 0x7a, 0xce, 0xff, 0x7a, 0xce, 0xff, 0x7a,
    0xce, 0xff, 0x7a, 0xce, 0xff, 0x7a, 0xce, 0xff, 0x7a, 0xce, 0xff, 0x7a, 0xce, 0xff, 0x7a, 0xce,
    0xff, 0x7a, 0xce, 0xff, 0x7a, 0xce, 0xff, 0x5a, 0xc6, 0xff, 0x1c, 0xdf, 0xff, 0xdf, 0xff, 0xff,
    0xbf, 0xf7, 0xff, 0xbf, 0xf7, 0xff, 0xbf, 0xf7, 0xff, 0xbf, 0xf7, 0xff, 0xbf, 0xf7, 0xff, 0xbf,
    0xf7, 0xff, 0xbf, 0xf7, 0xff, 0xbf, 0xf7, 0xff, 0xbf, 0xf7, 0xff, 0xbf, 0xf7, 0xff, 0xbf, 0xf7,
    0xff, 0xbf, 0xf7, 0xff, 0xbf, 0xf7, 0xff, 0xbf, 0xf7, 0xff, 0xbf, 0xf7, 0xff, 0xbf, 0xf7, 0xff,
    0xbf, 0xf7, 0xff, 0xbf, 0xf7, 0xff, 0xbf, 0xf7, 0xff, 0xbf, 0xf7, 0xff, 0xbf, 0xf7, 0xff, 0xbf,
    0xf7, 0xff, 0xbf, 0xf7, 0xff, 0xbf, 0xf7, 0xff, 0xbf, 0xf7, 0xff, 0xbf, 0xf7, 0xff, 0xbf, 0xf7,
    0xff, 0xbf, 0xf7, 0xff, 0xbf, 0xf7, 0xff, 0xbf, 0xf7, 0xff, 0xbf, 0xf7, 0xff, 0xbf, 0xf7, 0xff,
    0xbf, 0xf7, 0xff, 0xbf, 0xf7, 0xff, 0xbf, 0xf7, 0xff, 0xbf, 0xf7, 0xff, 0xbf, 0xf7, 0xff, 0xbf,
    0xf7, 0xff, 0xbf, 0xf7, 0xff, 0xbf, 0xf7, 0xff, 0xbf, 0xf7, 0xff, 0xbf, 0xf7, 0xff, 0xbf, 0xf7,
    0xff, 0xbf, 0xf7, 0xff, 0xbf, 0xf7, 0xff, 0xbf, 0xf7, 0xff, 0xbf, 0xf7, 0xff, 0xbf, 0xf7, 0xff,
    0xbf, 0xf7, 0xff, 0xbf, 0xf7, 0xff, 0xbf, 0xf7, 0xff, 0xbf, 0xf7, 0xff, 0xbf, 0xf7, 0xff, 0xbf,
    0xf7, 0xff, 0xbf, 0xf7, 0xff, 0xbf, 0xf7, 0xff, 0xbf, 0xf7, 0xff, 0xbf, 0xf7, 0xff, 0xbf, 0xf7,
    0xff, 0xbf, 0xf7, 0xff, 0xbf, 0xf7, 0xff, 0xbf, 0xf7, 0xff, 0xbf, 0xf7, 0xff, 0xbf, 0xf7, 0xff,
    0xbf, 0xf7, 0xff, 0xbf, 0xf7, 0xff, 0xbf, 0xf7, 0xff, 0xbf, 0xf7, 0xff, 0xbf, 0xf7, 0xff, 0xbf,
    0xf7, 0xff, 0xbf, 0xf7, 0xff, 0xbf, 0xf7, 0xff, 0xbf, 0xf7, 0xff, 0xbf, 0xf7, 0xff, 0xbf, 0xf7,
    0xff, 0xbf, 0xf7, 0xff, 0xbf, 0xf7, 0xff, 0xbf, 0xf7, 0xff, 0xbf, 0xf7, 0xff, 0xbf, 0xf7, 0xff,
    0xbf, 0xf7, 0xff, 0xbf, 0xf7, 0xff, 0xbf, 0xf7, 0xff, 0xbf, 0xf7, 0xff, 0xbf, 0xf7, 0xff, 0xbf,
    0xf7, 0xff, 0xbf, 0xf7, 0xff, 0xbf, 0xf7, 0xff, 0xbf, 0xf7, 0xff, 0xbf, 0xf7, 0xff, 0xbf, 0xf7,
    0xff, 0xbf, 0xf7, 0xff, 0xbf, 0xf7, 0xff, 0xbf, 0xf7, 0xff, 0xbf, 0xf7, 0xff, 0xbf, 0xf7, 0xff,
    0xbf, 0xf7, 0xff, 0xbf, 0xf7, 0xff, 0xbf, 0xf7, 0xff, 0xbf, 0xf7, 0xff, 0xbf, 0xf7, 0xff, 0xbf,
    0xf7, 0xff, 0xbf, 0xf7, 0xff, 0xbf, 0xf7, 0xff, 0xbf, 0xf7, 0xff, 0xbf, 0xf7, 0xff, 0xbf, 0xf7,
    0xff, 0xbf, 0xf7, 0xff, 0xbf, 0xf7, 0xff, 0xbf, 0xf7, 0xff, 0xbf, 0xf7, 0xff, 0xbf, 0xf7, 0xff,
    0xbf, 0xf7, 0xff, 0xbf, 0xf7, 0xff, 0xbf, 0xf7, 0xff, 0xbf, 0xf7, 0xff, 0xdf, 0xf7, 0xff, 0x5d,
    0xe7, 0xff, 0x7a, 0xc6, 0xff, 0x7a, 0xce, 0xff, 0x7a, 0xce, 0xff, 0x7a, 0xce, 0xff, 0x7a, 0xce,
    0xff, 0x7a, 0xce, 0xff, 0x7a, 0xce, 0xff, 0x7a, 0xce, 0xff, 0x7a, 0xce, 0xff, 0x7a, 0xce, 0xff,
    0x7a, 0xce, 0xff, 0x7a, 0xce, 0xff, 0x7a, 0xce, 0xff, 0x7a, 0xce, 0xff, 0x7a, 0xce, 0xff, 0x7a,
    0xce, 0xff, 0x7a, 0xce, 0xff, 0x7a, 0xce, 0xff, 0x7a, 0xce, 0xff, 0x7a, 0xce, 0xff, 0x7a, 0xce,
    0xff, 0x7a, 0xce, 0xff, 0x7a, 0xce, 0xff, 0x7a, 0xce, 0xff, 0x7a, 0xce, 0xff, 0x7a, 0xce, 0xff,
    0x7a, 0xce, 0xff, 0x7a, 0xce, 0xff, 0x7a, 0xce, 0xff, 0x7a, 0xce, 0xff, 0x7a, 0xce, 0xff, 0x7a,
    0xce, 0xff, 0x7a, 0xce, 0xff, 0x7a, 0xce, 0xff, 0x7a, 0xce, 0xff, 0x7a, 0xce, 0xff, 0x7a, 0xce,
    0xff, 0x7a, 0xce, 0xff, 0x7a, 0xce, 0xff, 0x7a, 0xce, 0xff, 0x7a, 0xce, 0xff, 0x7a, 0xce, 0xff,
    0x7a, 0xce, 0xff, 0x7a, 0xce, 0xff, 0x7a, 0xce, 0xff, 0x7a, 0xce, 0xff, 0x7a, 0xce, 0xff, 0x7a,
    0xce, 0xff, 0x7a, 0xce, 0xff, 0x7a, 0xce, 0xff, 0x7a, 0xce, 0xff, 0x7a, 0xce, 0xff, 0x7a, 0xce,
    0xff, 0x7a, 0xce, 0xff, 0x7a, 0xce, 0xff, 0x7a, 0xce, 0xff, 0x7a, 0xce, 0xff, 0x7a, 0xce, 0xff,
    0x7a, 0xce, 0xff, 0x7a, 0xc6, 0xff, 0xdb, 0xd6, 0xff, 0xdf, 0xf7, 0xff, 0xbf, 0xf7, 0xff, 0xbf,
    0xf7, 0xff, 0xbf, 0xf7, 0xff, 0xbf, 0xf7, 0xff, 0xbf, 0xf7, 0xff, 0xbf, 0xf7, 0xff, 0xbf, 0xf7,
    0xff, 0xbf, 0xf7, 0xff, 0xbf, 0xf7, 0xff, 0xbf, 0xf7, 0xff, 0xbf, 0xf7, 0xff, 0xbf, 0xf7, 0xff,
    0xbf, 0xf7, 0xff, 0xbf, 0xf7, 0xff, 0xbf, 0xf7, 0xff, 0xbf, 0xf7, 0xff, 0xbf, 0xf7, 0xff, 0xbf,
    0xf7, 0xff, 0xbf, 0xf7, 0xff, 0xbf, 0xf7, 0xff, 0xbf, 0xf7, 0xff, 0xbf, 0xf7, 0xff, 0xbf, 0xf7,
    0xff, 0xbf, 0xf7, 0xff, 0xbf, 0xf7, 0xff, 0xbf, 0xf7, 0xff, 0xbf, 0xf7, 0xff, 0xbf, 0xf7, 0xff,
    0xbf, 0xf7, 0xff, 0xbf, 0xf7, 0xff, 0xbf, 0xf7, 0xff, 0xbf, 0xf7, 0xff, 0xbf, 0xf7, 0xff, 0xbf,
    0xf7, 0xff, 0xbf, 0xf7, 0xff, 0xbf, 0xf7, 0xff, 0xbf, 0xf7, 0xff, 0xbf, 0xf7, 0xff, 0xbf, 0xf7,
    0xff, 0xbf, 0xf7, 0xff, 0xbf, 0xf7, 0xff, 0xbf, 0xf7, 0xff, 0xbf, 0xf7, 0xff, 0xbf, 0xf7, 0xff,
    0xbf, 0xf7, 0xff, 0xbf, 0xf7, 0xff, 0xbf, 0xf7, 0xff, 0xbf, 0xf7, 0xff, 0xbf, 0xf7, 0xff, 0xbf,
    0xf7, 0xff, 0xbf, 0xf7, 0xff, 0xbf, 0xf7, 0xff, 0xbf, 0xf7, 0xff, 0xbf, 0xf7, 0xff, 0xbf, 0xf7,
    0xff, 0xbf, 0xf7, 0xff, 0xbf, 0xf7, 0xff, 0xbf, 0xf7, 0xff, 0xbf, 0xf7, 0xff, 0xbf, 0xf7, 0xff,
    0xbf, 0xf7, 0xff, 0xbf, 0xf7, 0xff, 0xbf, 0xf7, 0xff, 0xbf, 0xf7, 0xff, 0xbf, 0xf7, 0xff, 0xbf,
    0xf7, 0xff, 0xbf, 0xf7, 0xff, 0xbf, 0xf7, 0xff, 0xbf, 0xf7, 0xff, 0xbf, 0xf7, 0xff, 0xbf, 0xf7,
    0xff, 0xbf, 0xf7, 0xff, 0xbf, 0xf7, 0xff, 0xbf, 0xf7, 0xff, 0xbf, 0xf7, 0xff, 0xbf, 0xf7, 0xff,
    0xbf, 0xf7, 0xff, 0xbf, 0xf7, 0xff, 0xbf, 0xf7, 0xff, 0xbf, 0xf7, 0xff, 0xbf, 0xf7, 0xff, 0xbf,
    0xf7, 0xff, 0xbf, 0xf7, 0xff, 0xbf, 0xf7, 0xff, 0xbf, 0xf7, 0xff, 0xbf, 0xf7, 0xff, 0xbf, 0xf7,
    0xff, 0xbf, 0xf7, 0xff, 0xbf, 0xf7, 0xff, 0xbf, 0xf7, 0xff, 0xbf, 0xf7, 0xff, 0xbf, 0xf7, 0xff,
    0xbf, 0xf7, 0xff, 0xbf, 0xf7, 0xff, 0xbf, 0xf7, 0xff, 0xbf, 0xf7, 0xff, 0xbf, 0xf7, 0xff, 0xbf,
    0xf7, 0xff, 0xbf, 0xf7, 0xff, 0xbf, 0xf7, 0xff, 0xbf, 0xf7, 0xff, 0xbf, 0xf7, 0xff, 0xbf, 0xf7,
    0xff, 0xbf, 0xf7, 0xff, 0xbf, 0xf7, 0xff, 0xbf, 0xf7, 0xff, 0xbf, 0xf7, 0xff, 0xbf, 0xf7, 0xff,
    0xbf, 0xf7, 0xff, 0xbf, 0xf7, 0xff, 0xbf, 0xf7, 0xff, 0xbf, 0xf7, 0xff, 0xbf, 0xf7, 0xff, 0xbf,
    0xf7, 0xff, 0xbf, 0xf7, 0xff, 0xbf, 0xf7, 0xff, 0xdf, 0xff, 0xff, 0x1d, 0xdf, 0xff, 0x5a, 0xc6,
    0xff, 0x7a, 0xce, 0xff, 0x7a, 0xce, 0xff, 0x7a, 0xce, 0xff, 0x7a, 0xce, 0xff, 0x7a, 0xce, 0xff,
    0x7a, 0xce, 0xff, 0x7a, 0xce, 0xff, 0x7a, 0xce, 0xff, 0x7a, 0xce, 0xff, 0x7a, 0xce, 0xff, 0x7a,
    0xce, 0xff, 0x7a, 0xce, 0xff, 0x7a, 0xce, 0xff, 0x7a, 0xce, 0xff, 0x7a, 0xce, 0xff, 0x7a, 0xce,
    0xff, 0x7a, 0xce, 0xff, 0x7a, 0xce, 0xff, 0x7a, 0xce, 0xff, 0x7a, 0xce, 0xff, 0x7a, 0xce, 0xff,
    0x7a, 0xce, 0xff, 0x7a, 0xce, 0xff, 0x7a, 0xce, 0xff, 0x7a, 0xce, 0xff, 0x7a, 0xce, 0xff, 0x7a,
    0xce, 0xff, 0x7a, 0xce, 0xff, 0x7a, 0xce, 0xff, 0x7a, 0xce, 0xff, 0x7a, 0xce, 0xff, 0x7a, 0xce,
    0xff, 0x7a, 0xce, 0xff, 0x7a, 0xce, 0xff, 0x7a, 0xce, 0xff, 0x7a, 0xce, 0xff, 0x7a, 0xce, 0xff,
    0x7a, 0xce, 0xff, 0x7a, 0xce, 0xff, 0x7a, 0xce, 0xff, 0x7a, 0xce, 0xff, 0x7a, 0xce, 0xff, 0x7a,
    0xce, 0xff, 0x7a, 0xce, 0xff, 0x7a, 0xce, 0xff, 0x7a, 0xce, 0xff, 0x7a, 0xce, 0xff, 0x7a, 0xce,
    0xff, 0x7a, 0xce, 0xff, 0x7a, 0xce, 0xff, 0x7a, 0xce, 0xff, 0x7a, 0xce, 0xff, 0x7a, 0xce, 0xff,
    0x7a, 0xce, 0xff, 0x7a, 0xce, 0xff, 0x7a, 0xce, 0xff, 0x7a, 0xce, 0xff, 0x7a, 0xce, 0xff, 0x7a,
    0xc6, 0xff, 0x9b, 0xce, 0xff, 0xbf, 0xf7, 0xff, 0xdf, 0xf7, 0xff, 0xbf, 0xf7, 0xff, 0xbf, 0xf7,
    0xff, 0xbf, 0xf7, 0xff, 0xbf, 0xf7, 0xff, 0xbf, 0xf7, 0xff, 0xbf, 0xf7, 0xff, 0xbf, 0xf7, 0xff,
    0xbf, 0xf7, 0xff, 0xbf, 0xf7, 0xff, 0xbf, 0xf7, 0xff, 0xbf, 0xf7, 0xff, 0xbf, 0xf7, 0xff, 0xbf,
    0xf7, 0xff, 0xbf, 0xf7, 0xff, 0xbf, 0xf7, 0xff, 0xbf, 0xf7, 0xff, 0xbf, 0xf7, 0xff, 0xbf, 0xf7,
    0xff, 0xbf, 0xf7, 0xff, 0xbf, 0xf7, 0xff, 0xbf, 0xf7, 0xff, 0xbf, 0xf7, 0xff, 0xbf, 0xf7, 0xff,
    0xbf, 0xf7, 0xff, 0xbf, 0xf7, 0xff, 0xbf, 0xf7, 0xff, 0xbf, 0xf7, 0xff, 0xbf, 0xf7, 0xff, 0xbf,
    0xf7, 0xff, 0xbf, 0xf7, 0xff, 0xbf, 0xf7, 0xff, 0xbf, 0xf7, 0xff, 0xbf, 0xf7, 0xff, 0xbf, 0xf7,
    0xff, 0xbf, 0xf7, 0xff, 0xbf, 0xf7, 0xff, 0xbf, 0xf7, 0xff, 0xbf, 0xf7, 0xff, 0xbf, 0xf7, 0xff,
    0xbf, 0xf7, 0xff, 0xbf, 0xf7, 0xff, 0xbf, 0xf7, 0xff, 0xbf, 0xf7, 0xff, 0xbf, 0xf7, 0xff, 0xbf,
    0xf7, 0xff, 0xbf, 0xf7, 0xff, 0xbf, 0xf7, 0xff, 0xbf, 0xf7, 0xff, 0xbf, 0xf7, 0xff, 0xbf, 0xf7,
    0xff, 0xbf, 0xf7, 0xff, 0xbf, 0xf7, 0xff, 0xbf, 0xf7, 0xff, 0xbf, 0xf7, 0xff, 0xbf, 0xf7, 0xff,
    0xbf, 0xf7, 0xff, 0xbf, 0xf7, 0xff, 0xbf, 0xf7, 0xff, 0xbf, 0xf7, 0xff, 0xbf, 0xf7, 0xff, 0xbf,
    0xf7, 0xff, 0xbf, 0xf7, 0xff, 0xbf, 0xf7, 0xff, 0xbf, 0xf7, 0xff, 0xbf, 0xf7, 0xff, 0xbf, 0xf7,
    0xff, 0xbf, 0xf7, 0xff, 0xbf, 0xf7, 0xff, 0xbf, 0xf7, 0xff, 0xbf, 0xf7, 0xff, 0xbf, 0xf7, 0xff,
    0xbf, 0xf7, 0xff, 0xbf, 0xf7, 0xff, 0xbf, 0xf7, 0xff, 0xbf, 0xf7, 0xff, 0xbf, 0xf7, 0xff, 0xbf,
    0xf7, 0xff, 0xbf, 0xf7, 0xff, 0xbf, 0xf7, 0xff, 0xbf, 0xf7, 0xff, 0xbf, 0xf7, 0xff, 0xbf, 0xf7,
    0xff, 0xbf, 0xf7, 0xff, 0xbf, 0xf7, 0xff, 0xbf, 0xf7, 0xff, 0xbf, 0xf7, 0xff, 0xbf, 0xf7, 0xff,
    0xbf, 0xf7, 0xff, 0xbf, 0xf7, 0xff, 0xbf, 0xf7, 0xff, 0xbf, 0xf7, 0xff, 0xbf, 0xf7, 0xff, 0xbf,
    0xf7, 0xff, 0xbf, 0xf7, 0xff, 0xbf, 0xf7, 0xff, 0xbf, 0xf7, 0xff, 0xbf, 0xf7, 0xff, 0xbf, 0xf7,
    0xff, 0xbf, 0xf7, 0xff, 0xbf, 0xf7, 0xff, 0xbf, 0xf7, 0xff, 0xbf, 0xf7, 0xff, 0xbf, 0xf7, 0xff,
    0xbf, 0xf7, 0xff, 0xbf, 0xf7, 0xff, 0xbf, 0xf7, 0xff, 0xbf, 0xf7, 0xff, 0xbf, 0xf7, 0xff, 0xbf,
    0xf7, 0xff, 0xbf, 0xf7, 0xff, 0xbf, 0xf7, 0xff, 0xbf, 0xf7, 0xff, 0xbf, 0xf7, 0xff, 0xbf, 0xf7,
    0xff, 0xbf, 0xf7, 0xff, 0xdf, 0xf7, 0xff, 0xfc, 0xd6, 0xff, 0x7a, 0xc6, 0xff, 0x7a, 0xce, 0xff,
    0x7a, 0xce, 0xff, 0x7a, 0xce, 0xff, 0x7a, 0xce, 0xff, 0x7a, 0xce, 0xff, 0x7a, 0xce, 0xff, 0x7a,
    0xce, 0xff, 0x7a, 0xce, 0xff, 0x7a, 0xce, 0xff, 0x7a, 0xce, 0xff, 0x7a, 0xce, 0xff, 0x7a, 0xce,
    0xff, 0x7a, 0xce, 0xff, 0x7a, 0xce, 0xff, 0x7a, 0xce, 0xff, 0x7a, 0xce, 0xff, 0x7a, 0xce, 0xff,
    0x7a, 0xce, 0xff, 0x7a, 0xce, 0xff, 0x7a, 0xce, 0xff, 0x7a, 0xce, 0xff, 0x7a, 0xce, 0xff, 0x7a,
    0xce, 0xff, 0x7a, 0xce, 0xff, 0x7a, 0xce, 0xff, 0x7a, 0xce, 0xff, 0x7a, 0xce, 0xff, 0x7a, 0xce,
    0xff, 0x7a, 0xce, 0xff, 0x7a, 0xce, 0xff, 0x7a, 0xce, 0xff, 0x7a, 0xce, 0xff, 0x7a, 0xce, 0xff,
    0x7a, 0xce, 0xff, 0x7a, 0xce, 0xff, 0x7a, 0xce, 0xff, 0x7a, 0xce, 0xff, 0x7a, 0xce, 0xff, 0x7a,
    0xce, 0xff, 0x7a, 0xce, 0xff, 0x7a, 0xce, 0xff, 0x7a, 0xce, 0xff, 0x7a, 0xce, 0xff, 0x7a, 0xce,
    0xff, 0x7a, 0xce, 0xff, 0x7a, 0xce, 0xff, 0x7a, 0xce, 0xff, 0x7a, 0xce, 0xff, 0x7a, 0xce, 0xff,
    0x7a, 0xce, 0xff, 0x7a, 0xce, 0xff, 0x7a, 0xce, 0xff, 0x7a, 0xce, 0xff, 0x7a, 0xce, 0xff, 0x7a,
    0xce, 0xff, 0x7a, 0xce, 0xff, 0x7a, 0xce, 0xff, 0x7a, 0xce, 0xff, 0x7a, 0xc6, 0xff, 0x7a, 0xce,
    0xff, 0x9e, 0xf7, 0xff, 0xdf, 0xf7, 0xff, 0xbf, 0xf7, 0xff, 0xbf, 0xf7, 0xff, 0xbf, 0xf7, 0xff,
    0xbf, 0xf7, 0xff, 0xbf, 0xf7, 0xff, 0xbf, 0xf7, 0xff, 0xbf, 0xf7, 0xff, 0xbf, 0xf7, 0xff, 0xbf,
    0xf7, 0xff, 0xbf, 0xf7, 0xff, 0xbf, 0xf7, 0xff, 0xbf, 0xf7, 0xff, 0xbf, 0xf7, 0xff, 0xbf, 0xf7,
    0xff, 0xbf, 0xf7, 0xff, 0xbf, 0xf7, 0xff, 0xbf, 0xf7, 0xff, 0xbf, 0xf7, 0xff, 0xbf, 0xf7, 0xff,
    0xbf, 0xf7, 0xff, 0xbf, 0xf7, 0xff, 0xbf, 0xf7, 0xff, 0xbf, 0xf7, 0xff, 0xbf, 0xf7, 0xff, 0xbf,
    0xf7, 0xff, 0xbf, 0xf7, 0xff, 0xbf, 0xf7, 0xff, 0xbf, 0xf7, 0xff, 0xbf, 0xf7, 0xff, 0xbf, 0xf7,
    0xff, 0xbf, 0xf7, 0xff, 0xbf, 0xf7, 0xff, 0xbf, 0xf7, 0xff, 0xbf, 0xf7, 0xff, 0xbf, 0xf7, 0xff,
    0xbf, 0xf7, 0xff, 0xbf, 0xf7, 0xff, 0xbf, 0xf7, 0xff, 0xbf, 0xf7, 0xff, 0xbf, 0xf7, 0xff, 0xbf,
    0xf7, 0xff, 0xbf, 0xf7, 0xff, 0xbf, 0xf7, 0xff, 0xbf, 0xf7, 0xff, 0xbf, 0xf7, 0xff, 0xbf, 0xf7,
    0xff, 0xbf, 0xf7, 0xff, 0xbf, 0xf7, 0xff, 0xbf, 0xf7, 0xff, 0xbf, 0xf7, 0xff, 0xbf, 0xf7, 0xff,
    0xbf, 0xf7, 0xff, 0xbf, 0xf7, 0xff, 0xbf, 0xf7, 0xff, 0xbf, 0xf7, 0xff, 0xbf, 0xf7, 0xff, 0xbf,
    0xf7, 0xff, 0xbf, 0xf7, 0xff, 0xbf, 0xf7, 0xff, 0xbf, 0xf7, 0xff, 0xbf, 0xf7, 0xff, 0xbf, 0xf7,
    0xff, 0xbf, 0xf7, 0xff, 0xbf, 0xf7, 0xff, 0xbf, 0xf7, 0xff, 0xbf, 0xf7, 0xff, 0xbf, 0xf7, 0xff,
    0xbf, 0xf7, 0xff, 0xbf, 0xf7, 0xff, 0xbf, 0xf7, 0xff, 0xbf, 0xf7, 0xff, 0xbf, 0xf7, 0xff, 0xbf,
    0xf7, 0xff, 0xbf, 0xf7, 0xff, 0xbf, 0xf7, 0xff, 0xbf, 0xf7, 0xff, 0xbf, 0xf7, 0xff, 0xbf, 0xf7,
    0xff, 0xbf, 0xf7, 0xff, 0xbf, 0xf7, 0xff, 0xbf, 0xf7, 0xff, 0xbf, 0xf7, 0xff, 0xbf, 0xf7, 0xff,
    0xbf, 0xf7, 0xff, 0xbf, 0xf7, 0xff, 0xbf, 0xf7, 0xff, 0xbf, 0xf7, 0xff, 0xbf, 0xf7, 0xff, 0xbf,
    0xf7, 0xff, 0xbf, 0xf7, 0xff, 0xbf, 0xf7, 0xff, 0xbf, 0xf7, 0xff, 0xbf, 0xf7, 0xff, 0xbf, 0xf7,
    0xff, 0xbf, 0xf7, 0xff, 0xbf, 0xf7, 0xff, 0xbf, 0xf7, 0xff, 0xbf, 0xf7, 0xff, 0xbf, 0xf7, 0xff,
    0xbf, 0xf7, 0xff, 0xbf, 0xf7, 0xff, 0xbf, 0xf7, 0xff, 0xbf, 0xf7, 0xff, 0xbf, 0xf7, 0xff, 0xbf,
    0xf7, 0xff, 0xbf, 0xf7, 0xff, 0xbf, 0xf7, 0xff, 0xbf, 0xf7, 0xff, 0xbf, 0xf7, 0xff, 0xbf, 0xf7,
    0xff, 0xbf, 0xf7, 0xff, 0xbf, 0xf7, 0xff, 0xbf, 0xf7, 0xff, 0xbf, 0xf7, 0xff, 0xbf, 0xf7, 0xff,
    0xdf, 0xf7, 0xff, 0xbb, 0xd6, 0xff, 0x7a, 0xc6, 0xff, 0x7a, 0xce, 0xff, 0x7a, 0xce, 0xff, 0x7a,
    0xce, 0xff, 0x7a, 0xce, 0xff, 0x7a, 0xce, 0xff, 0x7a, 0xce, 0xff, 0x7a, 0xce, 0xff, 0x7a, 0xce,
    0xff, 0x7a, 0xce, 0xff, 0x7a, 0xce, 0xff, 0x7a, 0xce, 0xff, 0x7a, 0xce, 0xff, 0x7a, 0xce, 0xff,
    0x7a, 0xce, 0xff, 0x7a, 0xce, 0xff, 0x7a, 0xce, 0xff, 0x7a, 0xce, 0xff, 0x7a, 0xce, 0xff, 0x7a,
    0xce, 0xff, 0x7a, 0xce, 0xff, 0x7a, 0xce, 0xff, 0x7a, 0xce, 0xff, 0x7a, 0xce, 0xff, 0x7a, 0xce,
    0xff, 0x7a, 0xce, 0xff, 0x7a, 0xce, 0xff, 0x7a, 0xce, 0xff, 0x7a, 0xce, 0xff, 0x7a, 0xce, 0xff,
    0x7a, 0xce, 0xff, 0x7a, 0xce, 0xff, 0x7a, 0xce, 0xff, 0x7a, 0xce, 0xff, 0x7a, 0xce, 0xff, 0x7a,
    0xce, 0xff, 0x7a, 0xce, 0xff, 0x7a, 0xce, 0xff, 0x7a, 0xce, 0xff, 0x7a, 0xce, 0xff, 0x7a, 0xce,
    0xff, 0x7a, 0xce, 0xff, 0x7a, 0xce, 0xff, 0x7a, 0xce, 0xff, 0x7a, 0xce, 0xff, 0x7a, 0xce, 0xff,
    0x7a, 0xce, 0xff, 0x7a, 0xce, 0xff, 0x7a, 0xce, 0xff, 0x7a, 0xce, 0xff, 0x7a, 0xce, 0xff, 0x7a,
    0xce, 0xff, 0x7a, 0xce, 0xff, 0x7a, 0xce, 0xff, 0x7a, 0xce, 0xff, 0x7a, 0xce, 0xff, 0x7a, 0xce,
    0xff, 0x7a, 0xce, 0xff, 0x7a, 0xce, 0xff, 0x7a, 0xce, 0xff, 0x7a, 0xc6, 0xff, 0x5e, 0xef, 0xff,
    0xdf, 0xf7, 0xff, 0xbf, 0xf7, 0xff, 0xbf, 0xf7, 0xff, 0xbf, 0xf7, 0xff, 0xbf, 0xf7, 0xff, 0xbf,
    0xf7, 0xff, 0xbf, 0xf7, 0xff, 0xbf, 0xf7, 0xff, 0xbf, 0xf7, 0xff, 0xbf, 0xf7, 0xff, 0xbf, 0xf7,
    0xff, 0xbf, 0xf7, 0xff, 0xbf, 0xf7, 0xff, 0xbf, 0xf7, 0xff, 0xbf, 0xf7, 0xff, 0xbf, 0xf7, 0xff,
    0xbf, 0xf7, 0xff, 0xbf, 0xf7, 0xff, 0xbf, 0xf7, 0xff, 0xbf, 0xf7, 0xff, 0xbf, 0xf7, 0xff, 0xbf,
    0xf7, 0xff, 0xbf, 0xf7, 0xff, 0xbf, 0xf7, 0xff, 0xbf, 0xf7, 0xff, 0xbf, 0xf7, 0xff, 0xbf, 0xf7,
    0xff, 0xbf, 0xf7, 0xff, 0xbf, 0xf7, 0xff, 0xbf, 0xf7, 0xff, 0xbf, 0xf7, 0xff, 0xbf, 0xf7, 0xff,
    0xbf, 0xf7, 0xff, 0xbf, 0xf7, 0xff, 0xbf, 0xf7, 0xff, 0xbf, 0xf7, 0xff, 0xbf, 0xf7, 0xff, 0xbf,
    0xf7, 0xff, 0xbf, 0xf7, 0xff, 0xbf, 0xf7, 0xff, 0xbf, 0xf7, 0xff, 0xbf, 0xf7, 0xff, 0xbf, 0xf7,
    0xff, 0xbf, 0xf7, 0xff, 0xbf, 0xf7, 0xff, 0xbf, 0xf7, 0xff, 0xbf, 0xf7, 0xff, 0xbf, 0xf7, 0xff,
    0xbf, 0xf7, 0xff, 0xbf, 0xf7, 0xff, 0xbf, 0xf7, 0xff, 0xbf, 0xf7, 0xff, 0xbf, 0xf7, 0xff, 0xbf,
    0xf7, 0xff, 0xbf, 0xf7, 0xff, 0xbf, 0xf7, 0xff, 0xbf, 0xf7, 0xff, 0xbf, 0xf7, 0xff, 0xbf, 0xf7,
    0xff, 0xbf, 0xf7, 0xff, 0xbf, 0xf7, 0xff, 0xbf, 0xf7, 0xff, 0xbf, 0xf7, 0xff, 0xbf, 0xf7, 0xff,
    0xbf, 0xf7, 0xff, 0xbf, 0xf7, 0xff, 0xbf, 0xf7, 0xff, 0xbf, 0xf7, 0xff, 0xbf, 0xf7, 0xff, 0xbf,
    0xf7, 0xff, 0xbf, 0xf7, 0xff, 0xbf, 0xf7, 0xff, 0xbf, 0xf7, 0xff, 0xbf, 0xf7, 0xff, 0xbf, 0xf7,
    0xff, 0xbf, 0xf7, 0xff, 0xbf, 0xf7, 0xff, 0xbf, 0xf7, 0xff, 0xbf, 0xf7, 0xff, 0xbf, 0xf7, 0xff,
    0xbf, 0xf7, 0xff, 0xbf, 0xf7, 0xff, 0xbf, 0xf7, 0xff, 0xbf, 0xf7, 0xff, 0xbf, 0xf7, 0xff, 0xbf,
    0xf7, 0xff, 0xbf, 0xf7, 0xff, 0xbf, 0xf7, 0xff, 0xbf, 0xf7, 0xff, 0xbf, 0xf7, 0xff, 0xbf, 0xf7,
    0xff, 0xbf, 0xf7, 0xff, 0xbf, 0xf7, 0xff, 0xbf, 0xf7, 0xff, 0xbf, 0xf7, 0xff, 0xbf, 0xf7, 0xff,
    0xbf, 0xf7, 0xff, 0xbf, 0xf7, 0xff, 0xbf, 0xf7, 0xff, 0xbf, 0xf7, 0xff, 0xbf, 0xf7, 0xff, 0xbf,
    0xf7, 0xff, 0xbf, 0xf7, 0xff, 0xbf, 0xf7, 0xff, 0xbf, 0xf7, 0xff, 0xbf, 0xf7, 0xff, 0xbf, 0xf7,
    0xff, 0xbf, 0xf7, 0xff, 0xbf, 0xf7, 0xff, 0xbf, 0xf7, 0xff, 0xbf, 0xf7, 0xff, 0xbf, 0xf7, 0xff,
    0xbf, 0xf7, 0xff, 0xbf, 0xf7, 0xff, 0xbf, 0xf7, 0xff, 0xdf, 0xf7, 0xff, 0x9e, 0xf7, 0xff, 0x9b,
    0xce, 0xff, 0x7a, 0xc6, 0xff, 0x7a, 0xce, 0xff, 0x7a, 0xce, 0xff, 0x7a, 0xce, 0xff, 0x7a, 0xce,
    0xff, 0x7a, 0xce, 0xff, 0x7a, 0xce, 0xff, 0x7a, 0xce, 0xff, 0x7a, 0xce, 0xff, 0x7a, 0xce, 0xff,
    0x7a, 0xce, 0xff, 0x7a, 0xce, 0xff, 0x7a, 0xce, 0xff, 0x7a, 0xce, 0xff, 0x7a, 0xce, 0xff, 0x7a,
    0xce, 0xff, 0x7a, 0xce, 0xff, 0x7a, 0xce, 0xff, 0x7a, 0xce, 0xff, 0x7a, 0xce, 0xff, 0x7a, 0xce,
    0xff, 0x7a, 0xce, 0xff, 0x7a, 0xce, 0xff, 0x7a, 0xce, 0xff, 0x7a, 0xce, 0xff, 0x7a, 0xce, 0xff,
    0x7a, 0xce, 0xff, 0x7a, 0xce, 0xff, 0x7a, 0xce, 0xff, 0x7a, 0xce, 0xff, 0x7a, 0xce, 0xff, 0x7a,
    0xce, 0xff, 0x7a, 0xce, 0xff, 0x7a, 0xce, 0xff, 0x7a, 0xce, 0xff, 0x7a, 0xce, 0xff, 0x7a, 0xce,
    0xff, 0x7a, 0xce, 0xff, 0x7a, 0xce, 0xff, 0x7a, 0xce, 0xff, 0x7a, 0xce, 0xff, 0x7a, 0xce, 0xff,
    0x7a, 0xce, 0xff, 0x7a, 0xce, 0xff, 0x7a, 0xce, 0xff, 0x7a, 0xce, 0xff, 0x7a, 0xce, 0xff, 0x7a,
    0xce, 0xff, 0x7a, 0xce, 0xff, 0x7a, 0xce, 0xff, 0x7a, 0xce, 0xff, 0x7a, 0xce, 0xff, 0x7a, 0xce,
    0xff, 0x7a, 0xce, 0xff, 0x7a, 0xce, 0xff, 0x7a, 0xce, 0xff, 0x7a, 0xce, 0xff, 0x7a, 0xce, 0xff,
    0x7a, 0xce, 0xff, 0x7a, 0xce, 0xff, 0x5a, 0xc6, 0xff, 0x1d, 0xdf, 0xff, 0xdf, 0xff, 0xff, 0xbf,
    0xf7, 0xff, 0xbf, 0xf7, 0xff, 0xbf, 0xf7, 0xff, 0xbf, 0xf7, 0xff, 0xbf, 0xf7, 0xff, 0xbf, 0xf7,
    0xff, 0xbf, 0xf7, 0xff, 0xbf, 0xf7, 0xff, 0xbf, 0xf7, 0xff, 0xbf, 0xf7, 0xff, 0xbf, 0xf7, 0xff,
    0xbf, 0xf7, 0xff, 0xbf, 0xf7, 0xff, 0xbf, 0xf7, 0xff, 0xbf, 0xf7, 0xff, 0xbf, 0xf7, 0xff, 0xbf,
    0xf7, 0xff, 0xbf, 0xf7, 0xff, 0xbf, 0xf7, 0xff, 0xbf, 0xf7, 0xff, 0xbf, 0xf7, 0xff, 0xbf, 0xf7,
    0xff, 0xbf, 0xf7, 0xff, 0xbf, 0xf7, 0xff, 0xbf, 0xf7, 0xff, 0xbf, 0xf7, 0xff, 0xbf, 0xf7, 0xff,
    0xbf, 0xf7, 0xff, 0xbf, 0xf7, 0xff, 0xbf, 0xf7, 0xff, 0xbf, 0xf7, 0xff, 0xbf, 0xf7, 0xff, 0xbf,
    0xf7, 0xff, 0xbf, 0xf7, 0xff, 0xbf, 0xf7, 0xff, 0xbf, 0xf7, 0xff, 0xbf, 0xf7, 0xff, 0xbf, 0xf7,
    0xff, 0xbf, 0xf7, 0xff, 0xbf, 0xf7, 0xff, 0xbf, 0xf7, 0xff, 0xbf, 0xf7, 0xff, 0xbf, 0xf7, 0xff,
    0xbf, 0xf7, 0xff, 0xbf, 0xf7, 0xff, 0xbf, 0xf7, 0xff, 0xbf, 0xf7, 0xff, 0xbf, 0xf7, 0xff, 0xbf,
    0xf7, 0xff, 0xbf, 0xf7, 0xff, 0xbf, 0xf7, 0xff, 0xbf, 0xf7, 0xff, 0xbf, 0xf7, 0xff, 0xbf, 0xf7,
    0xff, 0xbf, 0xf7, 0xff, 0xbf, 0xf7, 0xff, 0xbf, 0xf7, 0xff, 0xbf, 0xf7, 0xff, 0xbf, 0xf7, 0xff,
    0xbf, 0xf7, 0xff, 0xbf, 0xf7, 0xff, 0xbf, 0xf7, 0xff, 0xbf, 0xf7, 0xff, 0xbf, 0xf7, 0xff, 0xbf,
    0xf7, 0xff, 0xbf, 0xf7, 0xff, 0xbf, 0xf7, 0xff, 0xbf, 0xf7, 0xff, 0xbf, 0xf7, 0xff, 0xbf, 0xf7,
    0xff, 0xbf, 0xf7, 0xff, 0xbf, 0xf7, 0xff, 0xbf, 0xf7, 0xff, 0xbf, 0xf7, 0xff, 0xbf, 0xf7, 0xff,
    0xbf, 0xf7, 0xff, 0xbf, 0xf7, 0xff, 0xbf, 0xf7, 0xff, 0xbf, 0xf7, 0xff, 0xbf, 0xf7, 0xff, 0xbf,
    0xf7, 0xff, 0xbf, 0xf7, 0xff, 0xbf, 0xf7, 0xff, 0xbf, 0xf7, 0xff, 0xbf, 0xf7, 0xff, 0xbf, 0xf7,
    0xff, 0xbf, 0xf7, 0xff, 0xbf, 0xf7, 0xff, 0xbf, 0xf7, 0xff, 0xbf, 0xf7, 0xff, 0xbf, 0xf7, 0xff,
    0xbf, 0xf7, 0xff, 0xbf, 0xf7, 0xff, 0xbf, 0xf7, 0xff, 0xbf, 0xf7, 0xff, 0xbf, 0xf7, 0xff, 0xbf,
    0xf7, 0xff, 0xbf, 0xf7, 0xff, 0xbf, 0xf7, 0xff, 0xbf, 0xf7, 0xff, 0xbf, 0xf7, 0xff, 0xbf, 0xf7,
    0xff, 0xbf, 0xf7, 0xff, 0xbf, 0xf7, 0xff, 0xbf, 0xf7, 0xff, 0xbf, 0xf7, 0xff, 0xbf, 0xf7, 0xff,
    0xbf, 0xf7, 0xff, 0xbf, 0xf7, 0xff, 0xbf, 0xf7, 0xff, 0xbf, 0xf7, 0xff, 0xbf, 0xf7, 0xff, 0xbf,
    0xf7, 0xff, 0xbf, 0xf7, 0xff, 0xdf, 0xf7, 0xff, 0x7e, 0xef, 0xff, 0x7a, 0xc6, 0xff, 0x7a, 0xce,
    0xff, 0x7a, 0xce, 0xff, 0x7a, 0xce, 0xff, 0x7a, 0xce, 0xff, 0x7a, 0xce, 0xff, 0x7a, 0xce, 0xff,
    0x7a, 0xce, 0xff, 0x7a, 0xce, 0xff, 0x7a, 0xce, 0xff, 0x7a, 0xce, 0xff, 0x7a, 0xce, 0xff, 0x7a,
    0xce, 0xff, 0x7a, 0xce, 0xff, 0x7a, 0xce, 0xff, 0x7a, 0xce, 0xff, 0x7a, 0xce, 0xff, 0x7a, 0xce,
    0xff, 0x7a, 0xce, 0xff, 0x7a, 0xce, 0xff, 0x7a, 0xce, 0xff, 0x7a, 0xce, 0xff, 0x7a, 0xce, 0xff,
    0x7a, 0xce, 0xff, 0x7a, 0xce, 0xff, 0x7a, 0xce, 0xff, 0x7a, 0xce, 0xff, 0x7a, 0xce, 0xff, 0x7a,
    0xce, 0xff, 0x7a, 0xce, 0xff, 0x7a, 0xce, 0xff, 0x7a, 0xce, 0xff, 0x7a, 0xce, 0xff, 0x7a, 0xce,
    0xff, 0x7a, 0xce, 0xff, 0x7a, 0xce, 0xff, 0x7a, 0xce, 0xff, 0x7a, 0xce, 0xff, 0x7a, 0xce, 0xff,
    0x7a, 0xce, 0xff, 0x7a, 0xce, 0xff, 0x7a, 0xce, 0xff, 0x7a, 0xce, 0xff, 0x7a, 0xce, 0xff, 0x7a,
    0xce, 0xff, 0x7a, 0xce, 0xff, 0x7a, 0xce, 0xff, 0x7a, 0xce, 0xff, 0x7a, 0xce, 0xff, 0x7a, 0xce,
    0xff, 0x7a, 0xce, 0xff, 0x7a, 0xce, 0xff, 0x7a, 0xce, 0xff, 0x7a, 0xce, 0xff, 0x7a, 0xce, 0xff,
    0x7a, 0xce, 0xff, 0x7a, 0xce, 0xff, 0x7a, 0xce, 0xff, 0x7a, 0xce, 0xff, 0x7a, 0xce, 0xff, 0x7a,
    0xce, 0xff, 0x7a, 0xc6, 0xff, 0xdb, 0xd6, 0xff, 0xdf, 0xf7, 0xff, 0xbf, 0xf7, 0xff, 0xbf, 0xf7,
    0xff, 0xbf, 0xf7, 0xff, 0xbf, 0xf7, 0xff, 0xbf, 0xf7, 0xff, 0xbf, 0xf7, 0xff, 0xbf, 0xf7, 0xff,
    0xbf, 0xf7, 0xff, 0xbf, 0xf7, 0xff, 0xbf, 0xf7, 0xff, 0xbf, 0xf7, 0xff, 0xbf, 0xf7, 0xff, 0xbf,
    0xf7, 0xff, 0xbf, 0xf7, 0xff, 0xbf, 0xf7, 0xff, 0xbf, 0xf7, 0xff, 0xbf, 0xf7, 0xff, 0xbf, 0xf7,
    0xff, 0xbf, 0xf7, 0xff, 0xbf, 0xf7, 0xff, 0xbf, 0xf7, 0xff, 0xbf, 0xf7, 0xff, 0xbf, 0xf7, 0xff,
    0xbf, 0xf7, 0xff, 0xbf, 0xf7, 0xff, 0xbf, 0xf7, 0xff, 0xbf, 0xf7, 0xff, 0xbf, 0xf7, 0xff, 0xbf,
    0xf7, 0xff, 0xbf, 0xf7, 0xff, 0xbf, 0xf7, 0xff, 0xbf, 0xf7, 0xff, 0xbf, 0xf7, 0xff, 0xbf, 0xf7,
    0xff, 0xbf, 0xf7, 0xff, 0xbf, 0xf7, 0xff, 0xbf, 0xf7, 0xff, 0xbf, 0xf7, 0xff, 0xbf, 0xf7, 0xff,
    0xbf, 0xf7, 0xff, 0xbf, 0xf7, 0xff, 0xbf, 0xf7, 0xff, 0xbf, 0xf7, 0xff, 0xbf, 0xf7, 0xff, 0xbf,
    0xf7, 0xff, 0xbf, 0xf7, 0xff, 0xbf, 0xf7, 0xff, 0xbf, 0xf7, 0xff, 0xbf, 0xf7, 0xff, 0xbf, 0xf7,
    0xff, 0xbf, 0xf7, 0xff, 0xbf, 0xf7, 0xff, 0xbf, 0xf7, 0xff, 0xbf, 0xf7, 0xff, 0xbf, 0xf7, 0xff,
    0xbf, 0xf7, 0xff, 0xbf, 0xf7, 0xff, 0xbf, 0xf7, 0xff, 0xbf, 0xf7, 0xff, 0xbf, 0xf7, 0xff, 0xbf,
    0xf7, 0xff, 0xbf, 0xf7, 0xff, 0xbf, 0xf7, 0xff, 0xbf, 0xf7, 0xff, 0xbf, 0xf7, 0xff, 0xbf, 0xf7,
    0xff, 0xbf, 0xf7, 0xff, 0xbf, 0xf7, 0xff, 0xbf, 0xf7, 0xff, 0xbf, 0xf7, 0xff, 0xbf, 0xf7, 0xff,
    0xbf, 0xf7, 0xff, 0xbf, 0xf7, 0xff, 0xbf, 0xf7, 0xff, 0xbf, 0xf7, 0xff, 0xbf, 0xf7, 0xff, 0xbf,
    0xf7, 0xff, 0xbf, 0xf7, 0xff, 0xbf, 0xf7, 0xff, 0xbf, 0xf7, 0xff, 0xbf, 0xf7, 0xff, 0xbf, 0xf7,
    0xff, 0xbf, 0xf7, 0xff, 0xbf, 0xf7, 0xff, 0xbf, 0xf7, 0xff, 0xbf, 0xf7, 0xff, 0xbf, 0xf7, 0xff,
    0xbf, 0xf7, 0xff, 0xbf, 0xf7, 0xff, 0xbf, 0xf7, 0xff, 0xbf, 0xf7, 0xff, 0xbf, 0xf7, 0xff, 0xbf,
    0xf7, 0xff, 0xbf, 0xf7, 0xff, 0xbf, 0xf7, 0xff, 0xbf, 0xf7, 0xff, 0xbf, 0xf7, 0xff, 0xbf, 0xf7,
    0xff, 0xbf, 0xf7, 0xff, 0xbf, 0xf7, 0xff, 0xbf, 0xf7, 0xff, 0xbf, 0xf7, 0xff, 0xbf, 0xf7, 0xff,
    0xbf, 0xf7, 0xff, 0xbf, 0xf7, 0xff, 0xbf, 0xf7, 0xff, 0xbf, 0xf7, 0xff, 0xbf, 0xf7, 0xff, 0xbf,
    0xf7, 0xff, 0xbf, 0xf7, 0xff, 0xbf, 0xf7, 0xff, 0xbf, 0xf7, 0xff, 0xbf, 0xf7, 0xff, 0xbf, 0xf7,
    0xff, 0xdf, 0xff, 0xff, 0x1d, 0xdf, 0xff, 0x5a, 0xc6, 0xff, 0x7a, 0xce, 0xff, 0x7a, 0xce, 0xff,
    0x7a, 0xce, 0xff, 0x7a, 0xce, 0xff, 0x7a, 0xce, 0xff, 0x7a, 0xce, 0xff, 0x7a, 0xce, 0xff, 0x7a,
    0xce, 0xff, 0x7a, 0xce, 0xff, 0x7a, 0xce, 0xff, 0x7a, 0xce, 0xff, 0x7a, 0xce, 0xff, 0x7a, 0xce,
    0xff, 0x7a, 0xce, 0xff, 0x7a, 0xce, 0xff, 0x7a, 0xce, 0xff, 0x7a, 0xce, 0xff, 0x7a, 0xce, 0xff,
    0x7a, 0xce, 0xff, 0x7a, 0xce, 0xff, 0x7a, 0xce, 0xff, 0x7a, 0xce, 0xff, 0x7a, 0xce, 0xff, 0x7a,
    0xce, 0xff, 0x7a, 0xce, 0xff, 0x7a, 0xce, 0xff, 0x7a, 0xce, 0xff, 0x7a, 0xce, 0xff, 0x7a, 0xce,
    0xff, 0x7a, 0xce, 0xff, 0x7a, 0xce, 0xff, 0x7a, 0xce, 0xff, 0x7a, 0xce, 0xff, 0x7a, 0xce, 0xff,
    0x7a, 0xce, 0xff, 0x7a, 0xce, 0xff, 0x7a, 0xce, 0xff, 0x7a, 0xce, 0xff, 0x7a, 0xce, 0xff, 0x7a,
    0xce, 0xff, 0x7a, 0xce, 0xff, 0x7a, 0xce, 0xff, 0x7a, 0xce, 0xff, 0x7a, 0xce, 0xff, 0x7a, 0xce,
    0xff, 0x7a, 0xce, 0xff, 0x7a, 0xce, 0xff, 0x7a, 0xce, 0xff, 0x7a, 0xce, 0xff, 0x7a, 0xce, 0xff,
    0x7a, 0xce, 0xff, 0x7a, 0xce, 0xff, 0x7a, 0xce, 0xff, 0x7a, 0xce, 0xff, 0x7a, 0xce, 0xff, 0x7a,
    0xce, 0xff, 0x7a, 0xce, 0xff, 0x7a, 0xce, 0xff, 0x7a, 0xce, 0xff, 0x7a, 0xce, 0xff, 0x7a, 0xc6,
    0xff, 0x9b, 0xce, 0xff, 0xbf, 0xf7, 0xff, 0xdf, 0xf7, 0xff, 0xbf, 0xf7, 0xff, 0xbf, 0xf7, 0xff,
    0xbf, 0xf7, 0xff, 0xbf, 0xf7, 0xff, 0xbf, 0xf7, 0xff, 0xbf, 0xf7, 0xff, 0xbf, 0xf7, 0xff, 0xbf,
    0xf7, 0xff, 0xbf, 0xf7, 0xff, 0xbf, 0xf7, 0xff, 0xbf, 0xf7, 0xff, 0xbf, 0xf7, 0xff, 0xbf, 0xf7,
    0xff, 0xbf, 0xf7, 0xff, 0xbf, 0xf7, 0xff, 0xbf, 0xf7, 0xff, 0xbf, 0xf7, 0xff, 0xbf, 0xf7, 0xff,
    0xbf, 0xf7, 0xff, 0xbf, 0xf7, 0xff, 0xbf, 0xf7, 0xff, 0xbf, 0xf7, 0xff, 0xbf, 0xf7, 0xff, 0xbf,
    0xf7, 0xff, 0xbf, 0xf7, 0xff, 0xbf, 0xf7, 0xff, 0xbf, 0xf7, 0xff, 0xbf, 0xf7, 0xff, 0xbf, 0xf7,
    0xff, 0xbf, 0xf7, 0xff, 0xbf, 0xf7, 0xff, 0xbf, 0xf7, 0xff, 0xbf, 0xf7, 0xff, 0xbf, 0xf7, 0xff,
    0xbf, 0xf7, 0xff, 0xbf, 0xf7, 0xff, 0xbf, 0xf7, 0xff, 0xbf, 0xf7, 0xff, 0xbf, 0xf7, 0xff, 0xbf,
    0xf7, 0xff, 0xbf, 0xf7, 0xff, 0xbf, 0xf7, 0xff, 0xbf, 0xf7, 0xff, 0xbf, 0xf7, 0xff, 0xbf, 0xf7,
    0xff, 0xbf, 0xf7, 0xff, 0xbf, 0xf7, 0xff, 0xbf, 0xf7, 0xff, 0xbf, 0xf7, 0xff, 0xbf, 0xf7, 0xff,
    0xbf, 0xf7, 0xff, 0xbf, 0xf7, 0xff, 0xbf, 0xf7, 0xff, 0xbf, 0xf7, 0xff, 0xbf, 0xf7, 0xff, 0xbf,
    0xf7, 0xff, 0xbf, 0xf7, 0xff, 0xbf, 0xf7, 0xff, 0xbf, 0xf7, 0xff, 0xbf, 0xf7, 0xff, 0xbf, 0xf7,
    0xff, 0xbf, 0xf7, 0xff, 0xbf, 0xf7, 0xff, 0xbf, 0xf7, 0xff, 0xbf, 0xf7, 0xff, 0xbf, 0xf7, 0xff,
    0xbf, 0xf7, 0xff, 0xbf, 0xf7, 0xff, 0xbf, 0xf7, 0xff, 0xbf, 0xf7, 0xff, 0xbf, 0xf7, 0xff, 0xbf,
    0xf7, 0xff, 0xbf, 0xf7, 0xff, 0xbf, 0xf7, 0xff, 0xbf, 0xf7, 0xff, 0xbf, 0xf7, 0xff, 0xbf, 0xf7,
    0xff, 0xbf, 0xf7, 0xff, 0xbf, 0xf7, 0xff, 0xbf, 0xf7, 0xff, 0xbf, 0xf7, 0xff, 0xbf, 0xf7, 0xff,
    0xbf, 0xf7, 0xff, 0xbf, 0xf7, 0xff, 0xbf, 0xf7, 0xff, 0xbf, 0xf7, 0xff, 0xbf, 0xf7, 0xff, 0xbf,
    0xf7, 0xff, 0xbf, 0xf7, 0xff, 0xbf, 0xf7, 0xff, 0xbf, 0xf7, 0xff, 0xbf, 0xf7, 0xff, 0xbf, 0xf7,
    0xff, 0xbf, 0xf7, 0xff, 0xbf, 0xf7, 0xff, 0xbf, 0xf7, 0xff, 0xbf, 0xf7, 0xff, 0xbf, 0xf7, 0xff,
    0xbf, 0xf7, 0xff, 0xbf, 0xf7, 0xff, 0xbf, 0xf7, 0xff, 0xbf, 0xf7, 0xff, 0xbf, 0xf7, 0xff, 0xbf,
    0xf7, 0xff, 0xbf, 0xf7, 0xff, 0xbf, 0xf7, 0xff, 0xbf, 0xf7, 0xff, 0xbf, 0xf7, 0xff, 0xbf, 0xf7,
    0xff, 0xbf, 0xf7, 0xff, 0xbf, 0xf7, 0xff, 0xbf, 0xf7, 0xff, 0xbf, 0xf7, 0xff, 0xdf, 0xf7, 0xff,
    0xdb, 0xd6, 0xff, 0x7a, 0xc6, 0xff, 0x7a, 0xce, 0xff, 0x7a, 0xce, 0xff, 0x7a, 0xce, 0xff, 0x7a,
    0xce, 0xff, 0x7a, 0xce, 0xff, 0x7a, 0xce, 0xff, 0x7a, 0xce, 0xff, 0x7a, 0xce, 0xff, 0x7a, 0xce,
    0xff, 0x7a, 0xce, 0xff, 0x7a, 0xce, 0xff, 0x7a, 0xce, 0xff, 0x7a, 0xce, 0xff, 0x7a, 0xce, 0xff,
    0x7a, 0xce, 0xff, 0x7a, 0xce, 0xff, 0x7a, 0xce, 0xff, 0x7a, 0xce, 0xff, 0x7a, 0xce, 0xff, 0x7a,
    0xce, 0xff, 0x7a, 0xce, 0xff, 0x7a, 0xce, 0xff, 0x7a, 0xce, 0xff, 0x7a, 0xce, 0xff, 0x7a, 0xce,
    0xff, 0x7a, 0xce, 0xff, 0x7a, 0xce, 0xff, 0x7a, 0xce, 0xff, 0x7a, 0xce, 0xff, 0x7a, 0xce, 0xff,
    0x7a, 0xce, 0xff, 0x7a, 0xce, 0xff, 0x7a, 0xce, 0xff, 0x7a, 0xce, 0xff, 0x7a, 0xce, 0xff, 0x7a,
    0xce, 0xff, 0x7a, 0xce, 0xff, 0x7a, 0xce, 0xff, 0x7a, 0xce, 0xff, 0x7a, 0xce, 0xff, 0x7a, 0xce,
    0xff, 0x7a, 0xce, 0xff, 0x7a, 0xce, 0xff, 0x7a, 0xce, 0xff, 0x7a, 0xce, 0xff, 0x7a, 0xce, 0xff,
    0x7a, 0xce, 0xff, 0x7a, 0xce, 0xff, 0x7a, 0xce, 0xff, 0x7a, 0xce, 0xff, 0x7a, 0xce, 0xff, 0x7a,
    0xce, 0xff, 0x7a, 0xce, 0xff, 0x7a, 0xce, 0xff, 0x7a, 0xce, 0xff, 0x7a, 0xce, 0xff, 0x7a, 0xce,
    0xff, 0x7a, 0xce, 0xff, 0x7a, 0xce, 0xff, 0x7a, 0xce, 0xff, 0x7a, 0xce, 0xff, 0x7a, 0xc6, 0xff,
    0x5d, 0xe7, 0xff, 0xdf, 0xf7, 0xff, 0xbf, 0xf7, 0xff, 0xbf, 0xf7, 0xff, 0xbf, 0xf7, 0xff, 0xbf,
    0xf7, 0xff, 0xbf, 0xf7, 0xff, 0xbf, 0xf7, 0xff, 0xbf, 0xf7, 0xff, 0xbf, 0xf7, 0xff, 0xbf, 0xf7,
    0xff, 0xbf, 0xf7, 0xff, 0xbf, 0xf7, 0xff, 0xbf, 0xf7, 0xff, 0xbf, 0xf7, 0xff, 0xbf, 0xf7, 0xff,
    0xbf, 0xf7, 0xff, 0xbf, 0xf7, 0xff, 0xbf, 0xf7, 0xff, 0xbf, 0xf7, 0xff, 0xbf, 0xf7, 0xff, 0xbf,
    0xf7, 0xff, 0xbf, 0xf7, 0xff, 0xbf, 0xf7, 0xff, 0xbf, 0xf7, 0xff, 0xbf, 0xf7, 0xff, 0xbf, 0xf7,
    0xff, 0xbf, 0xf7, 0xff, 0xbf, 0xf7, 0xff, 0xbf, 0xf7, 0xff, 0xbf, 0xf7, 0xff, 0xbf, 0xf7, 0xff,
    0xbf, 0xf7, 0xff, 0xbf, 0xf7, 0xff, 0xbf, 0xf7, 0xff, 0xbf, 0xf7, 0xff, 0xbf, 0xf7, 0xff, 0xbf,
    0xf7, 0xff, 0xbf, 0xf7, 0xff, 0xbf, 0xf7, 0xff, 0xbf, 0xf7, 0xff, 0xbf, 0xf7, 0xff, 0xbf, 0xf7,
    0xff, 0xbf, 0xf7, 0xff, 0xbf, 0xf7, 0xff, 0xbf, 0xf7, 0xff, 0xbf, 0xf7, 0xff, 0xbf, 0xf7, 0xff,
    0xbf, 0xf7, 0xff, 0xbf, 0xf7, 0xff, 0xbf, 0xf7, 0xff, 0xbf, 0xf7, 0xff, 0xbf, 0xf7, 0xff, 0xbf,
    0xf7, 0xff, 0xbf, 0xf7, 0xff, 0xbf, 0xf7, 0xff, 0xbf, 0xf7, 0xff, 0xbf, 0xf7, 0xff, 0xbf, 0xf7,
    0xff, 0xbf, 0xf7, 0xff, 0xbf, 0xf7, 0xff, 0xbf, 0xf7, 0xff, 0xbf, 0xf7, 0xff, 0xbf, 0xf7, 0xff,
    0xbf, 0xf7, 0xff, 0xbf, 0xf7, 0xff, 0xbf, 0xf7, 0xff, 0xbf, 0xf7, 0xff, 0xbf, 0xf7, 0xff, 0xbf,
    0xf7, 0xff, 0xbf, 0xf7, 0xff, 0xbf, 0xf7, 0xff, 0xbf, 0xf7, 0xff, 0xbf, 0xf7, 0xff, 0xbf, 0xf7,
    0xff, 0xbf, 0xf7, 0xff, 0xbf, 0xf7, 0xff, 0xbf, 0xf7, 0xff, 0xbf, 0xf7, 0xff, 0xbf, 0xf7, 0xff,
    0xbf, 0xf7, 0xff, 0xbf, 0xf7, 0xff, 0xbf, 0xf7, 0xff, 0xbf, 0xf7, 0xff, 0xbf, 0xf7, 0xff, 0xbf,
    0xf7, 0xff, 0xbf, 0xf7, 0xff, 0xbf, 0xf7, 0xff, 0xbf, 0xf7, 0xff, 0xbf, 0xf7, 0xff, 0xbf, 0xf7,
    0xff, 0xbf, 0xf7, 0xff, 0xbf, 0xf7, 0xff, 0xbf, 0xf7, 0xff, 0xbf, 0xf7, 0xff, 0xbf, 0xf7, 0xff,
    0xbf, 0xf7, 0xff, 0xbf, 0xf7, 0xff, 0xbf, 0xf7, 0xff, 0xbf, 0xf7, 0xff, 0xbf, 0xf7, 0xff, 0xbf,
    0xf7, 0xff, 0xbf, 0xf7, 0xff, 0xbf, 0xf7, 0xff, 0xbf, 0xf7, 0xff, 0xbf, 0xf7, 0xff, 0xbf, 0xf7,
    0xff, 0xbf, 0xf7, 0xff, 0xbf, 0xf7, 0xff, 0xbf, 0xf7, 0xff, 0xbf, 0xf7, 0xff, 0xbf, 0xf7, 0xff,
    0xbf, 0xf7, 0xff, 0xbf, 0xf7, 0xff, 0xdf, 0xf7, 0xff, 0x9e, 0xf7, 0xff, 0x9a, 0xce, 0xff, 0x7a,
    0xc6, 0xff, 0x7a, 0xce, 0xff, 0x7a, 0xce, 0xff, 0x7a, 0xce, 0xff, 0x7a, 0xce, 0xff, 0x7a, 0xce,
    0xff, 0x7a, 0xce, 0xff, 0x7a, 0xce, 0xff, 0x7a, 0xce, 0xff, 0x7a, 0xce, 0xff, 0x7a, 0xce, 0xff,
    0x7a, 0xce, 0xff, 0x7a, 0xce, 0xff, 0x7a, 0xce, 0xff, 0x7a, 0xce, 0xff, 0x7a, 0xce, 0xff, 0x7a,
    0xce, 0xff, 0x7a, 0xce, 0xff, 0x7a, 0xce, 0xff, 0x7a, 0xce, 0xff, 0x7a, 0xce, 0xff, 0x7a, 0xce,
    0xff, 0x7a, 0xce, 0xff, 0x7a, 0xce, 0xff, 0x7a, 0xce, 0xff, 0x7a, 0xce, 0xff, 0x7a, 0xce, 0xff,
    0x7a, 0xce, 0xff, 0x7a, 0xce, 0xff, 0x7a, 0xce, 0xff, 0x7a, 0xce, 0xff, 0x7a, 0xce, 0xff, 0x7a,
    0xce, 0xff, 0x7a, 0xce, 0xff, 0x7a, 0xce, 0xff, 0x7a, 0xce, 0xff, 0x7a, 0xce, 0xff, 0x7a, 0xce,
    0xff, 0x7a, 0xce, 0xff, 0x7a, 0xce, 0xff, 0x7a, 0xce, 0xff, 0x7a, 0xce, 0xff, 0x7a, 0xce, 0xff,
    0x7a, 0xce, 0xff, 0x7a, 0xce, 0xff, 0x7a, 0xce, 0xff, 0x7a, 0xce, 0xff, 0x7a, 0xce, 0xff, 0x7a,
    0xce, 0xff, 0x7a, 0xce, 0xff, 0x7a, 0xce, 0xff, 0x7a, 0xce, 0xff, 0x7a, 0xce, 0xff, 0x7a, 0xce,
    0xff, 0x7a, 0xce, 0xff, 0x7a, 0xce, 0xff, 0x7a, 0xce, 0xff, 0x7a, 0xce, 0xff, 0x7a, 0xce, 0xff,
    0x7a, 0xce, 0xff, 0x7a, 0xce, 0xff, 0x7a, 0xce, 0xff, 0x5a, 0xc6, 0xff, 0x1c, 0xdf, 0xff, 0xdf,
    0xff, 0xff, 0xbf, 0xf7, 0xff, 0xbf, 0xf7, 0xff, 0xbf, 0xf7, 0xff, 0xbf, 0xf7, 0xff, 0xbf, 0xf7,
    0xff, 0xbf, 0xf7, 0xff, 0xbf, 0xf7, 0xff, 0xbf, 0xf7, 0xff, 0xbf, 0xf7, 0xff, 0xbf, 0xf7, 0xff,
    0xbf, 0xf7, 0xff, 0xbf, 0xf7, 0xff, 0xbf, 0xf7, 0xff, 0xbf, 0xf7, 0xff, 0xbf, 0xf7, 0xff, 0xbf,
    0xf7, 0xff, 0xbf, 0xf7, 0xff, 0xbf, 0xf7, 0xff, 0xbf, 0xf7, 0xff, 0xbf, 0xf7, 0xff, 0xbf, 0xf7,
    0xff, 0xbf, 0xf7, 0xff, 0xbf, 0xf7, 0xff, 0xbf, 0xf7, 0xff, 0xbf, 0xf7, 0xff, 0xbf, 0xf7, 0xff,
    0xbf, 0xf7, 0xff, 0xbf, 0xf7, 0xff, 0xbf, 0xf7, 0xff, 0xbf, 0xf7, 0xff, 0xbf, 0xf7, 0xff, 0xbf,
    0xf7, 0xff, 0xbf, 0xf7, 0xff, 0xbf, 0xf7, 0xff, 0xbf, 0xf7, 0xff, 0xbf, 0xf7, 0xff, 0xbf, 0xf7,
    0xff, 0xbf, 0xf7, 0xff, 0xbf, 0xf7, 0xff, 0xbf, 0xf7, 0xff, 0xbf, 0xf7, 0xff, 0xbf, 0xf7, 0xff,
    0xbf, 0xf7, 0xff, 0xbf, 0xf7, 0xff, 0xbf, 0xf7, 0xff, 0xbf, 0xf7, 0xff, 0xbf, 0xf7, 0xff, 0xbf,
    0xf7, 0xff, 0xbf, 0xf7, 0xff, 0xbf, 0xf7, 0xff, 0xbf, 0xf7, 0xff, 0xbf, 0xf7, 0xff, 0xbf, 0xf7,
    0xff, 0xbf, 0xf7, 0xff, 0xbf, 0xf7, 0xff, 0xbf, 0xf7, 0xff, 0xbf, 0xf7, 0xff, 0xbf, 0xf7, 0xff,
    0xbf, 0xf7, 0xff, 0xbf, 0xf7, 0xff, 0xbf, 0xf7, 0xff, 0xbf, 0xf7, 0xff, 0xbf, 0xf7, 0xff, 0xbf,
    0xf7, 0xff, 0xbf, 0xf7, 0xff, 0xbf, 0xf7, 0xff, 0xbf, 0xf7, 0xff, 0xbf, 0xf7, 0xff, 0xbf, 0xf7,
    0xff, 0xbf, 0xf7, 0xff, 0xbf, 0xf7, 0xff, 0xbf, 0xf7, 0xff, 0xbf, 0xf7, 0xff, 0xbf, 0xf7, 0xff,
    0xbf, 0xf7, 0xff, 0xbf, 0xf7, 0xff, 0xbf, 0xf7, 0xff, 0xbf, 0xf7, 0xff, 0xbf, 0xf7, 0xff, 0xbf,
    0xf7, 0xff, 0xbf, 0xf7, 0xff, 0xbf, 0xf7, 0xff, 0xbf, 0xf7, 0xff, 0xbf, 0xf7, 0xff, 0xbf, 0xf7,
    0xff, 0xbf, 0xf7, 0xff, 0xbf, 0xf7, 0xff, 0xbf, 0xf7, 0xff, 0xbf, 0xf7, 0xff, 0xbf, 0xf7, 0xff,
    0xbf, 0xf7, 0xff, 0xbf, 0xf7, 0xff, 0xbf, 0xf7, 0xff, 0xbf, 0xf7, 0xff, 0xbf, 0xf7, 0xff, 0xbf,
    0xf7, 0xff, 0xbf, 0xf7, 0xff, 0xbf, 0xf7, 0xff, 0xbf, 0xf7, 0xff, 0xbf, 0xf7, 0xff, 0xbf, 0xf7,
    0xff, 0xbf, 0xf7, 0xff, 0xbf, 0xf7, 0xff, 0xbf, 0xf7, 0xff, 0xbf, 0xf7, 0xff, 0xbf, 0xf7, 0xff,
    0xbf, 0xf7, 0xff, 0xbf, 0xf7, 0xff, 0xbf, 0xf7, 0xff, 0xbf, 0xf7, 0xff, 0xbf, 0xf7, 0xff, 0xbf,
    0xf7, 0xff, 0xdf, 0xf7, 0xff, 0x5d, 0xe7, 0xff, 0x5a, 0xc6, 0xff, 0x7a, 0xce, 0xff, 0x7a, 0xce,
    0xff, 0x7a, 0xce, 0xff, 0x7a, 0xce, 0xff, 0x7a, 0xce, 0xff, 0x7a, 0xce, 0xff, 0x7a, 0xce, 0xff,
    0x7a, 0xce, 0xff, 0x7a, 0xce, 0xff, 0x7a, 0xce, 0xff, 0x7a, 0xce, 0xff, 0x7a, 0xce, 0xff, 0x7a,
    0xce, 0xff, 0x7a, 0xce, 0xff, 0x7a, 0xce, 0xff, 0x7a, 0xce, 0xff, 0x7a, 0xce, 0xff, 0x7a, 0xce,
    0xff, 0x7a, 0xce, 0xff, 0x7a, 0xce, 0xff, 0x7a, 0xce, 0xff, 0x7a, 0xce, 0xff, 0x7a, 0xce, 0xff,
    0x7a, 0xce, 0xff, 0x7a, 0xce, 0xff, 0x7a, 0xce, 0xff, 0x7a, 0xce, 0xff, 0x7a, 0xce, 0xff, 0x7a,
    0xce, 0xff, 0x7a, 0xce, 0xff, 0x7a, 0xce, 0xff, 0x7a, 0xce, 0xff, 0x7a, 0xce, 0xff, 0x7a, 0xce,
    0xff, 0x7a, 0xce, 0xff, 0x7a, 0xce, 0xff, 0x7a, 0xce, 0xff, 0x7a, 0xce, 0xff, 0x7a, 0xce, 0xff,
    0x7a, 0xce, 0xff, 0x7a, 0xce, 0xff, 0x7a, 0xce, 0xff, 0x7a, 0xce, 0xff, 0x7a, 0xce, 0xff, 0x7a,
    0xce, 0xff, 0x7a, 0xce, 0xff, 0x7a, 0xce, 0xff, 0x7a, 0xce, 0xff, 0x7a, 0xce, 0xff, 0x7a, 0xce,
    0xff, 0x7a, 0xce, 0xff, 0x7a, 0xce, 0xff, 0x7a, 0xce, 0xff, 0x7a, 0xce, 0xff, 0x7a, 0xce, 0xff,
    0x7a, 0xce, 0xff, 0x7a, 0xce, 0xff, 0x7a, 0xce, 0xff, 0x7a, 0xce, 0xff, 0x7a, 0xce, 0xff, 0x7a,
    0xce, 0xff, 0x7a, 0xce, 0xff, 0x7a, 0xc6, 0xff, 0xbb, 0xce, 0xff, 0xbf, 0xf7, 0xff, 0xdf, 0xf7,
    0xff, 0xbf, 0xf7, 0xff, 0xbf, 0xf7, 0xff, 0xbf, 0xf7, 0xff, 0xbf, 0xf7, 0xff, 0xbf, 0xf7, 0xff,
    0xbf, 0xf7, 0xff, 0xbf, 0xf7, 0xff, 0xbf, 0xf7, 0xff, 0xbf, 0xf7, 0xff, 0xbf, 0xf7, 0xff, 0xbf,
    0xf7, 0xff, 0xbf, 0xf7, 0xff, 0xbf, 0xf7, 0xff, 0xbf, 0xf7, 0xff, 0xbf, 0xf7, 0xff, 0xbf, 0xf7,
    0xff, 0xbf, 0xf7, 0xff, 0xbf, 0xf7, 0xff, 0xbf, 0xf7, 0xff, 0xbf, 0xf7, 0xff, 0xbf, 0xf7, 0xff,
    0xbf, 0xf7, 0xff, 0xbf, 0xf7, 0xff, 0xbf, 0xf7, 0xff, 0xbf, 0xf7, 0xff, 0xbf, 0xf7, 0xff, 0xbf,
    0xf7, 0xff, 0xbf, 0xf7, 0xff, 0xbf, 0xf7, 0xff, 0xbf, 0xf7, 0xff, 0xbf, 0xf7, 0xff, 0xbf, 0xf7,
    0xff, 0xbf, 0xf7, 0xff, 0xbf, 0xf7, 0xff, 0xbf, 0xf7, 0xff, 0xbf, 0xf7, 0xff, 0xbf, 0xf7, 0xff,
    0xbf, 0xf7, 0xff, 0xbf, 0xf7, 0xff, 0xbf, 0xf7, 0xff, 0xbf, 0xf7, 0xff, 0xbf, 0xf7, 0xff, 0xbf,
    0xf7, 0xff, 0xbf, 0xf7, 0xff, 0xbf, 0xf7, 0xff, 0xbf, 0xf7, 0xff, 0xbf, 0xf7, 0xff, 0xbf, 0xf7,
    0xff, 0xbf, 0xf7, 0xff, 0xbf, 0xf7, 0xff, 0xbf, 0xf7, 0xff, 0xbf, 0xf7, 0xff, 0xbf, 0xf7, 0xff,
    0xbf, 0xf7, 0xff, 0xbf, 0xf7, 0xff, 0xbf, 0xf7, 0xff, 0xbf, 0xf7, 0xff, 0xbf, 0xf7, 0xff, 0xbf,
    0xf7, 0xff, 0xbf, 0xf7, 0xff, 0xbf, 0xf7, 0xff, 0xbf, 0xf7, 0xff, 0xbf, 0xf7, 0xff, 0xbf, 0xf7,
    0xff, 0xbf, 0xf7, 0xff, 0xbf, 0xf7, 0xff, 0xbf, 0xf7, 0xff, 0xbf, 0xf7, 0xff, 0xbf, 0xf7, 0xff,
    0xbf, 0xf7, 0xff, 0xbf, 0xf7, 0xff, 0xbf, 0xf7, 0xff, 0xbf, 0xf7, 0xff, 0xbf, 0xf7, 0xff, 0xbf,
    0xf7, 0xff, 0xbf, 0xf7, 0xff, 0xbf, 0xf7, 0xff, 0xbf, 0xf7, 0xff, 0xbf, 0xf7, 0xff, 0xbf, 0xf7,
    0xff, 0xbf, 0xf7, 0xff, 0xbf, 0xf7, 0xff, 0xbf, 0xf7, 0xff, 0xbf, 0xf7, 0xff, 0xbf, 0xf7, 0xff,
    0xbf, 0xf7, 0xff, 0xbf, 0xf7, 0xff, 0xbf, 0xf7, 0xff, 0xbf, 0xf7, 0xff, 0xbf, 0xf7, 0xff, 0xbf,
    0xf7, 0xff, 0xbf, 0xf7, 0xff, 0xbf, 0xf7, 0xff, 0xbf, 0xf7, 0xff, 0xbf, 0xf7, 0xff, 0xbf, 0xf7,
    0xff, 0xbf, 0xf7, 0xff, 0xbf, 0xf7, 0xff, 0xbf, 0xf7, 0xff, 0xbf, 0xf7, 0xff, 0xbf, 0xf7, 0xff,
    0xbf, 0xf7, 0xff, 0xbf, 0xf7, 0xff, 0xbf, 0xf7, 0xff, 0xbf, 0xf7, 0xff, 0xbf, 0xf7, 0xff, 0xbf,
    0xf7, 0xff, 0xbf, 0xf7, 0xff, 0xbf, 0xf7, 0xff, 0xbf, 0xf7, 0xff, 0xbf, 0xf7, 0xff, 0xdf, 0xff,
    0xff, 0xfc, 0xde, 0xff, 0x7a, 0xc6, 0xff, 0x7a, 0xce, 0xff, 0x7a, 0xce, 0xff, 0x7a, 0xce, 0xff,
    0x7a, 0xce, 0xff, 0x7a, 0xce, 0xff, 0x7a, 0xce, 0xff, 0x7a, 0xce, 0xff, 0x7a, 0xce, 0xff, 0x7a,
    0xce, 0xff, 0x7a, 0xce, 0xff, 0x7a, 0xce, 0xff, 0x7a, 0xce, 0xff, 0x7a, 0xce, 0xff, 0x7a, 0xce,
    0xff, 0x7a, 0xce, 0xff, 0x7a, 0xce, 0xff, 0x7a, 0xce, 0xff, 0x7a, 0xce, 0xff, 0x7a, 0xce, 0xff,
    0x7a, 0xce, 0xff, 0x7a, 0xce, 0xff, 0x7a, 0xce, 0xff, 0x7a, 0xce, 0xff, 0x7a, 0xce, 0xff, 0x7a,
    0xce, 0xff, 0x7a, 0xce, 0xff, 0x7a, 0xce, 0xff, 0x7a, 0xce, 0xff, 0x7a, 0xce, 0xff, 0x7a, 0xce,
    0xff, 0x7a, 0xce, 0xff, 0x7a, 0xce, 0xff, 0x7a, 0xce, 0xff, 0x7a, 0xce, 0xff, 0x7a, 0xce, 0xff,
    0x7a, 0xce, 0xff, 0x7a, 0xce, 0xff, 0x7a, 0xce, 0xff, 0x7a, 0xce, 0xff, 0x7a, 0xce, 0xff, 0x7a,
    0xce, 0xff, 0x7a, 0xce, 0xff, 0x7a, 0xce, 0xff, 0x7a, 0xce, 0xff, 0x7a, 0xce, 0xff, 0x7a, 0xce,
    0xff, 0x7a, 0xce, 0xff, 0x7a, 0xce, 0xff, 0x7a, 0xce, 0xff, 0x7a, 0xce, 0xff, 0x7a, 0xce, 0xff,
    0x7a, 0xce, 0xff, 0x7a, 0xce, 0xff, 0x7a, 0xce, 0xff, 0x7a, 0xce, 0xff, 0x7a, 0xce, 0xff, 0x7a,
    0xce, 0xff, 0x7a, 0xce, 0xff, 0x7a, 0xce, 0xff, 0x7a, 0xce, 0xff, 0x7a, 0xce, 0xff, 0x7a, 0xce,
    0xff, 0x7a, 0xce, 0xff, 0x7a, 0xc6, 0xff, 0x7e, 0xef, 0xff, 0xdf, 0xf7, 0xff, 0xbf, 0xf7, 0xff,
    0xbf, 0xf7, 0xff, 0xbf, 0xf7, 0xff, 0xbf, 0xf7, 0xff, 0xbf, 0xf7, 0xff, 0xbf, 0xf7, 0xff, 0xbf,
    0xf7, 0xff, 0xbf, 0xf7, 0xff, 0xbf, 0xf7, 0xff, 0xbf, 0xf7, 0xff, 0xbf, 0xf7, 0xff, 0xbf, 0xf7,
    0xff, 0xbf, 0xf7, 0xff, 0xbf, 0xf7, 0xff, 0xbf, 0xf7, 0xff, 0xbf, 0xf7, 0xff, 0xbf, 0xf7, 0xff,
    0xbf, 0xf7, 0xff, 0xbf, 0xf7, 0xff, 0xbf, 0xf7, 0xff, 0xbf, 0xf7, 0xff, 0xbf, 0xf7, 0xff, 0xbf,
    0xf7, 0xff, 0xbf, 0xf7, 0xff, 0xbf, 0xf7, 0xff, 0xbf, 0xf7, 0xff, 0xbf, 0xf7, 0xff, 0xbf, 0xf7,
    0xff, 0xbf, 0xf7, 0xff, 0xbf, 0xf7, 0xff, 0xbf, 0xf7, 0xff, 0xbf, 0xf7, 0xff, 0xbf, 0xf7, 0xff,
    0xbf, 0xf7, 0xff, 0xbf, 0xf7, 0xff, 0xbf, 0xf7, 0xff, 0xbf, 0xf7, 0xff, 0xbf, 0xf7, 0xff, 0xbf,
    0xf7, 0xff, 0xbf, 0xf7, 0xff, 0xbf, 0xf7, 0xff, 0xbf, 0xf7, 0xff, 0xbf, 0xf7, 0xff, 0xbf, 0xf7,
    0xff, 0xbf, 0xf7, 0xff, 0xbf, 0xf7, 0xff, 0xbf, 0xf7, 0xff, 0xbf, 0xf7, 0xff, 0xbf, 0xf7, 0xff,
    0xbf, 0xf7, 0xff, 0xbf, 0xf7, 0xff, 0xbf, 0xf7, 0xff, 0xbf, 0xf7, 0xff, 0xbf, 0xf7, 0xff, 0xbf,
    0xf7, 0xff, 0xbf, 0xf7, 0xff, 0xbf, 0xf7, 0xff, 0xbf, 0xf7, 0xff, 0xbf, 0xf7, 0xff, 0xbf, 0xf7,
    0xff, 0xbf, 0xf7, 0xff, 0xbf, 0xf7, 0xff, 0xbf, 0xf7, 0xff, 0xbf, 0xf7, 0xff, 0xbf, 0xf7, 0xff,
    0xbf, 0xf7, 0xff, 0xbf, 0xf7, 0xff, 0xbf, 0xf7, 0xff, 0xbf, 0xf7, 0xff, 0xbf, 0xf7, 0xff, 0xbf,
    0xf7, 0xff, 0xbf, 0xf7, 0xff, 0xbf, 0xf7, 0xff, 0xbf, 0xf7, 0xff, 0xbf, 0xf7, 0xff, 0xbf, 0xf7,
    0xff, 0xbf, 0xf7, 0xff, 0xbf, 0xf7, 0xff, 0xbf, 0xf7, 0xff, 0xbf, 0xf7, 0xff, 0xbf, 0xf7, 0xff,
    0xbf, 0xf7, 0xff, 0xbf, 0xf7, 0xff, 0xbf, 0xf7, 0xff, 0xbf, 0xf7, 0xff, 0xbf, 0xf7, 0xff, 0xbf,
    0xf7, 0xff, 0xbf, 0xf7, 0xff, 0xbf, 0xf7, 0xff, 0xbf, 0xf7, 0xff, 0xbf, 0xf7, 0xff, 0xbf, 0xf7,
    0xff, 0xbf, 0xf7, 0xff, 0xbf, 0xf7, 0xff, 0xbf, 0xf7, 0xff, 0xbf, 0xf7, 0xff, 0xbf, 0xf7, 0xff,
    0xbf, 0xf7, 0xff, 0xbf, 0xf7, 0xff, 0xbf, 0xf7, 0xff, 0xbf, 0xf7, 0xff, 0xbf, 0xf7, 0xff, 0xbf,
    0xf7, 0xff, 0xbf, 0xf7, 0xff, 0xbf, 0xf7, 0xff, 0xbf, 0xf7, 0xff, 0xbf, 0xf7, 0xff, 0xbf, 0xf7,
    0xff, 0xbf, 0xf7, 0xff, 0xbf, 0xf7, 0xff, 0xdf, 0xf7, 0xff, 0xbf, 0xf7, 0xff, 0x9b, 0xce, 0xff,
    0x7a, 0xc6, 0xff, 0x7a, 0xce, 0xff, 0x7a, 0xce, 0xff, 0x7a, 0xce, 0xff, 0x7a, 0xce, 0xff, 0x7a,
    0xce, 0xff, 0x7a, 0xce, 0xff, 0x7a, 0xce, 0xff, 0x7a, 0xce, 0xff, 0x7a, 0xce, 0xff, 0x7a, 0xce,
    0xff, 0x7a, 0xce, 0xff, 0x7a, 0xce, 0xff, 0x7a, 0xce, 0xff, 0x7a, 0xce, 0xff, 0x7a, 0xce, 0xff,
    0x7a, 0xce, 0xff, 0x7a, 0xce, 0xff, 0x7a, 0xce, 0xff, 0x7a, 0xce, 0xff, 0x7a, 0xce, 0xff, 0x7a,
    0xce, 0xff, 0x7a, 0xce, 0xff, 0x7a, 0xce, 0xff, 0x7a, 0xce, 0xff, 0x7a, 0xce, 0xff, 0x7a, 0xce,
    0xff, 0x7a, 0xce, 0xff, 0x7a, 0xce, 0xff, 0x7a, 0xce, 0xff, 0x7a, 0xce, 0xff, 0x7a, 0xce, 0xff,
};

const lv_img_dsc_t profile_pic = {
    .header.cf = LV_IMG_CF_TRUE_COLOR_ALPHA,
    .header.always_zero = 0,
    .header.reserved = 0,
    .header.w = 180,
    .header.h = 180,
    .data_size = 97200,
    .data = profile_pic_map,
};
#endif
